# Generated by the TriMeshRef class
# Number of vertices: 12027
# Number of faces: 13484
v -0.39769534780467197 -0.075677686291793098 0.12977309739527201
v -0.37905453000439399 -0.075677686291793098 0.12977309739527201
v -0.37905453000439399 -0.057036868491515 0.12977309739527201
v -0.39769534780467197 -0.057036868491515 0.12977309739527201
v -0.39769534780467197 -0.075677686291793098 0.14841391519555
v -0.37905453000439399 -0.075677686291793098 0.14841391519555
v -0.37905453000439399 -0.057036868491515 0.14841391519555
v -0.39769534780467197 -0.057036868491515 0.14841391519555
v -0.37905453000439399 -0.094318504092071306 0.14841391519555
v -0.360413712204115 -0.094318504092071306 0.14841391519555
v -0.360413712204115 -0.075677686291793098 0.14841391519555
v -0.37905453000439399 -0.094318504092071306 0.16705473299582799
v -0.360413712204115 -0.094318504092071306 0.16705473299582799
v -0.360413712204115 -0.075677686291793098 0.16705473299582799
v -0.37905453000439399 -0.075677686291793098 0.16705473299582799
v -0.360413712204115 -0.075677686291793098 0.12977309739527201
v -0.360413712204115 -0.057036868491515 0.12977309739527201
v -0.360413712204115 -0.057036868491515 0.14841391519555
v -0.360413712204115 -0.057036868491515 0.16705473299582799
v -0.37905453000439399 -0.057036868491515 0.16705473299582799
v -0.37905453000439399 0.036167220509875801 0.092491461794715193
v -0.360413712204115 0.036167220509875801 0.092491461794715193
v -0.360413712204115 0.054808038310153899 0.092491461794715193
v -0.37905453000439399 0.054808038310153899 0.092491461794715193
v -0.37905453000439399 0.036167220509875801 0.111132279594993
v -0.360413712204115 0.036167220509875801 0.111132279594993
v -0.360413712204115 0.054808038310153899 0.111132279594993
v -0.37905453000439399 0.054808038310153899 0.111132279594993
v -0.37905453000439399 0.036167220509875801 0.12977309739527201
v -0.360413712204115 0.036167220509875801 0.12977309739527201
v -0.360413712204115 0.054808038310153899 0.12977309739527201
v -0.37905453000439399 0.054808038310153899 0.12977309739527201
v -0.360413712204115 0.073448856110432101 0.092491461794715193
v -0.37905453000439399 0.073448856110432101 0.092491461794715193
v -0.360413712204115 0.073448856110432101 0.111132279594993
v -0.37905453000439399 0.073448856110432101 0.111132279594993
v -0.360413712204115 -0.094318504092071306 0.12977309739527201
v -0.34177289440383701 -0.094318504092071306 0.12977309739527201
v -0.34177289440383701 -0.075677686291793098 0.12977309739527201
v -0.34177289440383701 -0.094318504092071306 0.14841391519555
v -0.34177289440383701 -0.075677686291793098 0.14841391519555
v -0.34177289440383701 -0.094318504092071306 0.16705473299582799
v -0.34177289440383701 -0.075677686291793098 0.16705473299582799
v -0.34177289440383701 -0.057036868491515 0.12977309739527201
v -0.34177289440383701 -0.057036868491515 0.14841391519555
v -0.34177289440383701 -0.057036868491515 0.16705473299582799
v -0.34177289440383701 -0.038396050691236798 0.12977309739527201
v -0.360413712204115 -0.038396050691236798 0.12977309739527201
v -0.34177289440383701 -0.038396050691236798 0.14841391519555
v -0.360413712204115 -0.038396050691236798 0.14841391519555
v -0.34177289440383701 -0.038396050691236798 0.16705473299582799
v -0.360413712204115 -0.038396050691236798 0.16705473299582799
v -0.34177289440383701 -0.0197552328909587 0.12977309739527201
v -0.360413712204115 -0.0197552328909587 0.12977309739527201
v -0.34177289440383701 -0.0197552328909587 0.14841391519555
v -0.360413712204115 -0.0197552328909587 0.14841391519555
v -0.360413712204115 -0.0197552328909587 0.111132279594993
v -0.34177289440383701 -0.0197552328909587 0.111132279594993
v -0.34177289440383701 -0.0011144150906804999 0.111132279594993
v -0.360413712204115 -0.0011144150906804999 0.111132279594993
v -0.34177289440383701 -0.0011144150906804999 0.12977309739527201
v -0.360413712204115 -0.0011144150906804999 0.12977309739527201
v -0.34177289440383701 -0.0011144150906804999 0.14841391519555
v -0.360413712204115 -0.0011144150906804999 0.14841391519555
v -0.34177289440383701 0.0175264027095977 0.111132279594993
v -0.360413712204115 0.0175264027095977 0.111132279594993
v -0.34177289440383701 0.0175264027095977 0.12977309739527201
v -0.360413712204115 0.0175264027095977 0.12977309739527201
v -0.34177289440383701 0.0175264027095977 0.14841391519555
v -0.360413712204115 0.0175264027095977 0.14841391519555
v -0.34177289440383701 0.036167220509875801 0.111132279594993
v -0.34177289440383701 0.036167220509875801 0.12977309739527201
v -0.34177289440383701 0.054808038310153899 0.111132279594993
v -0.34177289440383701 0.054808038310153899 0.12977309739527201
v -0.34177289440383701 -0.31800831769540899 0.24161800419693999
v -0.32313207660355903 -0.31800831769540899 0.24161800419693999
v -0.32313207660355903 -0.29936749989513101 0.24161800419693999
v -0.34177289440383701 -0.29936749989513101 0.24161800419693999
v -0.34177289440383701 -0.31800831769540899 0.260258821997219
v -0.32313207660355903 -0.31800831769540899 0.260258821997219
v -0.32313207660355903 -0.29936749989513101 0.260258821997219
v -0.34177289440383701 -0.29936749989513101 0.260258821997219
v -0.34177289440383701 -0.112959321892349 0.14841391519555
v -0.32313207660355903 -0.112959321892349 0.14841391519555
v -0.32313207660355903 -0.094318504092071306 0.14841391519555
v -0.34177289440383701 -0.112959321892349 0.16705473299582799
v -0.32313207660355903 -0.112959321892349 0.16705473299582799
v -0.32313207660355903 -0.094318504092071306 0.16705473299582799
v -0.32313207660355903 -0.094318504092071306 0.12977309739527201
v -0.32313207660355903 -0.075677686291793098 0.12977309739527201
v -0.32313207660355903 -0.075677686291793098 0.14841391519555
v -0.32313207660355903 -0.075677686291793098 0.16705473299582799
v -0.34177289440383701 -0.094318504092071306 0.185695550796106
v -0.32313207660355903 -0.094318504092071306 0.185695550796106
v -0.32313207660355903 -0.075677686291793098 0.185695550796106
v -0.34177289440383701 -0.075677686291793098 0.185695550796106
v -0.32313207660355903 -0.057036868491515 0.12977309739527201
v -0.32313207660355903 -0.057036868491515 0.14841391519555
v -0.32313207660355903 -0.057036868491515 0.16705473299582799
v -0.34177289440383701 -0.075677686291793098 0.222977186396662
v -0.32313207660355903 -0.075677686291793098 0.222977186396662
v -0.32313207660355903 -0.057036868491515 0.222977186396662
v -0.34177289440383701 -0.057036868491515 0.222977186396662
v -0.34177289440383701 -0.075677686291793098 0.24161800419693999
v -0.32313207660355903 -0.075677686291793098 0.24161800419693999
v -0.32313207660355903 -0.057036868491515 0.24161800419693999
v -0.34177289440383701 -0.057036868491515 0.24161800419693999
v -0.32313207660355903 -0.038396050691236798 0.12977309739527201
v -0.32313207660355903 -0.038396050691236798 0.14841391519555
v -0.32313207660355903 -0.038396050691236798 0.16705473299582799
v -0.34177289440383701 -0.038396050691236798 0.111132279594993
v -0.32313207660355903 -0.038396050691236798 0.111132279594993
v -0.32313207660355903 -0.0197552328909587 0.111132279594993
v -0.32313207660355903 -0.0197552328909587 0.12977309739527201
v -0.32313207660355903 -0.0197552328909587 0.14841391519555
v -0.32313207660355903 -0.0011144150906804999 0.111132279594993
v -0.32313207660355903 -0.0011144150906804999 0.12977309739527201
v -0.32313207660355903 -0.0011144150906804999 0.14841391519555
v -0.32313207660355903 0.0175264027095977 0.111132279594993
v -0.32313207660355903 0.0175264027095977 0.12977309739527201
v -0.32313207660355903 -0.35528995329596502 0.24161800419693999
v -0.30449125880328098 -0.35528995329596502 0.24161800419693999
v -0.30449125880328098 -0.33664913549568698 0.24161800419693999
v -0.32313207660355903 -0.33664913549568698 0.24161800419693999
v -0.32313207660355903 -0.35528995329596502 0.260258821997219
v -0.30449125880328098 -0.35528995329596502 0.260258821997219
v -0.30449125880328098 -0.33664913549568698 0.260258821997219
v -0.32313207660355903 -0.33664913549568698 0.260258821997219
v -0.30449125880328098 -0.31800831769540899 0.24161800419693999
v -0.30449125880328098 -0.31800831769540899 0.260258821997219
v -0.32313207660355903 -0.33664913549568698 0.27889963979749699
v -0.30449125880328098 -0.33664913549568698 0.27889963979749699
v -0.30449125880328098 -0.31800831769540899 0.27889963979749699
v -0.32313207660355903 -0.31800831769540899 0.27889963979749699
v -0.32313207660355903 -0.33664913549568698 0.29754045759777498
v -0.30449125880328098 -0.33664913549568698 0.29754045759777498
v -0.30449125880328098 -0.31800831769540899 0.29754045759777498
v -0.32313207660355903 -0.31800831769540899 0.29754045759777498
v -0.32313207660355903 -0.33664913549568698 0.31618127539805302
v -0.30449125880328098 -0.33664913549568698 0.31618127539805302
v -0.30449125880328098 -0.31800831769540899 0.31618127539805302
v -0.32313207660355903 -0.31800831769540899 0.31618127539805302
v -0.32313207660355903 -0.31800831769540899 0.222977186396662
v -0.30449125880328098 -0.31800831769540899 0.222977186396662
v -0.30449125880328098 -0.29936749989513101 0.222977186396662
v -0.32313207660355903 -0.29936749989513101 0.222977186396662
v -0.30449125880328098 -0.29936749989513101 0.24161800419693999
v -0.30449125880328098 -0.29936749989513101 0.260258821997219
v -0.30449125880328098 -0.29936749989513101 0.27889963979749699
v -0.32313207660355903 -0.29936749989513101 0.27889963979749699
v -0.30449125880328098 -0.28072668209485302 0.222977186396662
v -0.32313207660355903 -0.28072668209485302 0.222977186396662
v -0.30449125880328098 -0.28072668209485302 0.24161800419693999
v -0.32313207660355903 -0.28072668209485302 0.24161800419693999
v -0.30449125880328098 -0.28072668209485302 0.260258821997219
v -0.32313207660355903 -0.28072668209485302 0.260258821997219
v -0.30449125880328098 -0.28072668209485302 0.27889963979749699
v -0.32313207660355903 -0.28072668209485302 0.27889963979749699
v -0.32313207660355903 -0.24344504649429599 0.20433636859638399
v -0.30449125880328098 -0.24344504649429599 0.20433636859638399
v -0.30449125880328098 -0.224804228694018 0.20433636859638399
v -0.32313207660355903 -0.224804228694018 0.20433636859638399
v -0.32313207660355903 -0.24344504649429599 0.222977186396662
v -0.30449125880328098 -0.24344504649429599 0.222977186396662
v -0.30449125880328098 -0.224804228694018 0.222977186396662
v -0.32313207660355903 -0.224804228694018 0.222977186396662
v -0.32313207660355903 -0.224804228694018 0.185695550796106
v -0.30449125880328098 -0.224804228694018 0.185695550796106
v -0.30449125880328098 -0.20616341089373999 0.185695550796106
v -0.32313207660355903 -0.20616341089373999 0.185695550796106
v -0.30449125880328098 -0.20616341089373999 0.20433636859638399
v -0.32313207660355903 -0.20616341089373999 0.20433636859638399
v -0.30449125880328098 -0.20616341089373999 0.222977186396662
v -0.32313207660355903 -0.20616341089373999 0.222977186396662
v -0.32313207660355903 -0.224804228694018 0.24161800419693999
v -0.30449125880328098 -0.224804228694018 0.24161800419693999
v -0.30449125880328098 -0.20616341089373999 0.24161800419693999
v -0.32313207660355903 -0.20616341089373999 0.24161800419693999
v -0.32313207660355903 -0.20616341089373999 0.16705473299582799
v -0.30449125880328098 -0.20616341089373999 0.16705473299582799
v -0.30449125880328098 -0.187522593093462 0.16705473299582799
v -0.32313207660355903 -0.187522593093462 0.16705473299582799
v -0.30449125880328098 -0.187522593093462 0.185695550796106
v -0.32313207660355903 -0.187522593093462 0.185695550796106
v -0.30449125880328098 -0.187522593093462 0.20433636859638399
v -0.32313207660355903 -0.187522593093462 0.20433636859638399
v -0.30449125880328098 -0.187522593093462 0.222977186396662
v -0.32313207660355903 -0.187522593093462 0.222977186396662
v -0.30449125880328098 -0.187522593093462 0.24161800419693999
v -0.32313207660355903 -0.187522593093462 0.24161800419693999
v -0.32313207660355903 -0.187522593093462 0.12977309739527201
v -0.30449125880328098 -0.187522593093462 0.12977309739527201
v -0.30449125880328098 -0.16888177529318399 0.12977309739527201
v -0.32313207660355903 -0.16888177529318399 0.12977309739527201
v -0.32313207660355903 -0.187522593093462 0.14841391519555
v -0.30449125880328098 -0.187522593093462 0.14841391519555
v -0.30449125880328098 -0.16888177529318399 0.14841391519555
v -0.32313207660355903 -0.16888177529318399 0.14841391519555
v -0.30449125880328098 -0.16888177529318399 0.16705473299582799
v -0.32313207660355903 -0.16888177529318399 0.16705473299582799
v -0.30449125880328098 -0.16888177529318399 0.185695550796106
v -0.32313207660355903 -0.16888177529318399 0.185695550796106
v -0.30449125880328098 -0.16888177529318399 0.20433636859638399
v -0.32313207660355903 -0.16888177529318399 0.20433636859638399
v -0.30449125880328098 -0.16888177529318399 0.222977186396662
v -0.32313207660355903 -0.16888177529318399 0.222977186396662
v -0.30449125880328098 -0.16888177529318399 0.24161800419693999
v -0.32313207660355903 -0.16888177529318399 0.24161800419693999
v -0.32313207660355903 -0.187522593093462 0.260258821997219
v -0.30449125880328098 -0.187522593093462 0.260258821997219
v -0.30449125880328098 -0.16888177529318399 0.260258821997219
v -0.32313207660355903 -0.16888177529318399 0.260258821997219
v -0.30449125880328098 -0.150240957492906 0.12977309739527201
v -0.32313207660355903 -0.150240957492906 0.12977309739527201
v -0.30449125880328098 -0.150240957492906 0.14841391519555
v -0.32313207660355903 -0.150240957492906 0.14841391519555
v -0.30449125880328098 -0.150240957492906 0.16705473299582799
v -0.32313207660355903 -0.150240957492906 0.16705473299582799
v -0.30449125880328098 -0.150240957492906 0.185695550796106
v -0.32313207660355903 -0.150240957492906 0.185695550796106
v -0.30449125880328098 -0.150240957492906 0.20433636859638399
v -0.32313207660355903 -0.150240957492906 0.20433636859638399
v -0.30449125880328098 -0.150240957492906 0.222977186396662
v -0.32313207660355903 -0.150240957492906 0.222977186396662
v -0.30449125880328098 -0.150240957492906 0.24161800419693999
v -0.32313207660355903 -0.150240957492906 0.24161800419693999
v -0.30449125880328098 -0.13160013969262799 0.12977309739527201
v -0.32313207660355903 -0.13160013969262799 0.12977309739527201
v -0.30449125880328098 -0.13160013969262799 0.14841391519555
v -0.32313207660355903 -0.13160013969262799 0.14841391519555
v -0.30449125880328098 -0.13160013969262799 0.16705473299582799
v -0.32313207660355903 -0.13160013969262799 0.16705473299582799
v -0.30449125880328098 -0.13160013969262799 0.185695550796106
v -0.32313207660355903 -0.13160013969262799 0.185695550796106
v -0.30449125880328098 -0.13160013969262799 0.20433636859638399
v -0.32313207660355903 -0.13160013969262799 0.20433636859638399
v -0.30449125880328098 -0.13160013969262799 0.222977186396662
v -0.32313207660355903 -0.13160013969262799 0.222977186396662
v -0.30449125880328098 -0.13160013969262799 0.24161800419693999
v -0.32313207660355903 -0.13160013969262799 0.24161800419693999
v -0.32313207660355903 -0.13160013969262799 0.073850643994437096
v -0.30449125880328098 -0.13160013969262799 0.073850643994437096
v -0.30449125880328098 -0.112959321892349 0.073850643994437096
v -0.32313207660355903 -0.112959321892349 0.073850643994437096
v -0.32313207660355903 -0.13160013969262799 0.092491461794715193
v -0.30449125880328098 -0.13160013969262799 0.092491461794715193
v -0.30449125880328098 -0.112959321892349 0.092491461794715193
v -0.32313207660355903 -0.112959321892349 0.092491461794715193
v -0.32313207660355903 -0.13160013969262799 0.111132279594993
v -0.30449125880328098 -0.13160013969262799 0.111132279594993
v -0.30449125880328098 -0.112959321892349 0.111132279594993
v -0.32313207660355903 -0.112959321892349 0.111132279594993
v -0.30449125880328098 -0.112959321892349 0.12977309739527201
v -0.32313207660355903 -0.112959321892349 0.12977309739527201
v -0.30449125880328098 -0.112959321892349 0.14841391519555
v -0.30449125880328098 -0.112959321892349 0.16705473299582799
v -0.30449125880328098 -0.112959321892349 0.185695550796106
v -0.32313207660355903 -0.112959321892349 0.185695550796106
v -0.30449125880328098 -0.112959321892349 0.20433636859638399
v -0.32313207660355903 -0.112959321892349 0.20433636859638399
v -0.30449125880328098 -0.112959321892349 0.222977186396662
v -0.32313207660355903 -0.112959321892349 0.222977186396662
v -0.30449125880328098 -0.112959321892349 0.24161800419693999
v -0.32313207660355903 -0.112959321892349 0.24161800419693999
v -0.30449125880328098 -0.094318504092071306 0.073850643994437096
v -0.32313207660355903 -0.094318504092071306 0.073850643994437096
v -0.30449125880328098 -0.094318504092071306 0.092491461794715193
v -0.32313207660355903 -0.094318504092071306 0.092491461794715193
v -0.30449125880328098 -0.094318504092071306 0.12977309739527201
v -0.30449125880328098 -0.094318504092071306 0.14841391519555
v -0.30449125880328098 -0.094318504092071306 0.16705473299582799
v -0.30449125880328098 -0.094318504092071306 0.185695550796106
v -0.30449125880328098 -0.094318504092071306 0.20433636859638399
v -0.32313207660355903 -0.094318504092071306 0.20433636859638399
v -0.30449125880328098 -0.094318504092071306 0.222977186396662
v -0.32313207660355903 -0.094318504092071306 0.222977186396662
v -0.30449125880328098 -0.075677686291793098 0.12977309739527201
v -0.30449125880328098 -0.075677686291793098 0.14841391519555
v -0.30449125880328098 -0.075677686291793098 0.16705473299582799
v -0.30449125880328098 -0.075677686291793098 0.185695550796106
v -0.30449125880328098 -0.075677686291793098 0.20433636859638399
v -0.32313207660355903 -0.075677686291793098 0.20433636859638399
v -0.30449125880328098 -0.075677686291793098 0.222977186396662
v -0.32313207660355903 -0.094318504092071306 0.24161800419693999
v -0.30449125880328098 -0.094318504092071306 0.24161800419693999
v -0.30449125880328098 -0.075677686291793098 0.24161800419693999
v -0.30449125880328098 -0.057036868491515 0.12977309739527201
v -0.30449125880328098 -0.057036868491515 0.14841391519555
v -0.30449125880328098 -0.057036868491515 0.16705473299582799
v -0.30449125880328098 -0.057036868491515 0.185695550796106
v -0.32313207660355903 -0.057036868491515 0.185695550796106
v -0.30449125880328098 -0.057036868491515 0.20433636859638399
v -0.32313207660355903 -0.057036868491515 0.20433636859638399
v -0.30449125880328098 -0.057036868491515 0.222977186396662
v -0.30449125880328098 -0.057036868491515 0.24161800419693999
v -0.30449125880328098 -0.038396050691236798 0.12977309739527201
v -0.30449125880328098 -0.038396050691236798 0.14841391519555
v -0.30449125880328098 -0.038396050691236798 0.16705473299582799
v -0.30449125880328098 -0.37393077109624401 0.20433636859638399
v -0.285850441003003 -0.37393077109624401 0.20433636859638399
v -0.285850441003003 -0.35528995329596502 0.20433636859638399
v -0.30449125880328098 -0.35528995329596502 0.20433636859638399
v -0.30449125880328098 -0.37393077109624401 0.222977186396662
v -0.285850441003003 -0.37393077109624401 0.222977186396662
v -0.285850441003003 -0.35528995329596502 0.222977186396662
v -0.30449125880328098 -0.35528995329596502 0.222977186396662
v -0.30449125880328098 -0.37393077109624401 0.24161800419693999
v -0.285850441003003 -0.37393077109624401 0.24161800419693999
v -0.285850441003003 -0.35528995329596502 0.24161800419693999
v -0.285850441003003 -0.33664913549568698 0.222977186396662
v -0.30449125880328098 -0.33664913549568698 0.222977186396662
v -0.285850441003003 -0.33664913549568698 0.24161800419693999
v -0.285850441003003 -0.31800831769540899 0.222977186396662
v -0.285850441003003 -0.31800831769540899 0.24161800419693999
v -0.285850441003003 -0.33664913549568698 0.260258821997219
v -0.285850441003003 -0.31800831769540899 0.260258821997219
v -0.285850441003003 -0.33664913549568698 0.27889963979749699
v -0.285850441003003 -0.31800831769540899 0.27889963979749699
v -0.285850441003003 -0.33664913549568698 0.29754045759777498
v -0.285850441003003 -0.31800831769540899 0.29754045759777498
v -0.285850441003003 -0.29936749989513101 0.222977186396662
v -0.285850441003003 -0.29936749989513101 0.24161800419693999
v -0.285850441003003 -0.29936749989513101 0.260258821997219
v -0.285850441003003 -0.29936749989513101 0.27889963979749699
v -0.285850441003003 -0.29936749989513101 0.29754045759777498
v -0.30449125880328098 -0.29936749989513101 0.29754045759777498
v -0.285850441003003 -0.31800831769540899 0.31618127539805302
v -0.285850441003003 -0.29936749989513101 0.31618127539805302
v -0.30449125880328098 -0.29936749989513101 0.31618127539805302
v -0.285850441003003 -0.28072668209485302 0.222977186396662
v -0.285850441003003 -0.28072668209485302 0.24161800419693999
v -0.285850441003003 -0.28072668209485302 0.260258821997219
v -0.285850441003003 -0.28072668209485302 0.27889963979749699
v -0.285850441003003 -0.28072668209485302 0.29754045759777498
v -0.30449125880328098 -0.28072668209485302 0.29754045759777498
v -0.285850441003003 -0.26208586429457498 0.222977186396662
v -0.30449125880328098 -0.26208586429457498 0.222977186396662
v -0.285850441003003 -0.26208586429457498 0.24161800419693999
v -0.30449125880328098 -0.26208586429457498 0.24161800419693999
v -0.285850441003003 -0.26208586429457498 0.260258821997219
v -0.30449125880328098 -0.26208586429457498 0.260258821997219
v -0.285850441003003 -0.26208586429457498 0.27889963979749699
v -0.30449125880328098 -0.26208586429457498 0.27889963979749699
v -0.285850441003003 -0.24344504649429599 0.222977186396662
v -0.285850441003003 -0.24344504649429599 0.24161800419693999
v -0.30449125880328098 -0.24344504649429599 0.24161800419693999
v -0.30449125880328098 -0.24344504649429599 0.14841391519555
v -0.285850441003003 -0.24344504649429599 0.14841391519555
v -0.285850441003003 -0.224804228694018 0.14841391519555
v -0.30449125880328098 -0.224804228694018 0.14841391519555
v -0.30449125880328098 -0.24344504649429599 0.16705473299582799
v -0.285850441003003 -0.24344504649429599 0.16705473299582799
v -0.285850441003003 -0.224804228694018 0.16705473299582799
v -0.30449125880328098 -0.224804228694018 0.16705473299582799
v -0.30449125880328098 -0.24344504649429599 0.185695550796106
v -0.285850441003003 -0.24344504649429599 0.185695550796106
v -0.285850441003003 -0.224804228694018 0.185695550796106
v -0.285850441003003 -0.24344504649429599 0.20433636859638399
v -0.285850441003003 -0.224804228694018 0.20433636859638399
v -0.285850441003003 -0.224804228694018 0.222977186396662
v -0.285850441003003 -0.224804228694018 0.24161800419693999
v -0.30449125880328098 -0.224804228694018 0.12977309739527201
v -0.285850441003003 -0.224804228694018 0.12977309739527201
v -0.285850441003003 -0.20616341089373999 0.12977309739527201
v -0.30449125880328098 -0.20616341089373999 0.12977309739527201
v -0.285850441003003 -0.20616341089373999 0.14841391519555
v -0.30449125880328098 -0.20616341089373999 0.14841391519555
v -0.285850441003003 -0.20616341089373999 0.16705473299582799
v -0.285850441003003 -0.20616341089373999 0.185695550796106
v -0.285850441003003 -0.20616341089373999 0.20433636859638399
v -0.285850441003003 -0.20616341089373999 0.222977186396662
v -0.285850441003003 -0.20616341089373999 0.24161800419693999
v -0.285850441003003 -0.187522593093462 0.12977309739527201
v -0.285850441003003 -0.187522593093462 0.14841391519555
v -0.285850441003003 -0.187522593093462 0.16705473299582799
v -0.285850441003003 -0.187522593093462 0.185695550796106
v -0.285850441003003 -0.187522593093462 0.20433636859638399
v -0.285850441003003 -0.187522593093462 0.222977186396662
v -0.285850441003003 -0.187522593093462 0.24161800419693999
v -0.30449125880328098 -0.20616341089373999 0.260258821997219
v -0.285850441003003 -0.20616341089373999 0.260258821997219
v -0.285850441003003 -0.187522593093462 0.260258821997219
v -0.285850441003003 -0.16888177529318399 0.12977309739527201
v -0.285850441003003 -0.16888177529318399 0.14841391519555
v -0.285850441003003 -0.16888177529318399 0.16705473299582799
v -0.285850441003003 -0.16888177529318399 0.185695550796106
v -0.285850441003003 -0.16888177529318399 0.20433636859638399
v -0.285850441003003 -0.16888177529318399 0.222977186396662
v -0.285850441003003 -0.16888177529318399 0.24161800419693999
v -0.285850441003003 -0.16888177529318399 0.260258821997219
v -0.30449125880328098 -0.16888177529318399 0.111132279594993
v -0.285850441003003 -0.16888177529318399 0.111132279594993
v -0.285850441003003 -0.150240957492906 0.111132279594993
v -0.30449125880328098 -0.150240957492906 0.111132279594993
v -0.285850441003003 -0.150240957492906 0.12977309739527201
v -0.285850441003003 -0.150240957492906 0.14841391519555
v -0.285850441003003 -0.150240957492906 0.16705473299582799
v -0.285850441003003 -0.150240957492906 0.185695550796106
v -0.285850441003003 -0.150240957492906 0.20433636859638399
v -0.285850441003003 -0.150240957492906 0.222977186396662
v -0.285850441003003 -0.150240957492906 0.24161800419693999
v -0.285850441003003 -0.150240957492906 0.260258821997219
v -0.30449125880328098 -0.150240957492906 0.260258821997219
v -0.30449125880328098 -0.150240957492906 0.092491461794715193
v -0.285850441003003 -0.150240957492906 0.092491461794715193
v -0.285850441003003 -0.13160013969262799 0.092491461794715193
v -0.285850441003003 -0.13160013969262799 0.111132279594993
v -0.285850441003003 -0.13160013969262799 0.12977309739527201
v -0.285850441003003 -0.13160013969262799 0.14841391519555
v -0.285850441003003 -0.13160013969262799 0.16705473299582799
v -0.285850441003003 -0.13160013969262799 0.185695550796106
v -0.285850441003003 -0.13160013969262799 0.20433636859638399
v -0.285850441003003 -0.13160013969262799 0.222977186396662
v -0.285850441003003 -0.13160013969262799 0.24161800419693999
v -0.285850441003003 -0.13160013969262799 0.260258821997219
v -0.30449125880328098 -0.13160013969262799 0.260258821997219
v -0.285850441003003 -0.112959321892349 0.092491461794715193
v -0.285850441003003 -0.112959321892349 0.111132279594993
v -0.285850441003003 -0.112959321892349 0.12977309739527201
v -0.285850441003003 -0.112959321892349 0.14841391519555
v -0.285850441003003 -0.112959321892349 0.16705473299582799
v -0.285850441003003 -0.112959321892349 0.185695550796106
v -0.285850441003003 -0.112959321892349 0.20433636859638399
v -0.285850441003003 -0.112959321892349 0.222977186396662
v -0.285850441003003 -0.112959321892349 0.24161800419693999
v -0.285850441003003 -0.112959321892349 0.260258821997219
v -0.30449125880328098 -0.112959321892349 0.260258821997219
v -0.285850441003003 -0.112959321892349 0.073850643994437096
v -0.285850441003003 -0.094318504092071306 0.073850643994437096
v -0.285850441003003 -0.094318504092071306 0.092491461794715193
v -0.285850441003003 -0.094318504092071306 0.111132279594993
v -0.30449125880328098 -0.094318504092071306 0.111132279594993
v -0.285850441003003 -0.094318504092071306 0.12977309739527201
v -0.285850441003003 -0.094318504092071306 0.14841391519555
v -0.285850441003003 -0.094318504092071306 0.16705473299582799
v -0.285850441003003 -0.094318504092071306 0.185695550796106
v -0.285850441003003 -0.094318504092071306 0.20433636859638399
v -0.285850441003003 -0.094318504092071306 0.222977186396662
v -0.285850441003003 -0.094318504092071306 0.24161800419693999
v -0.285850441003003 -0.075677686291793098 0.073850643994437096
v -0.30449125880328098 -0.075677686291793098 0.073850643994437096
v -0.285850441003003 -0.075677686291793098 0.092491461794715193
v -0.30449125880328098 -0.075677686291793098 0.092491461794715193
v -0.285850441003003 -0.075677686291793098 0.111132279594993
v -0.30449125880328098 -0.075677686291793098 0.111132279594993
v -0.285850441003003 -0.075677686291793098 0.12977309739527201
v -0.285850441003003 -0.075677686291793098 0.14841391519555
v -0.285850441003003 -0.075677686291793098 0.16705473299582799
v -0.285850441003003 -0.075677686291793098 0.185695550796106
v -0.285850441003003 -0.075677686291793098 0.20433636859638399
v -0.285850441003003 -0.075677686291793098 0.222977186396662
v -0.285850441003003 -0.075677686291793098 0.24161800419693999
v -0.30449125880328098 -0.075677686291793098 0.055209826194158901
v -0.285850441003003 -0.075677686291793098 0.055209826194158901
v -0.285850441003003 -0.057036868491515 0.055209826194158901
v -0.30449125880328098 -0.057036868491515 0.055209826194158901
v -0.285850441003003 -0.057036868491515 0.073850643994437096
v -0.30449125880328098 -0.057036868491515 0.073850643994437096
v -0.285850441003003 -0.057036868491515 0.092491461794715193
v -0.30449125880328098 -0.057036868491515 0.092491461794715193
v -0.285850441003003 -0.057036868491515 0.111132279594993
v -0.30449125880328098 -0.057036868491515 0.111132279594993
v -0.285850441003003 -0.057036868491515 0.12977309739527201
v -0.285850441003003 -0.057036868491515 0.14841391519555
v -0.285850441003003 -0.057036868491515 0.16705473299582799
v -0.285850441003003 -0.057036868491515 0.185695550796106
v -0.285850441003003 -0.057036868491515 0.20433636859638399
v -0.285850441003003 -0.057036868491515 0.222977186396662
v -0.285850441003003 -0.057036868491515 0.24161800419693999
v -0.285850441003003 -0.038396050691236798 0.055209826194158901
v -0.30449125880328098 -0.038396050691236798 0.055209826194158901
v -0.285850441003003 -0.038396050691236798 0.073850643994437096
v -0.30449125880328098 -0.038396050691236798 0.073850643994437096
v -0.285850441003003 -0.038396050691236798 0.12977309739527201
v -0.285850441003003 -0.038396050691236798 0.14841391519555
v -0.285850441003003 -0.038396050691236798 0.16705473299582799
v -0.285850441003003 -0.038396050691236798 0.185695550796106
v -0.30449125880328098 -0.038396050691236798 0.185695550796106
v -0.285850441003003 -0.038396050691236798 0.20433636859638399
v -0.30449125880328098 -0.038396050691236798 0.20433636859638399
v -0.285850441003003 -0.038396050691236798 0.222977186396662
v -0.30449125880328098 -0.038396050691236798 0.222977186396662
v -0.285850441003003 -0.038396050691236798 0.24161800419693999
v -0.30449125880328098 -0.038396050691236798 0.24161800419693999
v -0.285850441003003 -0.0197552328909587 0.20433636859638399
v -0.30449125880328098 -0.0197552328909587 0.20433636859638399
v -0.285850441003003 -0.0197552328909587 0.222977186396662
v -0.30449125880328098 -0.0197552328909587 0.222977186396662
v -0.285850441003003 -0.0011144150906804999 0.20433636859638399
v -0.30449125880328098 -0.0011144150906804999 0.20433636859638399
v -0.285850441003003 -0.0011144150906804999 0.222977186396662
v -0.30449125880328098 -0.0011144150906804999 0.222977186396662
v -0.285850441003003 0.0175264027095977 0.20433636859638399
v -0.30449125880328098 0.0175264027095977 0.20433636859638399
v -0.285850441003003 0.0175264027095977 0.222977186396662
v -0.30449125880328098 0.0175264027095977 0.222977186396662
v -0.26720962320272501 -0.35528995329596502 0.20433636859638399
v -0.26720962320272501 -0.33664913549568698 0.20433636859638399
v -0.285850441003003 -0.33664913549568698 0.20433636859638399
v -0.26720962320272501 -0.35528995329596502 0.222977186396662
v -0.26720962320272501 -0.33664913549568698 0.222977186396662
v -0.26720962320272501 -0.35528995329596502 0.24161800419693999
v -0.26720962320272501 -0.33664913549568698 0.24161800419693999
v -0.285850441003003 -0.33664913549568698 0.185695550796106
v -0.26720962320272501 -0.33664913549568698 0.185695550796106
v -0.26720962320272501 -0.31800831769540899 0.185695550796106
v -0.285850441003003 -0.31800831769540899 0.185695550796106
v -0.26720962320272501 -0.31800831769540899 0.20433636859638399
v -0.285850441003003 -0.31800831769540899 0.20433636859638399
v -0.26720962320272501 -0.31800831769540899 0.222977186396662
v -0.26720962320272501 -0.31800831769540899 0.24161800419693999
v -0.26720962320272501 -0.29936749989513101 0.20433636859638399
v -0.285850441003003 -0.29936749989513101 0.20433636859638399
v -0.26720962320272501 -0.29936749989513101 0.222977186396662
v -0.26720962320272501 -0.29936749989513101 0.24161800419693999
v -0.26720962320272501 -0.31800831769540899 0.29754045759777498
v -0.26720962320272501 -0.29936749989513101 0.29754045759777498
v -0.26720962320272501 -0.31800831769540899 0.31618127539805302
v -0.26720962320272501 -0.29936749989513101 0.31618127539805302
v -0.26720962320272501 -0.28072668209485302 0.20433636859638399
v -0.285850441003003 -0.28072668209485302 0.20433636859638399
v -0.26720962320272501 -0.28072668209485302 0.222977186396662
v -0.26720962320272501 -0.28072668209485302 0.24161800419693999
v -0.26720962320272501 -0.29936749989513101 0.260258821997219
v -0.26720962320272501 -0.28072668209485302 0.260258821997219
v -0.26720962320272501 -0.29936749989513101 0.27889963979749699
v -0.26720962320272501 -0.28072668209485302 0.27889963979749699
v -0.26720962320272501 -0.28072668209485302 0.29754045759777498
v -0.26720962320272501 -0.28072668209485302 0.31618127539805302
v -0.285850441003003 -0.28072668209485302 0.31618127539805302
v -0.26720962320272501 -0.26208586429457498 0.20433636859638399
v -0.285850441003003 -0.26208586429457498 0.20433636859638399
v -0.26720962320272501 -0.26208586429457498 0.222977186396662
v -0.26720962320272501 -0.26208586429457498 0.24161800419693999
v -0.26720962320272501 -0.26208586429457498 0.260258821997219
v -0.26720962320272501 -0.26208586429457498 0.27889963979749699
v -0.26720962320272501 -0.26208586429457498 0.29754045759777498
v -0.285850441003003 -0.26208586429457498 0.29754045759777498
v -0.26720962320272501 -0.26208586429457498 0.31618127539805302
v -0.285850441003003 -0.26208586429457498 0.31618127539805302
v -0.26720962320272501 -0.24344504649429599 0.20433636859638399
v -0.26720962320272501 -0.24344504649429599 0.222977186396662
v -0.26720962320272501 -0.24344504649429599 0.24161800419693999
v -0.26720962320272501 -0.24344504649429599 0.260258821997219
v -0.285850441003003 -0.24344504649429599 0.260258821997219
v -0.26720962320272501 -0.24344504649429599 0.27889963979749699
v -0.285850441003003 -0.24344504649429599 0.27889963979749699
v -0.26720962320272501 -0.24344504649429599 0.29754045759777498
v -0.285850441003003 -0.24344504649429599 0.29754045759777498
v -0.26720962320272501 -0.24344504649429599 0.31618127539805302
v -0.285850441003003 -0.24344504649429599 0.31618127539805302
v -0.26720962320272501 -0.24344504649429599 0.16705473299582799
v -0.26720962320272501 -0.224804228694018 0.16705473299582799
v -0.26720962320272501 -0.24344504649429599 0.185695550796106
v -0.26720962320272501 -0.224804228694018 0.185695550796106
v -0.26720962320272501 -0.224804228694018 0.20433636859638399
v -0.26720962320272501 -0.224804228694018 0.222977186396662
v -0.26720962320272501 -0.224804228694018 0.24161800419693999
v -0.26720962320272501 -0.224804228694018 0.260258821997219
v -0.285850441003003 -0.224804228694018 0.260258821997219
v -0.26720962320272501 -0.224804228694018 0.27889963979749699
v -0.285850441003003 -0.224804228694018 0.27889963979749699
v -0.26720962320272501 -0.224804228694018 0.14841391519555
v -0.26720962320272501 -0.20616341089373999 0.14841391519555
v -0.26720962320272501 -0.20616341089373999 0.16705473299582799
v -0.26720962320272501 -0.20616341089373999 0.185695550796106
v -0.26720962320272501 -0.20616341089373999 0.20433636859638399
v -0.26720962320272501 -0.20616341089373999 0.222977186396662
v -0.26720962320272501 -0.20616341089373999 0.24161800419693999
v -0.26720962320272501 -0.20616341089373999 0.260258821997219
v -0.26720962320272501 -0.20616341089373999 0.12977309739527201
v -0.26720962320272501 -0.187522593093462 0.12977309739527201
v -0.26720962320272501 -0.187522593093462 0.14841391519555
v -0.26720962320272501 -0.187522593093462 0.16705473299582799
v -0.26720962320272501 -0.187522593093462 0.185695550796106
v -0.26720962320272501 -0.187522593093462 0.20433636859638399
v -0.26720962320272501 -0.187522593093462 0.222977186396662
v -0.26720962320272501 -0.187522593093462 0.24161800419693999
v -0.26720962320272501 -0.187522593093462 0.260258821997219
v -0.285850441003003 -0.20616341089373999 0.27889963979749699
v -0.26720962320272501 -0.20616341089373999 0.27889963979749699
v -0.26720962320272501 -0.187522593093462 0.27889963979749699
v -0.285850441003003 -0.187522593093462 0.27889963979749699
v -0.285850441003003 -0.187522593093462 0.111132279594993
v -0.26720962320272501 -0.187522593093462 0.111132279594993
v -0.26720962320272501 -0.16888177529318399 0.111132279594993
v -0.26720962320272501 -0.16888177529318399 0.12977309739527201
v -0.26720962320272501 -0.16888177529318399 0.14841391519555
v -0.26720962320272501 -0.16888177529318399 0.16705473299582799
v -0.26720962320272501 -0.16888177529318399 0.185695550796106
v -0.26720962320272501 -0.16888177529318399 0.20433636859638399
v -0.26720962320272501 -0.16888177529318399 0.222977186396662
v -0.26720962320272501 -0.16888177529318399 0.24161800419693999
v -0.26720962320272501 -0.16888177529318399 0.260258821997219
v -0.26720962320272501 -0.150240957492906 0.111132279594993
v -0.26720962320272501 -0.150240957492906 0.12977309739527201
v -0.26720962320272501 -0.150240957492906 0.14841391519555
v -0.26720962320272501 -0.150240957492906 0.16705473299582799
v -0.26720962320272501 -0.150240957492906 0.185695550796106
v -0.26720962320272501 -0.150240957492906 0.20433636859638399
v -0.26720962320272501 -0.150240957492906 0.222977186396662
v -0.26720962320272501 -0.150240957492906 0.24161800419693999
v -0.26720962320272501 -0.150240957492906 0.260258821997219
v -0.285850441003003 -0.16888177529318399 0.27889963979749699
v -0.26720962320272501 -0.16888177529318399 0.27889963979749699
v -0.26720962320272501 -0.150240957492906 0.27889963979749699
v -0.285850441003003 -0.150240957492906 0.27889963979749699
v -0.26720962320272501 -0.150240957492906 0.092491461794715193
v -0.26720962320272501 -0.13160013969262799 0.092491461794715193
v -0.26720962320272501 -0.13160013969262799 0.111132279594993
v -0.26720962320272501 -0.13160013969262799 0.12977309739527201
v -0.26720962320272501 -0.13160013969262799 0.14841391519555
v -0.26720962320272501 -0.13160013969262799 0.16705473299582799
v -0.26720962320272501 -0.13160013969262799 0.185695550796106
v -0.26720962320272501 -0.13160013969262799 0.20433636859638399
v -0.26720962320272501 -0.13160013969262799 0.222977186396662
v -0.26720962320272501 -0.13160013969262799 0.24161800419693999
v -0.26720962320272501 -0.13160013969262799 0.260258821997219
v -0.26720962320272501 -0.112959321892349 0.092491461794715193
v -0.26720962320272501 -0.112959321892349 0.111132279594993
v -0.26720962320272501 -0.112959321892349 0.12977309739527201
v -0.26720962320272501 -0.112959321892349 0.14841391519555
v -0.26720962320272501 -0.112959321892349 0.16705473299582799
v -0.26720962320272501 -0.112959321892349 0.185695550796106
v -0.26720962320272501 -0.112959321892349 0.20433636859638399
v -0.26720962320272501 -0.112959321892349 0.222977186396662
v -0.26720962320272501 -0.112959321892349 0.24161800419693999
v -0.26720962320272501 -0.112959321892349 0.260258821997219
v -0.26720962320272501 -0.112959321892349 0.073850643994437096
v -0.26720962320272501 -0.094318504092071306 0.073850643994437096
v -0.26720962320272501 -0.094318504092071306 0.092491461794715193
v -0.26720962320272501 -0.094318504092071306 0.111132279594993
v -0.26720962320272501 -0.094318504092071306 0.12977309739527201
v -0.26720962320272501 -0.094318504092071306 0.14841391519555
v -0.26720962320272501 -0.094318504092071306 0.16705473299582799
v -0.26720962320272501 -0.094318504092071306 0.185695550796106
v -0.26720962320272501 -0.094318504092071306 0.20433636859638399
v -0.26720962320272501 -0.094318504092071306 0.222977186396662
v -0.26720962320272501 -0.094318504092071306 0.24161800419693999
v -0.26720962320272501 -0.094318504092071306 0.260258821997219
v -0.285850441003003 -0.094318504092071306 0.260258821997219
v -0.26720962320272501 -0.075677686291793098 0.073850643994437096
v -0.26720962320272501 -0.075677686291793098 0.092491461794715193
v -0.26720962320272501 -0.075677686291793098 0.111132279594993
v -0.26720962320272501 -0.075677686291793098 0.12977309739527201
v -0.26720962320272501 -0.075677686291793098 0.14841391519555
v -0.26720962320272501 -0.075677686291793098 0.16705473299582799
v -0.26720962320272501 -0.075677686291793098 0.185695550796106
v -0.26720962320272501 -0.075677686291793098 0.20433636859638399
v -0.26720962320272501 -0.075677686291793098 0.222977186396662
v -0.26720962320272501 -0.075677686291793098 0.24161800419693999
v -0.26720962320272501 -0.075677686291793098 0.055209826194158901
v -0.26720962320272501 -0.057036868491515 0.055209826194158901
v -0.26720962320272501 -0.057036868491515 0.073850643994437096
v -0.26720962320272501 -0.057036868491515 0.092491461794715193
v -0.26720962320272501 -0.057036868491515 0.111132279594993
v -0.26720962320272501 -0.057036868491515 0.12977309739527201
v -0.26720962320272501 -0.057036868491515 0.14841391519555
v -0.26720962320272501 -0.057036868491515 0.16705473299582799
v -0.26720962320272501 -0.057036868491515 0.185695550796106
v -0.26720962320272501 -0.057036868491515 0.20433636859638399
v -0.26720962320272501 -0.057036868491515 0.222977186396662
v -0.26720962320272501 -0.057036868491515 0.24161800419693999
v -0.26720962320272501 -0.038396050691236798 0.055209826194158901
v -0.26720962320272501 -0.038396050691236798 0.073850643994437096
v -0.26720962320272501 -0.038396050691236798 0.092491461794715193
v -0.285850441003003 -0.038396050691236798 0.092491461794715193
v -0.26720962320272501 -0.038396050691236798 0.111132279594993
v -0.285850441003003 -0.038396050691236798 0.111132279594993
v -0.26720962320272501 -0.038396050691236798 0.12977309739527201
v -0.26720962320272501 -0.038396050691236798 0.14841391519555
v -0.26720962320272501 -0.038396050691236798 0.16705473299582799
v -0.26720962320272501 -0.038396050691236798 0.185695550796106
v -0.26720962320272501 -0.038396050691236798 0.20433636859638399
v -0.26720962320272501 -0.038396050691236798 0.222977186396662
v -0.26720962320272501 -0.038396050691236798 0.24161800419693999
v -0.26720962320272501 -0.0197552328909587 0.055209826194158901
v -0.285850441003003 -0.0197552328909587 0.055209826194158901
v -0.26720962320272501 -0.0197552328909587 0.073850643994437096
v -0.285850441003003 -0.0197552328909587 0.073850643994437096
v -0.26720962320272501 -0.0197552328909587 0.12977309739527201
v -0.285850441003003 -0.0197552328909587 0.12977309739527201
v -0.26720962320272501 -0.0197552328909587 0.14841391519555
v -0.285850441003003 -0.0197552328909587 0.14841391519555
v -0.26720962320272501 -0.0197552328909587 0.16705473299582799
v -0.285850441003003 -0.0197552328909587 0.16705473299582799
v -0.26720962320272501 -0.0197552328909587 0.185695550796106
v -0.285850441003003 -0.0197552328909587 0.185695550796106
v -0.26720962320272501 -0.0197552328909587 0.20433636859638399
v -0.26720962320272501 -0.0197552328909587 0.222977186396662
v -0.26720962320272501 -0.0197552328909587 0.24161800419693999
v -0.285850441003003 -0.0197552328909587 0.24161800419693999
v -0.26720962320272501 -0.0011144150906804999 0.185695550796106
v -0.285850441003003 -0.0011144150906804999 0.185695550796106
v -0.26720962320272501 -0.0011144150906804999 0.20433636859638399
v -0.26720962320272501 -0.0011144150906804999 0.222977186396662
v -0.26720962320272501 0.0175264027095977 0.185695550796106
v -0.285850441003003 0.0175264027095977 0.185695550796106
v -0.26720962320272501 0.0175264027095977 0.20433636859638399
v -0.26720962320272501 0.0175264027095977 0.222977186396662
v -0.26720962320272501 0.036167220509875801 0.185695550796106
v -0.285850441003003 0.036167220509875801 0.185695550796106
v -0.26720962320272501 0.036167220509875801 0.20433636859638399
v -0.285850441003003 0.036167220509875801 0.20433636859638399
v -0.248568805402446 -0.33664913549568698 0.185695550796106
v -0.248568805402446 -0.31800831769540899 0.185695550796106
v -0.248568805402446 -0.33664913549568698 0.20433636859638399
v -0.248568805402446 -0.31800831769540899 0.20433636859638399
v -0.248568805402446 -0.33664913549568698 0.222977186396662
v -0.248568805402446 -0.31800831769540899 0.222977186396662
v -0.26720962320272501 -0.31800831769540899 0.16705473299582799
v -0.248568805402446 -0.31800831769540899 0.16705473299582799
v -0.248568805402446 -0.29936749989513101 0.16705473299582799
v -0.26720962320272501 -0.29936749989513101 0.16705473299582799
v -0.248568805402446 -0.29936749989513101 0.185695550796106
v -0.26720962320272501 -0.29936749989513101 0.185695550796106
v -0.248568805402446 -0.29936749989513101 0.20433636859638399
v -0.248568805402446 -0.29936749989513101 0.222977186396662
v -0.248568805402446 -0.28072668209485302 0.185695550796106
v -0.26720962320272501 -0.28072668209485302 0.185695550796106
v -0.248568805402446 -0.28072668209485302 0.20433636859638399
v -0.248568805402446 -0.28072668209485302 0.222977186396662
v -0.248568805402446 -0.29936749989513101 0.29754045759777498
v -0.248568805402446 -0.28072668209485302 0.29754045759777498
v -0.248568805402446 -0.29936749989513101 0.31618127539805302
v -0.248568805402446 -0.28072668209485302 0.31618127539805302
v -0.26720962320272501 -0.28072668209485302 0.16705473299582799
v -0.248568805402446 -0.28072668209485302 0.16705473299582799
v -0.248568805402446 -0.26208586429457498 0.16705473299582799
v -0.26720962320272501 -0.26208586429457498 0.16705473299582799
v -0.248568805402446 -0.26208586429457498 0.185695550796106
v -0.26720962320272501 -0.26208586429457498 0.185695550796106
v -0.248568805402446 -0.26208586429457498 0.20433636859638399
v -0.248568805402446 -0.26208586429457498 0.222977186396662
v -0.248568805402446 -0.28072668209485302 0.27889963979749699
v -0.248568805402446 -0.26208586429457498 0.27889963979749699
v -0.248568805402446 -0.26208586429457498 0.29754045759777498
v -0.248568805402446 -0.26208586429457498 0.31618127539805302
v -0.248568805402446 -0.24344504649429599 0.16705473299582799
v -0.248568805402446 -0.24344504649429599 0.185695550796106
v -0.248568805402446 -0.24344504649429599 0.20433636859638399
v -0.248568805402446 -0.24344504649429599 0.222977186396662
v -0.248568805402446 -0.26208586429457498 0.24161800419693999
v -0.248568805402446 -0.24344504649429599 0.24161800419693999
v -0.248568805402446 -0.26208586429457498 0.260258821997219
v -0.248568805402446 -0.24344504649429599 0.260258821997219
v -0.248568805402446 -0.24344504649429599 0.27889963979749699
v -0.248568805402446 -0.24344504649429599 0.29754045759777498
v -0.248568805402446 -0.24344504649429599 0.31618127539805302
v -0.248568805402446 -0.224804228694018 0.16705473299582799
v -0.248568805402446 -0.224804228694018 0.185695550796106
v -0.248568805402446 -0.224804228694018 0.20433636859638399
v -0.248568805402446 -0.224804228694018 0.222977186396662
v -0.248568805402446 -0.224804228694018 0.24161800419693999
v -0.248568805402446 -0.224804228694018 0.260258821997219
v -0.248568805402446 -0.224804228694018 0.27889963979749699
v -0.248568805402446 -0.224804228694018 0.29754045759777498
v -0.26720962320272501 -0.224804228694018 0.29754045759777498
v -0.248568805402446 -0.224804228694018 0.31618127539805302
v -0.26720962320272501 -0.224804228694018 0.31618127539805302
v -0.248568805402446 -0.224804228694018 0.14841391519555
v -0.248568805402446 -0.20616341089373999 0.14841391519555
v -0.248568805402446 -0.20616341089373999 0.16705473299582799
v -0.248568805402446 -0.20616341089373999 0.185695550796106
v -0.248568805402446 -0.20616341089373999 0.20433636859638399
v -0.248568805402446 -0.20616341089373999 0.222977186396662
v -0.248568805402446 -0.20616341089373999 0.24161800419693999
v -0.248568805402446 -0.20616341089373999 0.260258821997219
v -0.248568805402446 -0.20616341089373999 0.27889963979749699
v -0.248568805402446 -0.20616341089373999 0.29754045759777498
v -0.26720962320272501 -0.20616341089373999 0.29754045759777498
v -0.248568805402446 -0.20616341089373999 0.31618127539805302
v -0.26720962320272501 -0.20616341089373999 0.31618127539805302
v -0.248568805402446 -0.20616341089373999 0.12977309739527201
v -0.248568805402446 -0.187522593093462 0.12977309739527201
v -0.248568805402446 -0.187522593093462 0.14841391519555
v -0.248568805402446 -0.187522593093462 0.16705473299582799
v -0.248568805402446 -0.187522593093462 0.185695550796106
v -0.248568805402446 -0.187522593093462 0.20433636859638399
v -0.248568805402446 -0.187522593093462 0.222977186396662
v -0.248568805402446 -0.187522593093462 0.24161800419693999
v -0.248568805402446 -0.187522593093462 0.260258821997219
v -0.248568805402446 -0.187522593093462 0.27889963979749699
v -0.248568805402446 -0.187522593093462 0.29754045759777498
v -0.26720962320272501 -0.187522593093462 0.29754045759777498
v -0.248568805402446 -0.187522593093462 0.111132279594993
v -0.248568805402446 -0.16888177529318399 0.111132279594993
v -0.248568805402446 -0.16888177529318399 0.12977309739527201
v -0.248568805402446 -0.16888177529318399 0.14841391519555
v -0.248568805402446 -0.16888177529318399 0.16705473299582799
v -0.248568805402446 -0.16888177529318399 0.185695550796106
v -0.248568805402446 -0.16888177529318399 0.20433636859638399
v -0.248568805402446 -0.16888177529318399 0.222977186396662
v -0.248568805402446 -0.16888177529318399 0.24161800419693999
v -0.248568805402446 -0.16888177529318399 0.260258821997219
v -0.248568805402446 -0.16888177529318399 0.27889963979749699
v -0.248568805402446 -0.16888177529318399 0.29754045759777498
v -0.26720962320272501 -0.16888177529318399 0.29754045759777498
v -0.248568805402446 -0.150240957492906 0.111132279594993
v -0.248568805402446 -0.150240957492906 0.12977309739527201
v -0.248568805402446 -0.150240957492906 0.14841391519555
v -0.248568805402446 -0.150240957492906 0.16705473299582799
v -0.248568805402446 -0.150240957492906 0.185695550796106
v -0.248568805402446 -0.150240957492906 0.20433636859638399
v -0.248568805402446 -0.150240957492906 0.222977186396662
v -0.248568805402446 -0.150240957492906 0.24161800419693999
v -0.248568805402446 -0.150240957492906 0.260258821997219
v -0.248568805402446 -0.150240957492906 0.27889963979749699
v -0.248568805402446 -0.150240957492906 0.092491461794715193
v -0.248568805402446 -0.13160013969262799 0.092491461794715193
v -0.248568805402446 -0.13160013969262799 0.111132279594993
v -0.248568805402446 -0.13160013969262799 0.12977309739527201
v -0.248568805402446 -0.13160013969262799 0.14841391519555
v -0.248568805402446 -0.13160013969262799 0.16705473299582799
v -0.248568805402446 -0.13160013969262799 0.185695550796106
v -0.248568805402446 -0.13160013969262799 0.20433636859638399
v -0.248568805402446 -0.13160013969262799 0.222977186396662
v -0.248568805402446 -0.13160013969262799 0.24161800419693999
v -0.248568805402446 -0.13160013969262799 0.260258821997219
v -0.248568805402446 -0.13160013969262799 0.27889963979749699
v -0.26720962320272501 -0.13160013969262799 0.27889963979749699
v -0.26720962320272501 -0.13160013969262799 0.073850643994437096
v -0.248568805402446 -0.13160013969262799 0.073850643994437096
v -0.248568805402446 -0.112959321892349 0.073850643994437096
v -0.248568805402446 -0.112959321892349 0.092491461794715193
v -0.248568805402446 -0.112959321892349 0.111132279594993
v -0.248568805402446 -0.112959321892349 0.12977309739527201
v -0.248568805402446 -0.112959321892349 0.14841391519555
v -0.248568805402446 -0.112959321892349 0.16705473299582799
v -0.248568805402446 -0.112959321892349 0.185695550796106
v -0.248568805402446 -0.112959321892349 0.20433636859638399
v -0.248568805402446 -0.112959321892349 0.222977186396662
v -0.248568805402446 -0.112959321892349 0.24161800419693999
v -0.248568805402446 -0.112959321892349 0.260258821997219
v -0.248568805402446 -0.112959321892349 0.27889963979749699
v -0.26720962320272501 -0.112959321892349 0.27889963979749699
v -0.248568805402446 -0.094318504092071306 0.073850643994437096
v -0.248568805402446 -0.094318504092071306 0.092491461794715193
v -0.248568805402446 -0.094318504092071306 0.111132279594993
v -0.248568805402446 -0.094318504092071306 0.12977309739527201
v -0.248568805402446 -0.094318504092071306 0.14841391519555
v -0.248568805402446 -0.094318504092071306 0.16705473299582799
v -0.248568805402446 -0.094318504092071306 0.185695550796106
v -0.248568805402446 -0.094318504092071306 0.20433636859638399
v -0.248568805402446 -0.094318504092071306 0.222977186396662
v -0.248568805402446 -0.094318504092071306 0.24161800419693999
v -0.248568805402446 -0.094318504092071306 0.260258821997219
v -0.26720962320272501 -0.094318504092071306 0.055209826194158901
v -0.248568805402446 -0.094318504092071306 0.055209826194158901
v -0.248568805402446 -0.075677686291793098 0.055209826194158901
v -0.248568805402446 -0.075677686291793098 0.073850643994437096
v -0.248568805402446 -0.075677686291793098 0.092491461794715193
v -0.248568805402446 -0.075677686291793098 0.111132279594993
v -0.248568805402446 -0.075677686291793098 0.12977309739527201
v -0.248568805402446 -0.075677686291793098 0.14841391519555
v -0.248568805402446 -0.075677686291793098 0.16705473299582799
v -0.248568805402446 -0.075677686291793098 0.185695550796106
v -0.248568805402446 -0.075677686291793098 0.20433636859638399
v -0.248568805402446 -0.075677686291793098 0.222977186396662
v -0.248568805402446 -0.075677686291793098 0.24161800419693999
v -0.248568805402446 -0.075677686291793098 0.260258821997219
v -0.26720962320272501 -0.075677686291793098 0.260258821997219
v -0.248568805402446 -0.057036868491515 0.055209826194158901
v -0.248568805402446 -0.057036868491515 0.073850643994437096
v -0.248568805402446 -0.057036868491515 0.092491461794715193
v -0.248568805402446 -0.057036868491515 0.111132279594993
v -0.248568805402446 -0.057036868491515 0.12977309739527201
v -0.248568805402446 -0.057036868491515 0.14841391519555
v -0.248568805402446 -0.057036868491515 0.16705473299582799
v -0.248568805402446 -0.057036868491515 0.185695550796106
v -0.248568805402446 -0.057036868491515 0.20433636859638399
v -0.248568805402446 -0.057036868491515 0.222977186396662
v -0.248568805402446 -0.057036868491515 0.24161800419693999
v -0.26720962320272501 -0.057036868491515 0.036569008393880803
v -0.248568805402446 -0.057036868491515 0.036569008393880803
v -0.248568805402446 -0.038396050691236798 0.036569008393880803
v -0.26720962320272501 -0.038396050691236798 0.036569008393880803
v -0.248568805402446 -0.038396050691236798 0.055209826194158901
v -0.248568805402446 -0.038396050691236798 0.073850643994437096
v -0.248568805402446 -0.038396050691236798 0.092491461794715193
v -0.248568805402446 -0.038396050691236798 0.111132279594993
v -0.248568805402446 -0.038396050691236798 0.12977309739527201
v -0.248568805402446 -0.038396050691236798 0.14841391519555
v -0.248568805402446 -0.038396050691236798 0.16705473299582799
v -0.248568805402446 -0.038396050691236798 0.185695550796106
v -0.248568805402446 -0.038396050691236798 0.20433636859638399
v -0.248568805402446 -0.038396050691236798 0.222977186396662
v -0.248568805402446 -0.038396050691236798 0.24161800419693999
v -0.248568805402446 -0.0197552328909587 0.036569008393880803
v -0.26720962320272501 -0.0197552328909587 0.036569008393880803
v -0.248568805402446 -0.0197552328909587 0.055209826194158901
v -0.248568805402446 -0.0197552328909587 0.073850643994437096
v -0.248568805402446 -0.0197552328909587 0.111132279594993
v -0.26720962320272501 -0.0197552328909587 0.111132279594993
v -0.248568805402446 -0.0197552328909587 0.12977309739527201
v -0.248568805402446 -0.0197552328909587 0.14841391519555
v -0.248568805402446 -0.0197552328909587 0.16705473299582799
v -0.248568805402446 -0.0197552328909587 0.185695550796106
v -0.248568805402446 -0.0197552328909587 0.20433636859638399
v -0.248568805402446 -0.0197552328909587 0.222977186396662
v -0.248568805402446 -0.0011144150906804999 0.036569008393880803
v -0.26720962320272501 -0.0011144150906804999 0.036569008393880803
v -0.248568805402446 -0.0011144150906804999 0.055209826194158901
v -0.26720962320272501 -0.0011144150906804999 0.055209826194158901
v -0.248568805402446 -0.0011144150906804999 0.12977309739527201
v -0.26720962320272501 -0.0011144150906804999 0.12977309739527201
v -0.248568805402446 -0.0011144150906804999 0.14841391519555
v -0.26720962320272501 -0.0011144150906804999 0.14841391519555
v -0.248568805402446 -0.0011144150906804999 0.185695550796106
v -0.248568805402446 -0.0011144150906804999 0.20433636859638399
v -0.248568805402446 -0.0011144150906804999 0.222977186396662
v -0.248568805402446 0.0175264027095977 0.185695550796106
v -0.248568805402446 0.0175264027095977 0.20433636859638399
v -0.248568805402446 0.0175264027095977 0.222977186396662
v -0.248568805402446 0.036167220509875801 0.185695550796106
v -0.248568805402446 0.036167220509875801 0.20433636859638399
v -0.22992798760216801 -0.31800831769540899 0.185695550796106
v -0.22992798760216801 -0.29936749989513101 0.185695550796106
v -0.22992798760216801 -0.31800831769540899 0.20433636859638399
v -0.22992798760216801 -0.29936749989513101 0.20433636859638399
v -0.22992798760216801 -0.31800831769540899 0.222977186396662
v -0.22992798760216801 -0.29936749989513101 0.222977186396662
v -0.22992798760216801 -0.29936749989513101 0.16705473299582799
v -0.22992798760216801 -0.28072668209485302 0.16705473299582799
v -0.22992798760216801 -0.28072668209485302 0.185695550796106
v -0.22992798760216801 -0.28072668209485302 0.20433636859638399
v -0.22992798760216801 -0.26208586429457498 0.16705473299582799
v -0.22992798760216801 -0.26208586429457498 0.185695550796106
v -0.22992798760216801 -0.26208586429457498 0.20433636859638399
v -0.248568805402446 -0.26208586429457498 0.14841391519555
v -0.22992798760216801 -0.26208586429457498 0.14841391519555
v -0.22992798760216801 -0.24344504649429599 0.14841391519555
v -0.248568805402446 -0.24344504649429599 0.14841391519555
v -0.22992798760216801 -0.24344504649429599 0.16705473299582799
v -0.22992798760216801 -0.24344504649429599 0.185695550796106
v -0.22992798760216801 -0.24344504649429599 0.20433636859638399
v -0.22992798760216801 -0.224804228694018 0.14841391519555
v -0.22992798760216801 -0.224804228694018 0.16705473299582799
v -0.22992798760216801 -0.224804228694018 0.185695550796106
v -0.248568805402446 -0.224804228694018 0.12977309739527201
v -0.22992798760216801 -0.224804228694018 0.12977309739527201
v -0.22992798760216801 -0.20616341089373999 0.12977309739527201
v -0.22992798760216801 -0.20616341089373999 0.14841391519555
v -0.22992798760216801 -0.20616341089373999 0.16705473299582799
v -0.22992798760216801 -0.20616341089373999 0.185695550796106
v -0.22992798760216801 -0.224804228694018 0.27889963979749699
v -0.22992798760216801 -0.20616341089373999 0.27889963979749699
v -0.22992798760216801 -0.224804228694018 0.29754045759777498
v -0.22992798760216801 -0.20616341089373999 0.29754045759777498
v -0.248568805402446 -0.20616341089373999 0.111132279594993
v -0.22992798760216801 -0.20616341089373999 0.111132279594993
v -0.22992798760216801 -0.187522593093462 0.111132279594993
v -0.22992798760216801 -0.187522593093462 0.12977309739527201
v -0.22992798760216801 -0.187522593093462 0.14841391519555
v -0.22992798760216801 -0.187522593093462 0.16705473299582799
v -0.22992798760216801 -0.187522593093462 0.185695550796106
v -0.22992798760216801 -0.20616341089373999 0.260258821997219
v -0.22992798760216801 -0.187522593093462 0.260258821997219
v -0.22992798760216801 -0.187522593093462 0.27889963979749699
v -0.22992798760216801 -0.187522593093462 0.29754045759777498
v -0.22992798760216801 -0.16888177529318399 0.111132279594993
v -0.22992798760216801 -0.16888177529318399 0.12977309739527201
v -0.22992798760216801 -0.16888177529318399 0.14841391519555
v -0.22992798760216801 -0.16888177529318399 0.16705473299582799
v -0.22992798760216801 -0.16888177529318399 0.185695550796106
v -0.22992798760216801 -0.187522593093462 0.24161800419693999
v -0.22992798760216801 -0.16888177529318399 0.24161800419693999
v -0.22992798760216801 -0.16888177529318399 0.260258821997219
v -0.22992798760216801 -0.16888177529318399 0.27889963979749699
v -0.22992798760216801 -0.16888177529318399 0.29754045759777498
v -0.22992798760216801 -0.150240957492906 0.111132279594993
v -0.22992798760216801 -0.150240957492906 0.12977309739527201
v -0.22992798760216801 -0.150240957492906 0.14841391519555
v -0.22992798760216801 -0.150240957492906 0.16705473299582799
v -0.22992798760216801 -0.150240957492906 0.185695550796106
v -0.22992798760216801 -0.16888177529318399 0.20433636859638399
v -0.22992798760216801 -0.150240957492906 0.20433636859638399
v -0.22992798760216801 -0.16888177529318399 0.222977186396662
v -0.22992798760216801 -0.150240957492906 0.222977186396662
v -0.22992798760216801 -0.150240957492906 0.24161800419693999
v -0.22992798760216801 -0.150240957492906 0.260258821997219
v -0.22992798760216801 -0.150240957492906 0.27889963979749699
v -0.22992798760216801 -0.150240957492906 0.092491461794715193
v -0.22992798760216801 -0.13160013969262799 0.092491461794715193
v -0.22992798760216801 -0.13160013969262799 0.111132279594993
v -0.22992798760216801 -0.13160013969262799 0.12977309739527201
v -0.22992798760216801 -0.13160013969262799 0.14841391519555
v -0.22992798760216801 -0.13160013969262799 0.16705473299582799
v -0.22992798760216801 -0.13160013969262799 0.185695550796106
v -0.22992798760216801 -0.13160013969262799 0.20433636859638399
v -0.22992798760216801 -0.13160013969262799 0.222977186396662
v -0.22992798760216801 -0.13160013969262799 0.24161800419693999
v -0.22992798760216801 -0.13160013969262799 0.260258821997219
v -0.22992798760216801 -0.13160013969262799 0.27889963979749699
v -0.22992798760216801 -0.112959321892349 0.092491461794715193
v -0.22992798760216801 -0.112959321892349 0.111132279594993
v -0.22992798760216801 -0.112959321892349 0.12977309739527201
v -0.22992798760216801 -0.112959321892349 0.14841391519555
v -0.22992798760216801 -0.112959321892349 0.16705473299582799
v -0.22992798760216801 -0.112959321892349 0.185695550796106
v -0.22992798760216801 -0.112959321892349 0.20433636859638399
v -0.22992798760216801 -0.112959321892349 0.222977186396662
v -0.22992798760216801 -0.112959321892349 0.24161800419693999
v -0.22992798760216801 -0.112959321892349 0.260258821997219
v -0.22992798760216801 -0.112959321892349 0.073850643994437096
v -0.22992798760216801 -0.094318504092071306 0.073850643994437096
v -0.22992798760216801 -0.094318504092071306 0.092491461794715193
v -0.22992798760216801 -0.094318504092071306 0.111132279594993
v -0.22992798760216801 -0.094318504092071306 0.12977309739527201
v -0.22992798760216801 -0.094318504092071306 0.14841391519555
v -0.22992798760216801 -0.094318504092071306 0.16705473299582799
v -0.22992798760216801 -0.094318504092071306 0.185695550796106
v -0.22992798760216801 -0.094318504092071306 0.20433636859638399
v -0.22992798760216801 -0.094318504092071306 0.222977186396662
v -0.22992798760216801 -0.094318504092071306 0.24161800419693999
v -0.22992798760216801 -0.094318504092071306 0.260258821997219
v -0.22992798760216801 -0.075677686291793098 0.073850643994437096
v -0.22992798760216801 -0.075677686291793098 0.092491461794715193
v -0.22992798760216801 -0.075677686291793098 0.111132279594993
v -0.22992798760216801 -0.075677686291793098 0.12977309739527201
v -0.22992798760216801 -0.075677686291793098 0.14841391519555
v -0.22992798760216801 -0.075677686291793098 0.16705473299582799
v -0.22992798760216801 -0.075677686291793098 0.185695550796106
v -0.22992798760216801 -0.075677686291793098 0.20433636859638399
v -0.22992798760216801 -0.075677686291793098 0.222977186396662
v -0.22992798760216801 -0.075677686291793098 0.24161800419693999
v -0.22992798760216801 -0.075677686291793098 0.260258821997219
v -0.22992798760216801 -0.075677686291793098 0.055209826194158901
v -0.22992798760216801 -0.057036868491515 0.055209826194158901
v -0.22992798760216801 -0.057036868491515 0.073850643994437096
v -0.22992798760216801 -0.057036868491515 0.092491461794715193
v -0.22992798760216801 -0.057036868491515 0.111132279594993
v -0.22992798760216801 -0.057036868491515 0.12977309739527201
v -0.22992798760216801 -0.057036868491515 0.14841391519555
v -0.22992798760216801 -0.057036868491515 0.16705473299582799
v -0.22992798760216801 -0.057036868491515 0.185695550796106
v -0.22992798760216801 -0.057036868491515 0.20433636859638399
v -0.22992798760216801 -0.057036868491515 0.222977186396662
v -0.22992798760216801 -0.057036868491515 0.24161800419693999
v -0.22992798760216801 -0.038396050691236798 0.055209826194158901
v -0.22992798760216801 -0.038396050691236798 0.073850643994437096
v -0.22992798760216801 -0.038396050691236798 0.092491461794715193
v -0.22992798760216801 -0.038396050691236798 0.111132279594993
v -0.22992798760216801 -0.038396050691236798 0.12977309739527201
v -0.22992798760216801 -0.038396050691236798 0.14841391519555
v -0.22992798760216801 -0.038396050691236798 0.16705473299582799
v -0.22992798760216801 -0.038396050691236798 0.185695550796106
v -0.22992798760216801 -0.038396050691236798 0.20433636859638399
v -0.22992798760216801 -0.038396050691236798 0.222977186396662
v -0.22992798760216801 -0.038396050691236798 0.24161800419693999
v -0.22992798760216801 -0.0197552328909587 0.055209826194158901
v -0.22992798760216801 -0.0197552328909587 0.073850643994437096
v -0.22992798760216801 -0.0197552328909587 0.092491461794715193
v -0.248568805402446 -0.0197552328909587 0.092491461794715193
v -0.22992798760216801 -0.0197552328909587 0.111132279594993
v -0.22992798760216801 -0.0197552328909587 0.12977309739527201
v -0.22992798760216801 -0.0197552328909587 0.14841391519555
v -0.22992798760216801 -0.0197552328909587 0.16705473299582799
v -0.22992798760216801 -0.0197552328909587 0.185695550796106
v -0.22992798760216801 -0.0197552328909587 0.20433636859638399
v -0.22992798760216801 -0.0197552328909587 0.222977186396662
v -0.22992798760216801 -0.0197552328909587 0.24161800419693999
v -0.248568805402446 -0.0197552328909587 0.24161800419693999
v -0.22992798760216801 -0.0197552328909587 0.036569008393880803
v -0.22992798760216801 -0.0011144150906804999 0.036569008393880803
v -0.22992798760216801 -0.0011144150906804999 0.055209826194158901
v -0.22992798760216801 -0.0011144150906804999 0.12977309739527201
v -0.22992798760216801 -0.0011144150906804999 0.14841391519555
v -0.22992798760216801 -0.0011144150906804999 0.16705473299582799
v -0.248568805402446 -0.0011144150906804999 0.16705473299582799
v -0.22992798760216801 -0.0011144150906804999 0.185695550796106
v -0.22992798760216801 -0.0011144150906804999 0.20433636859638399
v -0.22992798760216801 -0.0011144150906804999 0.222977186396662
v -0.22992798760216801 0.0175264027095977 0.185695550796106
v -0.22992798760216801 0.0175264027095977 0.20433636859638399
v -0.22992798760216801 0.0175264027095977 0.222977186396662
v -0.22992798760216801 0.036167220509875801 0.185695550796106
v -0.22992798760216801 0.036167220509875801 0.20433636859638399
v -0.22992798760216801 0.036167220509875801 0.222977186396662
v -0.248568805402446 0.036167220509875801 0.222977186396662
v -0.22992798760216801 0.054808038310153899 0.185695550796106
v -0.248568805402446 0.054808038310153899 0.185695550796106
v -0.22992798760216801 0.054808038310153899 0.20433636859638399
v -0.248568805402446 0.054808038310153899 0.20433636859638399
v -0.22992798760216801 0.073448856110432101 0.185695550796106
v -0.248568805402446 0.073448856110432101 0.185695550796106
v -0.22992798760216801 0.073448856110432101 0.20433636859638399
v -0.248568805402446 0.073448856110432101 0.20433636859638399
v -0.21128716980189 -0.28072668209485302 0.16705473299582799
v -0.21128716980189 -0.26208586429457498 0.16705473299582799
v -0.21128716980189 -0.28072668209485302 0.185695550796106
v -0.21128716980189 -0.26208586429457498 0.185695550796106
v -0.21128716980189 -0.26208586429457498 0.14841391519555
v -0.21128716980189 -0.24344504649429599 0.14841391519555
v -0.21128716980189 -0.24344504649429599 0.16705473299582799
v -0.21128716980189 -0.224804228694018 0.14841391519555
v -0.21128716980189 -0.224804228694018 0.16705473299582799
v -0.21128716980189 -0.224804228694018 0.12977309739527201
v -0.21128716980189 -0.20616341089373999 0.12977309739527201
v -0.21128716980189 -0.20616341089373999 0.14841391519555
v -0.21128716980189 -0.20616341089373999 0.16705473299582799
v -0.21128716980189 -0.187522593093462 0.12977309739527201
v -0.21128716980189 -0.187522593093462 0.14841391519555
v -0.21128716980189 -0.16888177529318399 0.12977309739527201
v -0.21128716980189 -0.16888177529318399 0.14841391519555
v -0.21128716980189 -0.16888177529318399 0.111132279594993
v -0.21128716980189 -0.150240957492906 0.111132279594993
v -0.21128716980189 -0.150240957492906 0.12977309739527201
v -0.21128716980189 -0.150240957492906 0.14841391519555
v -0.21128716980189 -0.16888177529318399 0.16705473299582799
v -0.21128716980189 -0.150240957492906 0.16705473299582799
v -0.21128716980189 -0.13160013969262799 0.111132279594993
v -0.21128716980189 -0.13160013969262799 0.12977309739527201
v -0.21128716980189 -0.13160013969262799 0.14841391519555
v -0.21128716980189 -0.13160013969262799 0.16705473299582799
v -0.21128716980189 -0.150240957492906 0.185695550796106
v -0.21128716980189 -0.13160013969262799 0.185695550796106
v -0.21128716980189 -0.150240957492906 0.20433636859638399
v -0.21128716980189 -0.13160013969262799 0.20433636859638399
v -0.21128716980189 -0.150240957492906 0.222977186396662
v -0.21128716980189 -0.13160013969262799 0.222977186396662
v -0.21128716980189 -0.13160013969262799 0.092491461794715193
v -0.21128716980189 -0.112959321892349 0.092491461794715193
v -0.21128716980189 -0.112959321892349 0.111132279594993
v -0.21128716980189 -0.112959321892349 0.12977309739527201
v -0.21128716980189 -0.112959321892349 0.14841391519555
v -0.21128716980189 -0.112959321892349 0.16705473299582799
v -0.21128716980189 -0.112959321892349 0.185695550796106
v -0.21128716980189 -0.112959321892349 0.20433636859638399
v -0.21128716980189 -0.112959321892349 0.222977186396662
v -0.21128716980189 -0.13160013969262799 0.24161800419693999
v -0.21128716980189 -0.112959321892349 0.24161800419693999
v -0.21128716980189 -0.112959321892349 0.073850643994437096
v -0.21128716980189 -0.094318504092071306 0.073850643994437096
v -0.21128716980189 -0.094318504092071306 0.092491461794715193
v -0.21128716980189 -0.094318504092071306 0.111132279594993
v -0.21128716980189 -0.094318504092071306 0.12977309739527201
v -0.21128716980189 -0.094318504092071306 0.14841391519555
v -0.21128716980189 -0.094318504092071306 0.16705473299582799
v -0.21128716980189 -0.094318504092071306 0.185695550796106
v -0.21128716980189 -0.094318504092071306 0.20433636859638399
v -0.21128716980189 -0.094318504092071306 0.222977186396662
v -0.21128716980189 -0.094318504092071306 0.24161800419693999
v -0.21128716980189 -0.075677686291793098 0.073850643994437096
v -0.21128716980189 -0.075677686291793098 0.092491461794715193
v -0.21128716980189 -0.075677686291793098 0.111132279594993
v -0.21128716980189 -0.075677686291793098 0.12977309739527201
v -0.21128716980189 -0.075677686291793098 0.14841391519555
v -0.21128716980189 -0.075677686291793098 0.16705473299582799
v -0.21128716980189 -0.075677686291793098 0.185695550796106
v -0.21128716980189 -0.075677686291793098 0.20433636859638399
v -0.21128716980189 -0.075677686291793098 0.222977186396662
v -0.21128716980189 -0.075677686291793098 0.24161800419693999
v -0.21128716980189 -0.094318504092071306 0.260258821997219
v -0.21128716980189 -0.075677686291793098 0.260258821997219
v -0.21128716980189 -0.075677686291793098 0.055209826194158901
v -0.21128716980189 -0.057036868491515 0.055209826194158901
v -0.21128716980189 -0.057036868491515 0.073850643994437096
v -0.21128716980189 -0.057036868491515 0.092491461794715193
v -0.21128716980189 -0.057036868491515 0.111132279594993
v -0.21128716980189 -0.057036868491515 0.12977309739527201
v -0.21128716980189 -0.057036868491515 0.14841391519555
v -0.21128716980189 -0.057036868491515 0.16705473299582799
v -0.21128716980189 -0.057036868491515 0.185695550796106
v -0.21128716980189 -0.057036868491515 0.20433636859638399
v -0.21128716980189 -0.057036868491515 0.222977186396662
v -0.21128716980189 -0.057036868491515 0.24161800419693999
v -0.21128716980189 -0.038396050691236798 0.055209826194158901
v -0.21128716980189 -0.038396050691236798 0.073850643994437096
v -0.21128716980189 -0.038396050691236798 0.092491461794715193
v -0.21128716980189 -0.038396050691236798 0.111132279594993
v -0.21128716980189 -0.038396050691236798 0.12977309739527201
v -0.21128716980189 -0.038396050691236798 0.14841391519555
v -0.21128716980189 -0.038396050691236798 0.16705473299582799
v -0.21128716980189 -0.038396050691236798 0.185695550796106
v -0.21128716980189 -0.038396050691236798 0.20433636859638399
v -0.21128716980189 -0.038396050691236798 0.222977186396662
v -0.21128716980189 -0.038396050691236798 0.24161800419693999
v -0.22992798760216801 -0.038396050691236798 0.036569008393880803
v -0.21128716980189 -0.038396050691236798 0.036569008393880803
v -0.21128716980189 -0.0197552328909587 0.036569008393880803
v -0.21128716980189 -0.0197552328909587 0.055209826194158901
v -0.21128716980189 -0.0197552328909587 0.073850643994437096
v -0.21128716980189 -0.0197552328909587 0.092491461794715193
v -0.21128716980189 -0.0197552328909587 0.111132279594993
v -0.21128716980189 -0.0197552328909587 0.12977309739527201
v -0.21128716980189 -0.0197552328909587 0.14841391519555
v -0.21128716980189 -0.0197552328909587 0.16705473299582799
v -0.21128716980189 -0.0197552328909587 0.185695550796106
v -0.21128716980189 -0.0197552328909587 0.20433636859638399
v -0.21128716980189 -0.0197552328909587 0.222977186396662
v -0.21128716980189 -0.0197552328909587 0.24161800419693999
v -0.21128716980189 -0.0011144150906804999 0.111132279594993
v -0.22992798760216801 -0.0011144150906804999 0.111132279594993
v -0.21128716980189 -0.0011144150906804999 0.12977309739527201
v -0.21128716980189 -0.0011144150906804999 0.14841391519555
v -0.21128716980189 -0.0011144150906804999 0.16705473299582799
v -0.21128716980189 -0.0011144150906804999 0.185695550796106
v -0.21128716980189 -0.0011144150906804999 0.20433636859638399
v -0.21128716980189 -0.0011144150906804999 0.222977186396662
v -0.21128716980189 -0.0011144150906804999 0.24161800419693999
v -0.22992798760216801 -0.0011144150906804999 0.24161800419693999
v -0.21128716980189 0.0175264027095977 0.185695550796106
v -0.21128716980189 0.0175264027095977 0.20433636859638399
v -0.21128716980189 0.0175264027095977 0.222977186396662
v -0.21128716980189 0.036167220509875801 0.185695550796106
v -0.21128716980189 0.036167220509875801 0.20433636859638399
v -0.22992798760216801 0.18529376291210101 0.12977309739527201
v -0.21128716980189 0.18529376291210101 0.12977309739527201
v -0.21128716980189 0.20393458071237899 0.12977309739527201
v -0.22992798760216801 0.20393458071237899 0.12977309739527201
v -0.22992798760216801 0.18529376291210101 0.14841391519555
v -0.21128716980189 0.18529376291210101 0.14841391519555
v -0.21128716980189 0.20393458071237899 0.14841391519555
v -0.22992798760216801 0.20393458071237899 0.14841391519555
v -0.21128716980189 0.22257539851265701 0.12977309739527201
v -0.22992798760216801 0.22257539851265701 0.12977309739527201
v -0.21128716980189 0.22257539851265701 0.14841391519555
v -0.22992798760216801 0.22257539851265701 0.14841391519555
v -0.21128716980189 0.24121621631293499 0.12977309739527201
v -0.22992798760216801 0.24121621631293499 0.12977309739527201
v -0.21128716980189 0.24121621631293499 0.14841391519555
v -0.22992798760216801 0.24121621631293499 0.14841391519555
v -0.21128716980189 0.25985703411321398 0.12977309739527201
v -0.22992798760216801 0.25985703411321398 0.12977309739527201
v -0.21128716980189 0.25985703411321398 0.14841391519555
v -0.22992798760216801 0.25985703411321398 0.14841391519555
v -0.21128716980189 0.27849785191349202 0.12977309739527201
v -0.22992798760216801 0.27849785191349202 0.12977309739527201
v -0.21128716980189 0.27849785191349202 0.14841391519555
v -0.22992798760216801 0.27849785191349202 0.14841391519555
v -0.21128716980189 0.29713866971377001 0.12977309739527201
v -0.22992798760216801 0.29713866971377001 0.12977309739527201
v -0.21128716980189 0.29713866971377001 0.14841391519555
v -0.22992798760216801 0.29713866971377001 0.14841391519555
v -0.21128716980189 0.315779487514048 0.12977309739527201
v -0.22992798760216801 0.315779487514048 0.12977309739527201
v -0.21128716980189 0.315779487514048 0.14841391519555
v -0.22992798760216801 0.315779487514048 0.14841391519555
v -0.21128716980189 0.33442030531432598 0.12977309739527201
v -0.22992798760216801 0.33442030531432598 0.12977309739527201
v -0.21128716980189 0.33442030531432598 0.14841391519555
v -0.22992798760216801 0.33442030531432598 0.14841391519555
v -0.21128716980189 -0.37393077109624401 0.27889963979749699
v -0.19264635200161201 -0.37393077109624401 0.27889963979749699
v -0.19264635200161201 -0.35528995329596502 0.27889963979749699
v -0.21128716980189 -0.35528995329596502 0.27889963979749699
v -0.21128716980189 -0.37393077109624401 0.29754045759777498
v -0.19264635200161201 -0.37393077109624401 0.29754045759777498
v -0.19264635200161201 -0.35528995329596502 0.29754045759777498
v -0.21128716980189 -0.35528995329596502 0.29754045759777498
v -0.19264635200161201 -0.33664913549568698 0.27889963979749699
v -0.21128716980189 -0.33664913549568698 0.27889963979749699
v -0.19264635200161201 -0.33664913549568698 0.29754045759777498
v -0.21128716980189 -0.33664913549568698 0.29754045759777498
v -0.21128716980189 -0.187522593093462 0.185695550796106
v -0.19264635200161201 -0.187522593093462 0.185695550796106
v -0.19264635200161201 -0.16888177529318399 0.185695550796106
v -0.21128716980189 -0.16888177529318399 0.185695550796106
v -0.21128716980189 -0.187522593093462 0.20433636859638399
v -0.19264635200161201 -0.187522593093462 0.20433636859638399
v -0.19264635200161201 -0.16888177529318399 0.20433636859638399
v -0.21128716980189 -0.16888177529318399 0.20433636859638399
v -0.21128716980189 -0.187522593093462 0.222977186396662
v -0.19264635200161201 -0.187522593093462 0.222977186396662
v -0.19264635200161201 -0.16888177529318399 0.222977186396662
v -0.21128716980189 -0.16888177529318399 0.222977186396662
v -0.19264635200161201 -0.16888177529318399 0.12977309739527201
v -0.19264635200161201 -0.150240957492906 0.12977309739527201
v -0.19264635200161201 -0.16888177529318399 0.14841391519555
v -0.19264635200161201 -0.150240957492906 0.14841391519555
v -0.19264635200161201 -0.16888177529318399 0.16705473299582799
v -0.19264635200161201 -0.150240957492906 0.16705473299582799
v -0.19264635200161201 -0.150240957492906 0.185695550796106
v -0.19264635200161201 -0.150240957492906 0.20433636859638399
v -0.19264635200161201 -0.150240957492906 0.222977186396662
v -0.21128716980189 -0.16888177529318399 0.24161800419693999
v -0.19264635200161201 -0.16888177529318399 0.24161800419693999
v -0.19264635200161201 -0.150240957492906 0.24161800419693999
v -0.21128716980189 -0.150240957492906 0.24161800419693999
v -0.21128716980189 -0.16888177529318399 0.260258821997219
v -0.19264635200161201 -0.16888177529318399 0.260258821997219
v -0.19264635200161201 -0.150240957492906 0.260258821997219
v -0.21128716980189 -0.150240957492906 0.260258821997219
v -0.21128716980189 -0.16888177529318399 0.27889963979749699
v -0.19264635200161201 -0.16888177529318399 0.27889963979749699
v -0.19264635200161201 -0.150240957492906 0.27889963979749699
v -0.21128716980189 -0.150240957492906 0.27889963979749699
v -0.19264635200161201 -0.150240957492906 0.111132279594993
v -0.19264635200161201 -0.13160013969262799 0.111132279594993
v -0.19264635200161201 -0.13160013969262799 0.12977309739527201
v -0.19264635200161201 -0.13160013969262799 0.14841391519555
v -0.19264635200161201 -0.13160013969262799 0.16705473299582799
v -0.19264635200161201 -0.13160013969262799 0.185695550796106
v -0.19264635200161201 -0.13160013969262799 0.20433636859638399
v -0.19264635200161201 -0.13160013969262799 0.222977186396662
v -0.19264635200161201 -0.13160013969262799 0.24161800419693999
v -0.19264635200161201 -0.13160013969262799 0.260258821997219
v -0.21128716980189 -0.13160013969262799 0.260258821997219
v -0.19264635200161201 -0.13160013969262799 0.092491461794715193
v -0.19264635200161201 -0.112959321892349 0.092491461794715193
v -0.19264635200161201 -0.112959321892349 0.111132279594993
v -0.19264635200161201 -0.112959321892349 0.12977309739527201
v -0.19264635200161201 -0.112959321892349 0.14841391519555
v -0.19264635200161201 -0.112959321892349 0.16705473299582799
v -0.19264635200161201 -0.112959321892349 0.185695550796106
v -0.19264635200161201 -0.112959321892349 0.20433636859638399
v -0.19264635200161201 -0.112959321892349 0.222977186396662
v -0.19264635200161201 -0.112959321892349 0.24161800419693999
v -0.19264635200161201 -0.112959321892349 0.260258821997219
v -0.21128716980189 -0.112959321892349 0.260258821997219
v -0.19264635200161201 -0.112959321892349 0.073850643994437096
v -0.19264635200161201 -0.094318504092071306 0.073850643994437096
v -0.19264635200161201 -0.094318504092071306 0.092491461794715193
v -0.19264635200161201 -0.094318504092071306 0.111132279594993
v -0.19264635200161201 -0.094318504092071306 0.12977309739527201
v -0.19264635200161201 -0.094318504092071306 0.14841391519555
v -0.19264635200161201 -0.094318504092071306 0.16705473299582799
v -0.19264635200161201 -0.094318504092071306 0.185695550796106
v -0.19264635200161201 -0.094318504092071306 0.20433636859638399
v -0.19264635200161201 -0.094318504092071306 0.222977186396662
v -0.19264635200161201 -0.094318504092071306 0.24161800419693999
v -0.19264635200161201 -0.094318504092071306 0.260258821997219
v -0.19264635200161201 -0.075677686291793098 0.073850643994437096
v -0.19264635200161201 -0.075677686291793098 0.092491461794715193
v -0.19264635200161201 -0.075677686291793098 0.111132279594993
v -0.19264635200161201 -0.075677686291793098 0.12977309739527201
v -0.19264635200161201 -0.075677686291793098 0.14841391519555
v -0.19264635200161201 -0.075677686291793098 0.16705473299582799
v -0.19264635200161201 -0.075677686291793098 0.185695550796106
v -0.19264635200161201 -0.075677686291793098 0.20433636859638399
v -0.19264635200161201 -0.075677686291793098 0.222977186396662
v -0.19264635200161201 -0.075677686291793098 0.24161800419693999
v -0.19264635200161201 -0.075677686291793098 0.260258821997219
v -0.19264635200161201 -0.075677686291793098 0.055209826194158901
v -0.19264635200161201 -0.057036868491515 0.055209826194158901
v -0.19264635200161201 -0.057036868491515 0.073850643994437096
v -0.19264635200161201 -0.057036868491515 0.092491461794715193
v -0.19264635200161201 -0.057036868491515 0.111132279594993
v -0.19264635200161201 -0.057036868491515 0.12977309739527201
v -0.19264635200161201 -0.057036868491515 0.14841391519555
v -0.19264635200161201 -0.057036868491515 0.16705473299582799
v -0.19264635200161201 -0.057036868491515 0.185695550796106
v -0.19264635200161201 -0.057036868491515 0.20433636859638399
v -0.19264635200161201 -0.057036868491515 0.222977186396662
v -0.19264635200161201 -0.057036868491515 0.24161800419693999
v -0.19264635200161201 -0.038396050691236798 0.055209826194158901
v -0.19264635200161201 -0.038396050691236798 0.073850643994437096
v -0.19264635200161201 -0.038396050691236798 0.092491461794715193
v -0.19264635200161201 -0.038396050691236798 0.111132279594993
v -0.19264635200161201 -0.038396050691236798 0.12977309739527201
v -0.19264635200161201 -0.038396050691236798 0.14841391519555
v -0.19264635200161201 -0.038396050691236798 0.16705473299582799
v -0.19264635200161201 -0.038396050691236798 0.185695550796106
v -0.19264635200161201 -0.038396050691236798 0.20433636859638399
v -0.19264635200161201 -0.038396050691236798 0.222977186396662
v -0.19264635200161201 -0.038396050691236798 0.24161800419693999
v -0.19264635200161201 -0.0197552328909587 0.055209826194158901
v -0.19264635200161201 -0.0197552328909587 0.073850643994437096
v -0.19264635200161201 -0.0197552328909587 0.092491461794715193
v -0.19264635200161201 -0.0197552328909587 0.111132279594993
v -0.19264635200161201 -0.0197552328909587 0.12977309739527201
v -0.19264635200161201 -0.0197552328909587 0.14841391519555
v -0.19264635200161201 -0.0197552328909587 0.16705473299582799
v -0.19264635200161201 -0.0197552328909587 0.185695550796106
v -0.19264635200161201 -0.0197552328909587 0.20433636859638399
v -0.19264635200161201 -0.0197552328909587 0.222977186396662
v -0.19264635200161201 -0.0197552328909587 0.24161800419693999
v -0.19264635200161201 -0.0011144150906804999 0.111132279594993
v -0.19264635200161201 -0.0011144150906804999 0.12977309739527201
v -0.19264635200161201 -0.0011144150906804999 0.14841391519555
v -0.19264635200161201 -0.0011144150906804999 0.16705473299582799
v -0.19264635200161201 -0.0011144150906804999 0.185695550796106
v -0.19264635200161201 -0.0011144150906804999 0.20433636859638399
v -0.19264635200161201 -0.0011144150906804999 0.222977186396662
v -0.19264635200161201 0.0175264027095977 0.111132279594993
v -0.21128716980189 0.0175264027095977 0.111132279594993
v -0.19264635200161201 0.0175264027095977 0.12977309739527201
v -0.21128716980189 0.0175264027095977 0.12977309739527201
v -0.19264635200161201 0.0175264027095977 0.14841391519555
v -0.21128716980189 0.0175264027095977 0.14841391519555
v -0.19264635200161201 0.0175264027095977 0.185695550796106
v -0.19264635200161201 0.0175264027095977 0.20433636859638399
v -0.19264635200161201 0.0175264027095977 0.222977186396662
v -0.19264635200161201 0.036167220509875801 0.185695550796106
v -0.19264635200161201 0.036167220509875801 0.20433636859638399
v -0.21128716980189 0.14801212731154501 0.12977309739527201
v -0.19264635200161201 0.14801212731154501 0.12977309739527201
v -0.19264635200161201 0.16665294511182299 0.12977309739527201
v -0.21128716980189 0.16665294511182299 0.12977309739527201
v -0.21128716980189 0.14801212731154501 0.14841391519555
v -0.19264635200161201 0.14801212731154501 0.14841391519555
v -0.19264635200161201 0.16665294511182299 0.14841391519555
v -0.21128716980189 0.16665294511182299 0.14841391519555
v -0.19264635200161201 0.18529376291210101 0.12977309739527201
v -0.19264635200161201 0.18529376291210101 0.14841391519555
v -0.21128716980189 0.18529376291210101 0.111132279594993
v -0.19264635200161201 0.18529376291210101 0.111132279594993
v -0.19264635200161201 0.20393458071237899 0.111132279594993
v -0.21128716980189 0.20393458071237899 0.111132279594993
v -0.19264635200161201 0.20393458071237899 0.12977309739527201
v -0.19264635200161201 0.20393458071237899 0.14841391519555
v -0.21128716980189 0.18529376291210101 0.16705473299582799
v -0.19264635200161201 0.18529376291210101 0.16705473299582799
v -0.19264635200161201 0.20393458071237899 0.16705473299582799
v -0.21128716980189 0.20393458071237899 0.16705473299582799
v -0.19264635200161201 0.22257539851265701 0.111132279594993
v -0.21128716980189 0.22257539851265701 0.111132279594993
v -0.19264635200161201 0.22257539851265701 0.12977309739527201
v -0.19264635200161201 0.22257539851265701 0.14841391519555
v -0.19264635200161201 0.22257539851265701 0.16705473299582799
v -0.21128716980189 0.22257539851265701 0.16705473299582799
v -0.21128716980189 0.20393458071237899 0.185695550796106
v -0.19264635200161201 0.20393458071237899 0.185695550796106
v -0.19264635200161201 0.22257539851265701 0.185695550796106
v -0.21128716980189 0.22257539851265701 0.185695550796106
v -0.19264635200161201 0.24121621631293499 0.111132279594993
v -0.21128716980189 0.24121621631293499 0.111132279594993
v -0.19264635200161201 0.24121621631293499 0.12977309739527201
v -0.19264635200161201 0.24121621631293499 0.14841391519555
v -0.19264635200161201 0.24121621631293499 0.16705473299582799
v -0.21128716980189 0.24121621631293499 0.16705473299582799
v -0.19264635200161201 0.24121621631293499 0.185695550796106
v -0.21128716980189 0.24121621631293499 0.185695550796106
v -0.19264635200161201 0.25985703411321398 0.111132279594993
v -0.21128716980189 0.25985703411321398 0.111132279594993
v -0.19264635200161201 0.25985703411321398 0.12977309739527201
v -0.19264635200161201 0.25985703411321398 0.14841391519555
v -0.19264635200161201 0.25985703411321398 0.16705473299582799
v -0.21128716980189 0.25985703411321398 0.16705473299582799
v -0.19264635200161201 0.25985703411321398 0.185695550796106
v -0.21128716980189 0.25985703411321398 0.185695550796106
v -0.19264635200161201 0.27849785191349202 0.111132279594993
v -0.21128716980189 0.27849785191349202 0.111132279594993
v -0.19264635200161201 0.27849785191349202 0.12977309739527201
v -0.19264635200161201 0.27849785191349202 0.14841391519555
v -0.19264635200161201 0.27849785191349202 0.16705473299582799
v -0.21128716980189 0.27849785191349202 0.16705473299582799
v -0.19264635200161201 0.27849785191349202 0.185695550796106
v -0.21128716980189 0.27849785191349202 0.185695550796106
v -0.19264635200161201 0.29713866971377001 0.111132279594993
v -0.21128716980189 0.29713866971377001 0.111132279594993
v -0.19264635200161201 0.29713866971377001 0.12977309739527201
v -0.19264635200161201 0.29713866971377001 0.14841391519555
v -0.19264635200161201 0.29713866971377001 0.16705473299582799
v -0.21128716980189 0.29713866971377001 0.16705473299582799
v -0.19264635200161201 0.29713866971377001 0.185695550796106
v -0.21128716980189 0.29713866971377001 0.185695550796106
v -0.19264635200161201 0.315779487514048 0.111132279594993
v -0.21128716980189 0.315779487514048 0.111132279594993
v -0.19264635200161201 0.315779487514048 0.12977309739527201
v -0.19264635200161201 0.315779487514048 0.14841391519555
v -0.19264635200161201 0.315779487514048 0.16705473299582799
v -0.21128716980189 0.315779487514048 0.16705473299582799
v -0.19264635200161201 0.315779487514048 0.185695550796106
v -0.21128716980189 0.315779487514048 0.185695550796106
v -0.19264635200161201 0.33442030531432598 0.12977309739527201
v -0.19264635200161201 0.33442030531432598 0.14841391519555
v -0.19264635200161201 0.33442030531432598 0.16705473299582799
v -0.21128716980189 0.33442030531432598 0.16705473299582799
v -0.19264635200161201 0.35306112311460403 0.12977309739527201
v -0.21128716980189 0.35306112311460403 0.12977309739527201
v -0.19264635200161201 0.35306112311460403 0.14841391519555
v -0.21128716980189 0.35306112311460403 0.14841391519555
v -0.19264635200161201 -0.37393077109624401 0.24161800419693999
v -0.17400553420133399 -0.37393077109624401 0.24161800419693999
v -0.17400553420133399 -0.35528995329596502 0.24161800419693999
v -0.19264635200161201 -0.35528995329596502 0.24161800419693999
v -0.19264635200161201 -0.37393077109624401 0.260258821997219
v -0.17400553420133399 -0.37393077109624401 0.260258821997219
v -0.17400553420133399 -0.35528995329596502 0.260258821997219
v -0.19264635200161201 -0.35528995329596502 0.260258821997219
v -0.17400553420133399 -0.37393077109624401 0.27889963979749699
v -0.17400553420133399 -0.35528995329596502 0.27889963979749699
v -0.17400553420133399 -0.37393077109624401 0.29754045759777498
v -0.17400553420133399 -0.35528995329596502 0.29754045759777498
v -0.19264635200161201 -0.37393077109624401 0.31618127539805302
v -0.17400553420133399 -0.37393077109624401 0.31618127539805302
v -0.17400553420133399 -0.35528995329596502 0.31618127539805302
v -0.19264635200161201 -0.35528995329596502 0.31618127539805302
v -0.17400553420133399 -0.33664913549568698 0.24161800419693999
v -0.19264635200161201 -0.33664913549568698 0.24161800419693999
v -0.17400553420133399 -0.33664913549568698 0.260258821997219
v -0.19264635200161201 -0.33664913549568698 0.260258821997219
v -0.17400553420133399 -0.33664913549568698 0.27889963979749699
v -0.17400553420133399 -0.33664913549568698 0.29754045759777498
v -0.17400553420133399 -0.33664913549568698 0.31618127539805302
v -0.19264635200161201 -0.33664913549568698 0.31618127539805302
v -0.19264635200161201 -0.35528995329596502 0.33482209319833101
v -0.17400553420133399 -0.35528995329596502 0.33482209319833101
v -0.17400553420133399 -0.33664913549568698 0.33482209319833101
v -0.19264635200161201 -0.33664913549568698 0.33482209319833101
v -0.17400553420133399 -0.31800831769540899 0.260258821997219
v -0.19264635200161201 -0.31800831769540899 0.260258821997219
v -0.17400553420133399 -0.31800831769540899 0.27889963979749699
v -0.19264635200161201 -0.31800831769540899 0.27889963979749699
v -0.17400553420133399 -0.31800831769540899 0.29754045759777498
v -0.19264635200161201 -0.31800831769540899 0.29754045759777498
v -0.17400553420133399 -0.31800831769540899 0.31618127539805302
v -0.19264635200161201 -0.31800831769540899 0.31618127539805302
v -0.17400553420133399 -0.31800831769540899 0.33482209319833101
v -0.19264635200161201 -0.31800831769540899 0.33482209319833101
v -0.19264635200161201 -0.31800831769540899 0.24161800419693999
v -0.17400553420133399 -0.31800831769540899 0.24161800419693999
v -0.17400553420133399 -0.29936749989513101 0.24161800419693999
v -0.19264635200161201 -0.29936749989513101 0.24161800419693999
v -0.17400553420133399 -0.29936749989513101 0.260258821997219
v -0.19264635200161201 -0.29936749989513101 0.260258821997219
v -0.17400553420133399 -0.29936749989513101 0.27889963979749699
v -0.19264635200161201 -0.29936749989513101 0.27889963979749699
v -0.17400553420133399 -0.29936749989513101 0.29754045759777498
v -0.19264635200161201 -0.29936749989513101 0.29754045759777498
v -0.17400553420133399 -0.28072668209485302 0.24161800419693999
v -0.19264635200161201 -0.28072668209485302 0.24161800419693999
v -0.17400553420133399 -0.28072668209485302 0.260258821997219
v -0.19264635200161201 -0.28072668209485302 0.260258821997219
v -0.17400553420133399 -0.28072668209485302 0.27889963979749699
v -0.19264635200161201 -0.28072668209485302 0.27889963979749699
v -0.17400553420133399 -0.26208586429457498 0.24161800419693999
v -0.19264635200161201 -0.26208586429457498 0.24161800419693999
v -0.17400553420133399 -0.26208586429457498 0.260258821997219
v -0.19264635200161201 -0.26208586429457498 0.260258821997219
v -0.17400553420133399 -0.26208586429457498 0.27889963979749699
v -0.19264635200161201 -0.26208586429457498 0.27889963979749699
v -0.19264635200161201 -0.28072668209485302 0.29754045759777498
v -0.17400553420133399 -0.28072668209485302 0.29754045759777498
v -0.17400553420133399 -0.26208586429457498 0.29754045759777498
v -0.19264635200161201 -0.26208586429457498 0.29754045759777498
v -0.19264635200161201 -0.28072668209485302 0.31618127539805302
v -0.17400553420133399 -0.28072668209485302 0.31618127539805302
v -0.17400553420133399 -0.26208586429457498 0.31618127539805302
v -0.19264635200161201 -0.26208586429457498 0.31618127539805302
v -0.19264635200161201 -0.26208586429457498 0.222977186396662
v -0.17400553420133399 -0.26208586429457498 0.222977186396662
v -0.17400553420133399 -0.24344504649429599 0.222977186396662
v -0.19264635200161201 -0.24344504649429599 0.222977186396662
v -0.17400553420133399 -0.24344504649429599 0.24161800419693999
v -0.19264635200161201 -0.24344504649429599 0.24161800419693999
v -0.17400553420133399 -0.24344504649429599 0.260258821997219
v -0.19264635200161201 -0.24344504649429599 0.260258821997219
v -0.19264635200161201 -0.24344504649429599 0.20433636859638399
v -0.17400553420133399 -0.24344504649429599 0.20433636859638399
v -0.17400553420133399 -0.224804228694018 0.20433636859638399
v -0.19264635200161201 -0.224804228694018 0.20433636859638399
v -0.17400553420133399 -0.224804228694018 0.222977186396662
v -0.19264635200161201 -0.224804228694018 0.222977186396662
v -0.17400553420133399 -0.224804228694018 0.24161800419693999
v -0.19264635200161201 -0.224804228694018 0.24161800419693999
v -0.17400553420133399 -0.224804228694018 0.260258821997219
v -0.19264635200161201 -0.224804228694018 0.260258821997219
v -0.17400553420133399 -0.20616341089373999 0.20433636859638399
v -0.19264635200161201 -0.20616341089373999 0.20433636859638399
v -0.17400553420133399 -0.20616341089373999 0.222977186396662
v -0.19264635200161201 -0.20616341089373999 0.222977186396662
v -0.17400553420133399 -0.20616341089373999 0.24161800419693999
v -0.19264635200161201 -0.20616341089373999 0.24161800419693999
v -0.17400553420133399 -0.20616341089373999 0.260258821997219
v -0.19264635200161201 -0.20616341089373999 0.260258821997219
v -0.19264635200161201 -0.20616341089373999 0.12977309739527201
v -0.17400553420133399 -0.20616341089373999 0.12977309739527201
v -0.17400553420133399 -0.187522593093462 0.12977309739527201
v -0.19264635200161201 -0.187522593093462 0.12977309739527201
v -0.19264635200161201 -0.20616341089373999 0.14841391519555
v -0.17400553420133399 -0.20616341089373999 0.14841391519555
v -0.17400553420133399 -0.187522593093462 0.14841391519555
v -0.19264635200161201 -0.187522593093462 0.14841391519555
v -0.19264635200161201 -0.20616341089373999 0.16705473299582799
v -0.17400553420133399 -0.20616341089373999 0.16705473299582799
v -0.17400553420133399 -0.187522593093462 0.16705473299582799
v -0.19264635200161201 -0.187522593093462 0.16705473299582799
v -0.19264635200161201 -0.20616341089373999 0.185695550796106
v -0.17400553420133399 -0.20616341089373999 0.185695550796106
v -0.17400553420133399 -0.187522593093462 0.185695550796106
v -0.17400553420133399 -0.187522593093462 0.20433636859638399
v -0.17400553420133399 -0.187522593093462 0.222977186396662
v -0.17400553420133399 -0.187522593093462 0.24161800419693999
v -0.19264635200161201 -0.187522593093462 0.24161800419693999
v -0.17400553420133399 -0.187522593093462 0.260258821997219
v -0.19264635200161201 -0.187522593093462 0.260258821997219
v -0.19264635200161201 -0.20616341089373999 0.27889963979749699
v -0.17400553420133399 -0.20616341089373999 0.27889963979749699
v -0.17400553420133399 -0.187522593093462 0.27889963979749699
v -0.19264635200161201 -0.187522593093462 0.27889963979749699
v -0.17400553420133399 -0.16888177529318399 0.12977309739527201
v -0.17400553420133399 -0.16888177529318399 0.14841391519555
v -0.17400553420133399 -0.16888177529318399 0.16705473299582799
v -0.17400553420133399 -0.16888177529318399 0.185695550796106
v -0.17400553420133399 -0.16888177529318399 0.20433636859638399
v -0.17400553420133399 -0.16888177529318399 0.222977186396662
v -0.17400553420133399 -0.16888177529318399 0.24161800419693999
v -0.17400553420133399 -0.16888177529318399 0.260258821997219
v -0.17400553420133399 -0.16888177529318399 0.27889963979749699
v -0.19264635200161201 -0.16888177529318399 0.111132279594993
v -0.17400553420133399 -0.16888177529318399 0.111132279594993
v -0.17400553420133399 -0.150240957492906 0.111132279594993
v -0.17400553420133399 -0.150240957492906 0.12977309739527201
v -0.17400553420133399 -0.150240957492906 0.14841391519555
v -0.17400553420133399 -0.150240957492906 0.16705473299582799
v -0.17400553420133399 -0.150240957492906 0.185695550796106
v -0.17400553420133399 -0.150240957492906 0.20433636859638399
v -0.17400553420133399 -0.150240957492906 0.222977186396662
v -0.17400553420133399 -0.150240957492906 0.24161800419693999
v -0.17400553420133399 -0.150240957492906 0.260258821997219
v -0.17400553420133399 -0.150240957492906 0.27889963979749699
v -0.17400553420133399 -0.13160013969262799 0.111132279594993
v -0.17400553420133399 -0.13160013969262799 0.12977309739527201
v -0.17400553420133399 -0.13160013969262799 0.14841391519555
v -0.17400553420133399 -0.13160013969262799 0.16705473299582799
v -0.17400553420133399 -0.13160013969262799 0.185695550796106
v -0.17400553420133399 -0.13160013969262799 0.20433636859638399
v -0.17400553420133399 -0.13160013969262799 0.222977186396662
v -0.17400553420133399 -0.13160013969262799 0.24161800419693999
v -0.17400553420133399 -0.13160013969262799 0.260258821997219
v -0.17400553420133399 -0.13160013969262799 0.27889963979749699
v -0.19264635200161201 -0.13160013969262799 0.27889963979749699
v -0.17400553420133399 -0.13160013969262799 0.092491461794715193
v -0.17400553420133399 -0.112959321892349 0.092491461794715193
v -0.17400553420133399 -0.112959321892349 0.111132279594993
v -0.17400553420133399 -0.112959321892349 0.12977309739527201
v -0.17400553420133399 -0.112959321892349 0.14841391519555
v -0.17400553420133399 -0.112959321892349 0.16705473299582799
v -0.17400553420133399 -0.112959321892349 0.185695550796106
v -0.17400553420133399 -0.112959321892349 0.20433636859638399
v -0.17400553420133399 -0.112959321892349 0.222977186396662
v -0.17400553420133399 -0.112959321892349 0.24161800419693999
v -0.17400553420133399 -0.112959321892349 0.260258821997219
v -0.17400553420133399 -0.094318504092071306 0.092491461794715193
v -0.17400553420133399 -0.094318504092071306 0.111132279594993
v -0.17400553420133399 -0.094318504092071306 0.12977309739527201
v -0.17400553420133399 -0.094318504092071306 0.14841391519555
v -0.17400553420133399 -0.094318504092071306 0.16705473299582799
v -0.17400553420133399 -0.094318504092071306 0.185695550796106
v -0.17400553420133399 -0.094318504092071306 0.20433636859638399
v -0.17400553420133399 -0.094318504092071306 0.222977186396662
v -0.17400553420133399 -0.094318504092071306 0.24161800419693999
v -0.17400553420133399 -0.094318504092071306 0.260258821997219
v -0.17400553420133399 -0.094318504092071306 0.073850643994437096
v -0.17400553420133399 -0.075677686291793098 0.073850643994437096
v -0.17400553420133399 -0.075677686291793098 0.092491461794715193
v -0.17400553420133399 -0.075677686291793098 0.111132279594993
v -0.17400553420133399 -0.075677686291793098 0.12977309739527201
v -0.17400553420133399 -0.075677686291793098 0.14841391519555
v -0.17400553420133399 -0.075677686291793098 0.16705473299582799
v -0.17400553420133399 -0.075677686291793098 0.185695550796106
v -0.17400553420133399 -0.075677686291793098 0.20433636859638399
v -0.17400553420133399 -0.075677686291793098 0.222977186396662
v -0.17400553420133399 -0.075677686291793098 0.24161800419693999
v -0.17400553420133399 -0.075677686291793098 0.260258821997219
v -0.17400553420133399 -0.075677686291793098 0.055209826194158901
v -0.17400553420133399 -0.057036868491515 0.055209826194158901
v -0.17400553420133399 -0.057036868491515 0.073850643994437096
v -0.17400553420133399 -0.057036868491515 0.092491461794715193
v -0.17400553420133399 -0.057036868491515 0.111132279594993
v -0.17400553420133399 -0.057036868491515 0.12977309739527201
v -0.17400553420133399 -0.057036868491515 0.14841391519555
v -0.17400553420133399 -0.057036868491515 0.16705473299582799
v -0.17400553420133399 -0.057036868491515 0.185695550796106
v -0.17400553420133399 -0.057036868491515 0.20433636859638399
v -0.17400553420133399 -0.057036868491515 0.222977186396662
v -0.17400553420133399 -0.057036868491515 0.24161800419693999
v -0.17400553420133399 -0.038396050691236798 0.055209826194158901
v -0.17400553420133399 -0.038396050691236798 0.073850643994437096
v -0.17400553420133399 -0.038396050691236798 0.092491461794715193
v -0.17400553420133399 -0.038396050691236798 0.111132279594993
v -0.17400553420133399 -0.038396050691236798 0.12977309739527201
v -0.17400553420133399 -0.038396050691236798 0.14841391519555
v -0.17400553420133399 -0.038396050691236798 0.16705473299582799
v -0.17400553420133399 -0.038396050691236798 0.185695550796106
v -0.17400553420133399 -0.038396050691236798 0.20433636859638399
v -0.17400553420133399 -0.038396050691236798 0.222977186396662
v -0.17400553420133399 -0.038396050691236798 0.24161800419693999
v -0.17400553420133399 -0.0197552328909587 0.055209826194158901
v -0.17400553420133399 -0.0197552328909587 0.073850643994437096
v -0.17400553420133399 -0.0197552328909587 0.092491461794715193
v -0.17400553420133399 -0.0197552328909587 0.111132279594993
v -0.17400553420133399 -0.0197552328909587 0.12977309739527201
v -0.17400553420133399 -0.0197552328909587 0.14841391519555
v -0.17400553420133399 -0.0197552328909587 0.16705473299582799
v -0.17400553420133399 -0.0197552328909587 0.185695550796106
v -0.17400553420133399 -0.0197552328909587 0.20433636859638399
v -0.17400553420133399 -0.0197552328909587 0.222977186396662
v -0.17400553420133399 -0.0197552328909587 0.24161800419693999
v -0.17400553420133399 -0.0011144150906804999 0.111132279594993
v -0.17400553420133399 -0.0011144150906804999 0.12977309739527201
v -0.17400553420133399 -0.0011144150906804999 0.14841391519555
v -0.17400553420133399 -0.0011144150906804999 0.16705473299582799
v -0.17400553420133399 -0.0011144150906804999 0.185695550796106
v -0.17400553420133399 -0.0011144150906804999 0.20433636859638399
v -0.17400553420133399 -0.0011144150906804999 0.222977186396662
v -0.17400553420133399 0.0175264027095977 0.12977309739527201
v -0.17400553420133399 0.0175264027095977 0.14841391519555
v -0.17400553420133399 0.0175264027095977 0.185695550796106
v -0.17400553420133399 0.0175264027095977 0.20433636859638399
v -0.17400553420133399 0.0175264027095977 0.222977186396662
v -0.17400553420133399 0.036167220509875801 0.185695550796106
v -0.17400553420133399 0.036167220509875801 0.20433636859638399
v -0.17400553420133399 0.054808038310153899 0.185695550796106
v -0.19264635200161201 0.054808038310153899 0.185695550796106
v -0.17400553420133399 0.054808038310153899 0.20433636859638399
v -0.19264635200161201 0.054808038310153899 0.20433636859638399
v -0.19264635200161201 0.110730491710988 0.12977309739527201
v -0.17400553420133399 0.110730491710988 0.12977309739527201
v -0.17400553420133399 0.12937130951126699 0.12977309739527201
v -0.19264635200161201 0.12937130951126699 0.12977309739527201
v -0.19264635200161201 0.110730491710988 0.14841391519555
v -0.17400553420133399 0.110730491710988 0.14841391519555
v -0.17400553420133399 0.12937130951126699 0.14841391519555
v -0.19264635200161201 0.12937130951126699 0.14841391519555
v -0.17400553420133399 0.14801212731154501 0.12977309739527201
v -0.17400553420133399 0.14801212731154501 0.14841391519555
v -0.19264635200161201 0.14801212731154501 0.111132279594993
v -0.17400553420133399 0.14801212731154501 0.111132279594993
v -0.17400553420133399 0.16665294511182299 0.111132279594993
v -0.19264635200161201 0.16665294511182299 0.111132279594993
v -0.17400553420133399 0.16665294511182299 0.12977309739527201
v -0.17400553420133399 0.16665294511182299 0.14841391519555
v -0.19264635200161201 0.14801212731154501 0.16705473299582799
v -0.17400553420133399 0.14801212731154501 0.16705473299582799
v -0.17400553420133399 0.16665294511182299 0.16705473299582799
v -0.19264635200161201 0.16665294511182299 0.16705473299582799
v -0.19264635200161201 0.14801212731154501 0.185695550796106
v -0.17400553420133399 0.14801212731154501 0.185695550796106
v -0.17400553420133399 0.16665294511182299 0.185695550796106
v -0.19264635200161201 0.16665294511182299 0.185695550796106
v -0.17400553420133399 0.18529376291210101 0.111132279594993
v -0.17400553420133399 0.18529376291210101 0.12977309739527201
v -0.17400553420133399 0.18529376291210101 0.14841391519555
v -0.17400553420133399 0.18529376291210101 0.16705473299582799
v -0.17400553420133399 0.18529376291210101 0.185695550796106
v -0.19264635200161201 0.18529376291210101 0.185695550796106
v -0.19264635200161201 0.16665294511182299 0.20433636859638399
v -0.17400553420133399 0.16665294511182299 0.20433636859638399
v -0.17400553420133399 0.18529376291210101 0.20433636859638399
v -0.19264635200161201 0.18529376291210101 0.20433636859638399
v -0.19264635200161201 0.18529376291210101 0.092491461794715193
v -0.17400553420133399 0.18529376291210101 0.092491461794715193
v -0.17400553420133399 0.20393458071237899 0.092491461794715193
v -0.19264635200161201 0.20393458071237899 0.092491461794715193
v -0.17400553420133399 0.20393458071237899 0.111132279594993
v -0.17400553420133399 0.20393458071237899 0.12977309739527201
v -0.17400553420133399 0.20393458071237899 0.14841391519555
v -0.17400553420133399 0.20393458071237899 0.16705473299582799
v -0.17400553420133399 0.20393458071237899 0.185695550796106
v -0.17400553420133399 0.20393458071237899 0.20433636859638399
v -0.19264635200161201 0.20393458071237899 0.20433636859638399
v -0.17400553420133399 0.22257539851265701 0.092491461794715193
v -0.19264635200161201 0.22257539851265701 0.092491461794715193
v -0.17400553420133399 0.22257539851265701 0.111132279594993
v -0.17400553420133399 0.22257539851265701 0.12977309739527201
v -0.17400553420133399 0.22257539851265701 0.14841391519555
v -0.17400553420133399 0.22257539851265701 0.16705473299582799
v -0.17400553420133399 0.22257539851265701 0.185695550796106
v -0.17400553420133399 0.22257539851265701 0.20433636859638399
v -0.19264635200161201 0.22257539851265701 0.20433636859638399
v -0.17400553420133399 0.24121621631293499 0.092491461794715193
v -0.19264635200161201 0.24121621631293499 0.092491461794715193
v -0.17400553420133399 0.24121621631293499 0.111132279594993
v -0.17400553420133399 0.24121621631293499 0.12977309739527201
v -0.17400553420133399 0.24121621631293499 0.14841391519555
v -0.17400553420133399 0.24121621631293499 0.16705473299582799
v -0.17400553420133399 0.24121621631293499 0.185695550796106
v -0.17400553420133399 0.24121621631293499 0.20433636859638399
v -0.19264635200161201 0.24121621631293499 0.20433636859638399
v -0.19264635200161201 0.22257539851265701 0.222977186396662
v -0.17400553420133399 0.22257539851265701 0.222977186396662
v -0.17400553420133399 0.24121621631293499 0.222977186396662
v -0.19264635200161201 0.24121621631293499 0.222977186396662
v -0.17400553420133399 0.25985703411321398 0.092491461794715193
v -0.19264635200161201 0.25985703411321398 0.092491461794715193
v -0.17400553420133399 0.25985703411321398 0.111132279594993
v -0.17400553420133399 0.25985703411321398 0.12977309739527201
v -0.17400553420133399 0.25985703411321398 0.14841391519555
v -0.17400553420133399 0.25985703411321398 0.16705473299582799
v -0.17400553420133399 0.25985703411321398 0.185695550796106
v -0.17400553420133399 0.25985703411321398 0.20433636859638399
v -0.19264635200161201 0.25985703411321398 0.20433636859638399
v -0.17400553420133399 0.25985703411321398 0.222977186396662
v -0.19264635200161201 0.25985703411321398 0.222977186396662
v -0.17400553420133399 0.27849785191349202 0.092491461794715193
v -0.19264635200161201 0.27849785191349202 0.092491461794715193
v -0.17400553420133399 0.27849785191349202 0.111132279594993
v -0.17400553420133399 0.27849785191349202 0.12977309739527201
v -0.17400553420133399 0.27849785191349202 0.14841391519555
v -0.17400553420133399 0.27849785191349202 0.16705473299582799
v -0.17400553420133399 0.27849785191349202 0.185695550796106
v -0.17400553420133399 0.27849785191349202 0.20433636859638399
v -0.19264635200161201 0.27849785191349202 0.20433636859638399
v -0.17400553420133399 0.27849785191349202 0.222977186396662
v -0.19264635200161201 0.27849785191349202 0.222977186396662
v -0.17400553420133399 0.29713866971377001 0.092491461794715193
v -0.19264635200161201 0.29713866971377001 0.092491461794715193
v -0.17400553420133399 0.29713866971377001 0.111132279594993
v -0.17400553420133399 0.29713866971377001 0.12977309739527201
v -0.17400553420133399 0.29713866971377001 0.14841391519555
v -0.17400553420133399 0.29713866971377001 0.16705473299582799
v -0.17400553420133399 0.29713866971377001 0.185695550796106
v -0.17400553420133399 0.29713866971377001 0.20433636859638399
v -0.19264635200161201 0.29713866971377001 0.20433636859638399
v -0.17400553420133399 0.315779487514048 0.092491461794715193
v -0.19264635200161201 0.315779487514048 0.092491461794715193
v -0.17400553420133399 0.315779487514048 0.111132279594993
v -0.17400553420133399 0.315779487514048 0.12977309739527201
v -0.17400553420133399 0.315779487514048 0.14841391519555
v -0.17400553420133399 0.315779487514048 0.16705473299582799
v -0.17400553420133399 0.315779487514048 0.185695550796106
v -0.17400553420133399 0.315779487514048 0.20433636859638399
v -0.19264635200161201 0.315779487514048 0.20433636859638399
v -0.17400553420133399 0.33442030531432598 0.092491461794715193
v -0.19264635200161201 0.33442030531432598 0.092491461794715193
v -0.17400553420133399 0.33442030531432598 0.111132279594993
v -0.19264635200161201 0.33442030531432598 0.111132279594993
v -0.17400553420133399 0.33442030531432598 0.12977309739527201
v -0.17400553420133399 0.33442030531432598 0.14841391519555
v -0.17400553420133399 0.33442030531432598 0.16705473299582799
v -0.17400553420133399 0.33442030531432598 0.185695550796106
v -0.19264635200161201 0.33442030531432598 0.185695550796106
v -0.17400553420133399 0.33442030531432598 0.20433636859638399
v -0.19264635200161201 0.33442030531432598 0.20433636859638399
v -0.17400553420133399 0.35306112311460403 0.111132279594993
v -0.19264635200161201 0.35306112311460403 0.111132279594993
v -0.17400553420133399 0.35306112311460403 0.12977309739527201
v -0.17400553420133399 0.35306112311460403 0.14841391519555
v -0.17400553420133399 0.35306112311460403 0.16705473299582799
v -0.19264635200161201 0.35306112311460403 0.16705473299582799
v -0.17400553420133399 0.35306112311460403 0.185695550796106
v -0.19264635200161201 0.35306112311460403 0.185695550796106
v -0.17400553420133399 0.37170194091488301 0.12977309739527201
v -0.19264635200161201 0.37170194091488301 0.12977309739527201
v -0.17400553420133399 0.37170194091488301 0.14841391519555
v -0.19264635200161201 0.37170194091488301 0.14841391519555
v -0.17400553420133399 0.37170194091488301 0.16705473299582799
v -0.19264635200161201 0.37170194091488301 0.16705473299582799
v -0.17400553420133399 0.390342758715161 0.12977309739527201
v -0.19264635200161201 0.390342758715161 0.12977309739527201
v -0.17400553420133399 0.390342758715161 0.14841391519555
v -0.19264635200161201 0.390342758715161 0.14841391519555
v -0.17400553420133399 0.390342758715161 0.16705473299582799
v -0.19264635200161201 0.390342758715161 0.16705473299582799
v -0.17400553420133399 -0.39257158889652199 0.24161800419693999
v -0.15536471640105601 -0.39257158889652199 0.24161800419693999
v -0.15536471640105601 -0.37393077109624401 0.24161800419693999
v -0.17400553420133399 -0.39257158889652199 0.260258821997219
v -0.15536471640105601 -0.39257158889652199 0.260258821997219
v -0.15536471640105601 -0.37393077109624401 0.260258821997219
v -0.17400553420133399 -0.39257158889652199 0.27889963979749699
v -0.15536471640105601 -0.39257158889652199 0.27889963979749699
v -0.15536471640105601 -0.37393077109624401 0.27889963979749699
v -0.17400553420133399 -0.37393077109624401 0.222977186396662
v -0.15536471640105601 -0.37393077109624401 0.222977186396662
v -0.15536471640105601 -0.35528995329596502 0.222977186396662
v -0.17400553420133399 -0.35528995329596502 0.222977186396662
v -0.15536471640105601 -0.35528995329596502 0.24161800419693999
v -0.15536471640105601 -0.35528995329596502 0.260258821997219
v -0.15536471640105601 -0.35528995329596502 0.27889963979749699
v -0.15536471640105601 -0.37393077109624401 0.29754045759777498
v -0.15536471640105601 -0.35528995329596502 0.29754045759777498
v -0.15536471640105601 -0.37393077109624401 0.31618127539805302
v -0.15536471640105601 -0.35528995329596502 0.31618127539805302
v -0.17400553420133399 -0.37393077109624401 0.33482209319833101
v -0.15536471640105601 -0.37393077109624401 0.33482209319833101
v -0.15536471640105601 -0.35528995329596502 0.33482209319833101
v -0.15536471640105601 -0.33664913549568698 0.222977186396662
v -0.17400553420133399 -0.33664913549568698 0.222977186396662
v -0.15536471640105601 -0.33664913549568698 0.24161800419693999
v -0.15536471640105601 -0.33664913549568698 0.260258821997219
v -0.15536471640105601 -0.33664913549568698 0.27889963979749699
v -0.15536471640105601 -0.33664913549568698 0.29754045759777498
v -0.15536471640105601 -0.33664913549568698 0.31618127539805302
v -0.15536471640105601 -0.33664913549568698 0.33482209319833101
v -0.17400553420133399 -0.35528995329596502 0.35346291099860899
v -0.15536471640105601 -0.35528995329596502 0.35346291099860899
v -0.15536471640105601 -0.33664913549568698 0.35346291099860899
v -0.17400553420133399 -0.33664913549568698 0.35346291099860899
v -0.15536471640105601 -0.31800831769540899 0.222977186396662
v -0.17400553420133399 -0.31800831769540899 0.222977186396662
v -0.15536471640105601 -0.31800831769540899 0.24161800419693999
v -0.15536471640105601 -0.31800831769540899 0.260258821997219
v -0.15536471640105601 -0.31800831769540899 0.27889963979749699
v -0.15536471640105601 -0.31800831769540899 0.29754045759777498
v -0.15536471640105601 -0.31800831769540899 0.31618127539805302
v -0.15536471640105601 -0.31800831769540899 0.33482209319833101
v -0.17400553420133399 -0.31800831769540899 0.20433636859638399
v -0.15536471640105601 -0.31800831769540899 0.20433636859638399
v -0.15536471640105601 -0.29936749989513101 0.20433636859638399
v -0.17400553420133399 -0.29936749989513101 0.20433636859638399
v -0.15536471640105601 -0.29936749989513101 0.222977186396662
v -0.17400553420133399 -0.29936749989513101 0.222977186396662
v -0.15536471640105601 -0.29936749989513101 0.24161800419693999
v -0.15536471640105601 -0.29936749989513101 0.260258821997219
v -0.15536471640105601 -0.29936749989513101 0.27889963979749699
v -0.15536471640105601 -0.29936749989513101 0.29754045759777498
v -0.15536471640105601 -0.29936749989513101 0.31618127539805302
v -0.17400553420133399 -0.29936749989513101 0.31618127539805302
v -0.15536471640105601 -0.29936749989513101 0.33482209319833101
v -0.17400553420133399 -0.29936749989513101 0.33482209319833101
v -0.15536471640105601 -0.28072668209485302 0.20433636859638399
v -0.17400553420133399 -0.28072668209485302 0.20433636859638399
v -0.15536471640105601 -0.28072668209485302 0.222977186396662
v -0.17400553420133399 -0.28072668209485302 0.222977186396662
v -0.15536471640105601 -0.28072668209485302 0.24161800419693999
v -0.15536471640105601 -0.28072668209485302 0.260258821997219
v -0.15536471640105601 -0.28072668209485302 0.27889963979749699
v -0.15536471640105601 -0.28072668209485302 0.29754045759777498
v -0.15536471640105601 -0.28072668209485302 0.31618127539805302
v -0.15536471640105601 -0.28072668209485302 0.33482209319833101
v -0.17400553420133399 -0.28072668209485302 0.33482209319833101
v -0.15536471640105601 -0.26208586429457498 0.20433636859638399
v -0.17400553420133399 -0.26208586429457498 0.20433636859638399
v -0.15536471640105601 -0.26208586429457498 0.222977186396662
v -0.15536471640105601 -0.26208586429457498 0.24161800419693999
v -0.15536471640105601 -0.26208586429457498 0.260258821997219
v -0.15536471640105601 -0.26208586429457498 0.27889963979749699
v -0.15536471640105601 -0.26208586429457498 0.29754045759777498
v -0.15536471640105601 -0.26208586429457498 0.31618127539805302
v -0.17400553420133399 -0.26208586429457498 0.185695550796106
v -0.15536471640105601 -0.26208586429457498 0.185695550796106
v -0.15536471640105601 -0.24344504649429599 0.185695550796106
v -0.17400553420133399 -0.24344504649429599 0.185695550796106
v -0.15536471640105601 -0.24344504649429599 0.20433636859638399
v -0.15536471640105601 -0.24344504649429599 0.222977186396662
v -0.15536471640105601 -0.24344504649429599 0.24161800419693999
v -0.15536471640105601 -0.24344504649429599 0.260258821997219
v -0.15536471640105601 -0.24344504649429599 0.27889963979749699
v -0.17400553420133399 -0.24344504649429599 0.27889963979749699
v -0.15536471640105601 -0.24344504649429599 0.29754045759777498
v -0.17400553420133399 -0.24344504649429599 0.29754045759777498
v -0.15536471640105601 -0.24344504649429599 0.31618127539805302
v -0.17400553420133399 -0.24344504649429599 0.31618127539805302
v -0.17400553420133399 -0.24344504649429599 0.16705473299582799
v -0.15536471640105601 -0.24344504649429599 0.16705473299582799
v -0.15536471640105601 -0.224804228694018 0.16705473299582799
v -0.17400553420133399 -0.224804228694018 0.16705473299582799
v -0.15536471640105601 -0.224804228694018 0.185695550796106
v -0.17400553420133399 -0.224804228694018 0.185695550796106
v -0.15536471640105601 -0.224804228694018 0.20433636859638399
v -0.15536471640105601 -0.224804228694018 0.222977186396662
v -0.15536471640105601 -0.224804228694018 0.24161800419693999
v -0.15536471640105601 -0.224804228694018 0.260258821997219
v -0.15536471640105601 -0.224804228694018 0.27889963979749699
v -0.17400553420133399 -0.224804228694018 0.27889963979749699
v -0.15536471640105601 -0.224804228694018 0.29754045759777498
v -0.17400553420133399 -0.224804228694018 0.29754045759777498
v -0.17400553420133399 -0.224804228694018 0.14841391519555
v -0.15536471640105601 -0.224804228694018 0.14841391519555
v -0.15536471640105601 -0.20616341089373999 0.14841391519555
v -0.15536471640105601 -0.20616341089373999 0.16705473299582799
v -0.15536471640105601 -0.20616341089373999 0.185695550796106
v -0.15536471640105601 -0.20616341089373999 0.20433636859638399
v -0.15536471640105601 -0.20616341089373999 0.222977186396662
v -0.15536471640105601 -0.20616341089373999 0.24161800419693999
v -0.15536471640105601 -0.20616341089373999 0.260258821997219
v -0.15536471640105601 -0.20616341089373999 0.27889963979749699
v -0.15536471640105601 -0.20616341089373999 0.29754045759777498
v -0.17400553420133399 -0.20616341089373999 0.29754045759777498
v -0.15536471640105601 -0.20616341089373999 0.12977309739527201
v -0.15536471640105601 -0.187522593093462 0.12977309739527201
v -0.15536471640105601 -0.187522593093462 0.14841391519555
v -0.15536471640105601 -0.187522593093462 0.16705473299582799
v -0.15536471640105601 -0.187522593093462 0.185695550796106
v -0.15536471640105601 -0.187522593093462 0.20433636859638399
v -0.15536471640105601 -0.187522593093462 0.222977186396662
v -0.15536471640105601 -0.187522593093462 0.24161800419693999
v -0.15536471640105601 -0.187522593093462 0.260258821997219
v -0.15536471640105601 -0.187522593093462 0.27889963979749699
v -0.15536471640105601 -0.187522593093462 0.29754045759777498
v -0.17400553420133399 -0.187522593093462 0.29754045759777498
v -0.15536471640105601 -0.16888177529318399 0.12977309739527201
v -0.15536471640105601 -0.16888177529318399 0.14841391519555
v -0.15536471640105601 -0.16888177529318399 0.16705473299582799
v -0.15536471640105601 -0.16888177529318399 0.185695550796106
v -0.15536471640105601 -0.16888177529318399 0.20433636859638399
v -0.15536471640105601 -0.16888177529318399 0.222977186396662
v -0.15536471640105601 -0.16888177529318399 0.24161800419693999
v -0.15536471640105601 -0.16888177529318399 0.260258821997219
v -0.15536471640105601 -0.16888177529318399 0.27889963979749699
v -0.15536471640105601 -0.16888177529318399 0.29754045759777498
v -0.17400553420133399 -0.16888177529318399 0.29754045759777498
v -0.15536471640105601 -0.16888177529318399 0.111132279594993
v -0.15536471640105601 -0.150240957492906 0.111132279594993
v -0.15536471640105601 -0.150240957492906 0.12977309739527201
v -0.15536471640105601 -0.150240957492906 0.14841391519555
v -0.15536471640105601 -0.150240957492906 0.16705473299582799
v -0.15536471640105601 -0.150240957492906 0.185695550796106
v -0.15536471640105601 -0.150240957492906 0.20433636859638399
v -0.15536471640105601 -0.150240957492906 0.222977186396662
v -0.15536471640105601 -0.150240957492906 0.24161800419693999
v -0.15536471640105601 -0.150240957492906 0.260258821997219
v -0.15536471640105601 -0.150240957492906 0.27889963979749699
v -0.15536471640105601 -0.13160013969262799 0.111132279594993
v -0.15536471640105601 -0.13160013969262799 0.12977309739527201
v -0.15536471640105601 -0.13160013969262799 0.14841391519555
v -0.15536471640105601 -0.13160013969262799 0.16705473299582799
v -0.15536471640105601 -0.13160013969262799 0.185695550796106
v -0.15536471640105601 -0.13160013969262799 0.20433636859638399
v -0.15536471640105601 -0.13160013969262799 0.222977186396662
v -0.15536471640105601 -0.13160013969262799 0.24161800419693999
v -0.15536471640105601 -0.13160013969262799 0.260258821997219
v -0.15536471640105601 -0.13160013969262799 0.27889963979749699
v -0.15536471640105601 -0.13160013969262799 0.092491461794715193
v -0.15536471640105601 -0.112959321892349 0.092491461794715193
v -0.15536471640105601 -0.112959321892349 0.111132279594993
v -0.15536471640105601 -0.112959321892349 0.12977309739527201
v -0.15536471640105601 -0.112959321892349 0.14841391519555
v -0.15536471640105601 -0.112959321892349 0.16705473299582799
v -0.15536471640105601 -0.112959321892349 0.185695550796106
v -0.15536471640105601 -0.112959321892349 0.20433636859638399
v -0.15536471640105601 -0.112959321892349 0.222977186396662
v -0.15536471640105601 -0.112959321892349 0.24161800419693999
v -0.15536471640105601 -0.112959321892349 0.260258821997219
v -0.15536471640105601 -0.112959321892349 0.27889963979749699
v -0.17400553420133399 -0.112959321892349 0.27889963979749699
v -0.15536471640105601 -0.094318504092071306 0.092491461794715193
v -0.15536471640105601 -0.094318504092071306 0.111132279594993
v -0.15536471640105601 -0.094318504092071306 0.12977309739527201
v -0.15536471640105601 -0.094318504092071306 0.14841391519555
v -0.15536471640105601 -0.094318504092071306 0.16705473299582799
v -0.15536471640105601 -0.094318504092071306 0.185695550796106
v -0.15536471640105601 -0.094318504092071306 0.20433636859638399
v -0.15536471640105601 -0.094318504092071306 0.222977186396662
v -0.15536471640105601 -0.094318504092071306 0.24161800419693999
v -0.15536471640105601 -0.094318504092071306 0.260258821997219
v -0.15536471640105601 -0.094318504092071306 0.073850643994437096
v -0.15536471640105601 -0.075677686291793098 0.073850643994437096
v -0.15536471640105601 -0.075677686291793098 0.092491461794715193
v -0.15536471640105601 -0.075677686291793098 0.111132279594993
v -0.15536471640105601 -0.075677686291793098 0.12977309739527201
v -0.15536471640105601 -0.075677686291793098 0.14841391519555
v -0.15536471640105601 -0.075677686291793098 0.16705473299582799
v -0.15536471640105601 -0.075677686291793098 0.185695550796106
v -0.15536471640105601 -0.075677686291793098 0.20433636859638399
v -0.15536471640105601 -0.075677686291793098 0.222977186396662
v -0.15536471640105601 -0.075677686291793098 0.24161800419693999
v -0.15536471640105601 -0.075677686291793098 0.260258821997219
v -0.15536471640105601 -0.057036868491515 0.073850643994437096
v -0.15536471640105601 -0.057036868491515 0.092491461794715193
v -0.15536471640105601 -0.057036868491515 0.111132279594993
v -0.15536471640105601 -0.057036868491515 0.12977309739527201
v -0.15536471640105601 -0.057036868491515 0.14841391519555
v -0.15536471640105601 -0.057036868491515 0.16705473299582799
v -0.15536471640105601 -0.057036868491515 0.185695550796106
v -0.15536471640105601 -0.057036868491515 0.20433636859638399
v -0.15536471640105601 -0.057036868491515 0.222977186396662
v -0.15536471640105601 -0.057036868491515 0.24161800419693999
v -0.15536471640105601 -0.038396050691236798 0.073850643994437096
v -0.15536471640105601 -0.038396050691236798 0.092491461794715193
v -0.15536471640105601 -0.038396050691236798 0.111132279594993
v -0.15536471640105601 -0.038396050691236798 0.12977309739527201
v -0.15536471640105601 -0.038396050691236798 0.14841391519555
v -0.15536471640105601 -0.038396050691236798 0.16705473299582799
v -0.15536471640105601 -0.038396050691236798 0.185695550796106
v -0.15536471640105601 -0.038396050691236798 0.20433636859638399
v -0.15536471640105601 -0.038396050691236798 0.222977186396662
v -0.15536471640105601 -0.038396050691236798 0.24161800419693999
v -0.15536471640105601 -0.0197552328909587 0.092491461794715193
v -0.15536471640105601 -0.0197552328909587 0.111132279594993
v -0.15536471640105601 -0.0197552328909587 0.12977309739527201
v -0.15536471640105601 -0.0197552328909587 0.14841391519555
v -0.15536471640105601 -0.0197552328909587 0.16705473299582799
v -0.15536471640105601 -0.0197552328909587 0.185695550796106
v -0.15536471640105601 -0.0197552328909587 0.20433636859638399
v -0.15536471640105601 -0.0197552328909587 0.222977186396662
v -0.15536471640105601 -0.0197552328909587 0.24161800419693999
v -0.15536471640105601 -0.0011144150906804999 0.111132279594993
v -0.15536471640105601 -0.0011144150906804999 0.12977309739527201
v -0.15536471640105601 -0.0011144150906804999 0.14841391519555
v -0.15536471640105601 -0.0011144150906804999 0.16705473299582799
v -0.15536471640105601 -0.0011144150906804999 0.185695550796106
v -0.15536471640105601 -0.0011144150906804999 0.20433636859638399
v -0.15536471640105601 -0.0011144150906804999 0.222977186396662
v -0.15536471640105601 0.0175264027095977 0.12977309739527201
v -0.15536471640105601 0.0175264027095977 0.14841391519555
v -0.17400553420133399 0.092089673910710199 0.12977309739527201
v -0.15536471640105601 0.092089673910710199 0.12977309739527201
v -0.15536471640105601 0.110730491710988 0.12977309739527201
v -0.17400553420133399 0.092089673910710199 0.14841391519555
v -0.15536471640105601 0.092089673910710199 0.14841391519555
v -0.15536471640105601 0.110730491710988 0.14841391519555
v -0.15536471640105601 0.12937130951126699 0.12977309739527201
v -0.15536471640105601 0.12937130951126699 0.14841391519555
v -0.17400553420133399 0.110730491710988 0.16705473299582799
v -0.15536471640105601 0.110730491710988 0.16705473299582799
v -0.15536471640105601 0.12937130951126699 0.16705473299582799
v -0.17400553420133399 0.12937130951126699 0.16705473299582799
v -0.17400553420133399 0.12937130951126699 0.111132279594993
v -0.15536471640105601 0.12937130951126699 0.111132279594993
v -0.15536471640105601 0.14801212731154501 0.111132279594993
v -0.15536471640105601 0.14801212731154501 0.12977309739527201
v -0.15536471640105601 0.14801212731154501 0.14841391519555
v -0.15536471640105601 0.14801212731154501 0.16705473299582799
v -0.17400553420133399 0.12937130951126699 0.185695550796106
v -0.15536471640105601 0.12937130951126699 0.185695550796106
v -0.15536471640105601 0.14801212731154501 0.185695550796106
v -0.17400553420133399 0.14801212731154501 0.092491461794715193
v -0.15536471640105601 0.14801212731154501 0.092491461794715193
v -0.15536471640105601 0.16665294511182299 0.092491461794715193
v -0.17400553420133399 0.16665294511182299 0.092491461794715193
v -0.15536471640105601 0.16665294511182299 0.111132279594993
v -0.15536471640105601 0.16665294511182299 0.12977309739527201
v -0.15536471640105601 0.16665294511182299 0.14841391519555
v -0.15536471640105601 0.16665294511182299 0.16705473299582799
v -0.15536471640105601 0.16665294511182299 0.185695550796106
v -0.17400553420133399 0.14801212731154501 0.20433636859638399
v -0.15536471640105601 0.14801212731154501 0.20433636859638399
v -0.15536471640105601 0.16665294511182299 0.20433636859638399
v -0.15536471640105601 0.18529376291210101 0.092491461794715193
v -0.15536471640105601 0.18529376291210101 0.111132279594993
v -0.15536471640105601 0.18529376291210101 0.12977309739527201
v -0.15536471640105601 0.18529376291210101 0.14841391519555
v -0.15536471640105601 0.18529376291210101 0.16705473299582799
v -0.15536471640105601 0.18529376291210101 0.185695550796106
v -0.15536471640105601 0.18529376291210101 0.20433636859638399
v -0.17400553420133399 0.18529376291210101 0.073850643994437096
v -0.15536471640105601 0.18529376291210101 0.073850643994437096
v -0.15536471640105601 0.20393458071237899 0.073850643994437096
v -0.17400553420133399 0.20393458071237899 0.073850643994437096
v -0.15536471640105601 0.20393458071237899 0.092491461794715193
v -0.15536471640105601 0.20393458071237899 0.111132279594993
v -0.15536471640105601 0.20393458071237899 0.12977309739527201
v -0.15536471640105601 0.20393458071237899 0.14841391519555
v -0.15536471640105601 0.20393458071237899 0.16705473299582799
v -0.15536471640105601 0.20393458071237899 0.185695550796106
v -0.15536471640105601 0.20393458071237899 0.20433636859638399
v -0.17400553420133399 0.18529376291210101 0.222977186396662
v -0.15536471640105601 0.18529376291210101 0.222977186396662
v -0.15536471640105601 0.20393458071237899 0.222977186396662
v -0.17400553420133399 0.20393458071237899 0.222977186396662
v -0.15536471640105601 0.22257539851265701 0.073850643994437096
v -0.17400553420133399 0.22257539851265701 0.073850643994437096
v -0.15536471640105601 0.22257539851265701 0.092491461794715193
v -0.15536471640105601 0.22257539851265701 0.111132279594993
v -0.15536471640105601 0.22257539851265701 0.12977309739527201
v -0.15536471640105601 0.22257539851265701 0.14841391519555
v -0.15536471640105601 0.22257539851265701 0.16705473299582799
v -0.15536471640105601 0.22257539851265701 0.185695550796106
v -0.15536471640105601 0.22257539851265701 0.20433636859638399
v -0.15536471640105601 0.22257539851265701 0.222977186396662
v -0.15536471640105601 0.24121621631293499 0.073850643994437096
v -0.17400553420133399 0.24121621631293499 0.073850643994437096
v -0.15536471640105601 0.24121621631293499 0.092491461794715193
v -0.15536471640105601 0.24121621631293499 0.111132279594993
v -0.15536471640105601 0.24121621631293499 0.12977309739527201
v -0.15536471640105601 0.24121621631293499 0.14841391519555
v -0.15536471640105601 0.24121621631293499 0.16705473299582799
v -0.15536471640105601 0.24121621631293499 0.185695550796106
v -0.15536471640105601 0.24121621631293499 0.20433636859638399
v -0.15536471640105601 0.24121621631293499 0.222977186396662
v -0.15536471640105601 0.25985703411321398 0.073850643994437096
v -0.17400553420133399 0.25985703411321398 0.073850643994437096
v -0.15536471640105601 0.25985703411321398 0.092491461794715193
v -0.15536471640105601 0.25985703411321398 0.111132279594993
v -0.15536471640105601 0.25985703411321398 0.12977309739527201
v -0.15536471640105601 0.25985703411321398 0.14841391519555
v -0.15536471640105601 0.25985703411321398 0.16705473299582799
v -0.15536471640105601 0.25985703411321398 0.185695550796106
v -0.15536471640105601 0.25985703411321398 0.20433636859638399
v -0.15536471640105601 0.25985703411321398 0.222977186396662
v -0.15536471640105601 0.27849785191349202 0.073850643994437096
v -0.17400553420133399 0.27849785191349202 0.073850643994437096
v -0.15536471640105601 0.27849785191349202 0.092491461794715193
v -0.15536471640105601 0.27849785191349202 0.111132279594993
v -0.15536471640105601 0.27849785191349202 0.12977309739527201
v -0.15536471640105601 0.27849785191349202 0.14841391519555
v -0.15536471640105601 0.27849785191349202 0.16705473299582799
v -0.15536471640105601 0.27849785191349202 0.185695550796106
v -0.15536471640105601 0.27849785191349202 0.20433636859638399
v -0.15536471640105601 0.27849785191349202 0.222977186396662
v -0.15536471640105601 0.29713866971377001 0.073850643994437096
v -0.17400553420133399 0.29713866971377001 0.073850643994437096
v -0.15536471640105601 0.29713866971377001 0.092491461794715193
v -0.15536471640105601 0.29713866971377001 0.111132279594993
v -0.15536471640105601 0.29713866971377001 0.12977309739527201
v -0.15536471640105601 0.29713866971377001 0.14841391519555
v -0.15536471640105601 0.29713866971377001 0.16705473299582799
v -0.15536471640105601 0.29713866971377001 0.185695550796106
v -0.15536471640105601 0.29713866971377001 0.20433636859638399
v -0.15536471640105601 0.29713866971377001 0.222977186396662
v -0.17400553420133399 0.29713866971377001 0.222977186396662
v -0.15536471640105601 0.315779487514048 0.073850643994437096
v -0.17400553420133399 0.315779487514048 0.073850643994437096
v -0.15536471640105601 0.315779487514048 0.092491461794715193
v -0.15536471640105601 0.315779487514048 0.111132279594993
v -0.15536471640105601 0.315779487514048 0.12977309739527201
v -0.15536471640105601 0.315779487514048 0.14841391519555
v -0.15536471640105601 0.315779487514048 0.16705473299582799
v -0.15536471640105601 0.315779487514048 0.185695550796106
v -0.15536471640105601 0.315779487514048 0.20433636859638399
v -0.15536471640105601 0.315779487514048 0.222977186396662
v -0.17400553420133399 0.315779487514048 0.222977186396662
v -0.15536471640105601 0.33442030531432598 0.092491461794715193
v -0.15536471640105601 0.33442030531432598 0.111132279594993
v -0.15536471640105601 0.33442030531432598 0.12977309739527201
v -0.15536471640105601 0.33442030531432598 0.14841391519555
v -0.15536471640105601 0.33442030531432598 0.16705473299582799
v -0.15536471640105601 0.33442030531432598 0.185695550796106
v -0.15536471640105601 0.33442030531432598 0.20433636859638399
v -0.15536471640105601 0.33442030531432598 0.222977186396662
v -0.17400553420133399 0.33442030531432598 0.222977186396662
v -0.15536471640105601 0.35306112311460403 0.092491461794715193
v -0.17400553420133399 0.35306112311460403 0.092491461794715193
v -0.15536471640105601 0.35306112311460403 0.111132279594993
v -0.15536471640105601 0.35306112311460403 0.12977309739527201
v -0.15536471640105601 0.35306112311460403 0.14841391519555
v -0.15536471640105601 0.35306112311460403 0.16705473299582799
v -0.15536471640105601 0.35306112311460403 0.185695550796106
v -0.15536471640105601 0.35306112311460403 0.20433636859638399
v -0.17400553420133399 0.35306112311460403 0.20433636859638399
v -0.15536471640105601 0.37170194091488301 0.111132279594993
v -0.17400553420133399 0.37170194091488301 0.111132279594993
v -0.15536471640105601 0.37170194091488301 0.12977309739527201
v -0.15536471640105601 0.37170194091488301 0.14841391519555
v -0.15536471640105601 0.37170194091488301 0.16705473299582799
v -0.15536471640105601 0.37170194091488301 0.185695550796106
v -0.17400553420133399 0.37170194091488301 0.185695550796106
v -0.15536471640105601 0.37170194091488301 0.20433636859638399
v -0.17400553420133399 0.37170194091488301 0.20433636859638399
v -0.15536471640105601 0.390342758715161 0.12977309739527201
v -0.15536471640105601 0.390342758715161 0.14841391519555
v -0.15536471640105601 0.390342758715161 0.16705473299582799
v -0.15536471640105601 0.390342758715161 0.185695550796106
v -0.17400553420133399 0.390342758715161 0.185695550796106
v -0.15536471640105601 0.40898357651543898 0.14841391519555
v -0.17400553420133399 0.40898357651543898 0.14841391519555
v -0.15536471640105601 0.40898357651543898 0.16705473299582799
v -0.17400553420133399 0.40898357651543898 0.16705473299582799
v -0.17400553420133399 0.50218766551682903 0.185695550796106
v -0.15536471640105601 0.50218766551682903 0.185695550796106
v -0.15536471640105601 0.52082848331710796 0.185695550796106
v -0.17400553420133399 0.52082848331710796 0.185695550796106
v -0.17400553420133399 0.50218766551682903 0.20433636859638399
v -0.15536471640105601 0.50218766551682903 0.20433636859638399
v -0.15536471640105601 0.52082848331710796 0.20433636859638399
v -0.17400553420133399 0.52082848331710796 0.20433636859638399
v -0.15536471640105601 0.539469301117386 0.185695550796106
v -0.17400553420133399 0.539469301117386 0.185695550796106
v -0.15536471640105601 0.539469301117386 0.20433636859638399
v -0.17400553420133399 0.539469301117386 0.20433636859638399
v -0.17400553420133399 0.55811011891766404 0.20433636859638399
v -0.15536471640105601 0.55811011891766404 0.20433636859638399
v -0.15536471640105601 0.57675093671794198 0.20433636859638399
v -0.17400553420133399 0.57675093671794198 0.20433636859638399
v -0.17400553420133399 0.55811011891766404 0.222977186396662
v -0.15536471640105601 0.55811011891766404 0.222977186396662
v -0.15536471640105601 0.57675093671794198 0.222977186396662
v -0.17400553420133399 0.57675093671794198 0.222977186396662
v -0.15536471640105601 -0.39257158889652199 0.222977186396662
v -0.13672389860077799 -0.39257158889652199 0.222977186396662
v -0.13672389860077799 -0.37393077109624401 0.222977186396662
v -0.13672389860077799 -0.39257158889652199 0.24161800419693999
v -0.13672389860077799 -0.37393077109624401 0.24161800419693999
v -0.13672389860077799 -0.35528995329596502 0.222977186396662
v -0.13672389860077799 -0.35528995329596502 0.24161800419693999
v -0.13672389860077799 -0.33664913549568698 0.222977186396662
v -0.13672389860077799 -0.33664913549568698 0.24161800419693999
v -0.13672389860077799 -0.35528995329596502 0.260258821997219
v -0.13672389860077799 -0.33664913549568698 0.260258821997219
v -0.15536471640105601 -0.33664913549568698 0.20433636859638399
v -0.13672389860077799 -0.33664913549568698 0.20433636859638399
v -0.13672389860077799 -0.31800831769540899 0.20433636859638399
v -0.13672389860077799 -0.31800831769540899 0.222977186396662
v -0.13672389860077799 -0.31800831769540899 0.24161800419693999
v -0.13672389860077799 -0.31800831769540899 0.260258821997219
v -0.13672389860077799 -0.33664913549568698 0.27889963979749699
v -0.13672389860077799 -0.31800831769540899 0.27889963979749699
v -0.13672389860077799 -0.29936749989513101 0.20433636859638399
v -0.13672389860077799 -0.29936749989513101 0.222977186396662
v -0.13672389860077799 -0.29936749989513101 0.24161800419693999
v -0.13672389860077799 -0.29936749989513101 0.260258821997219
v -0.13672389860077799 -0.29936749989513101 0.27889963979749699
v -0.13672389860077799 -0.31800831769540899 0.29754045759777498
v -0.13672389860077799 -0.29936749989513101 0.29754045759777498
v -0.13672389860077799 -0.31800831769540899 0.31618127539805302
v -0.13672389860077799 -0.29936749989513101 0.31618127539805302
v -0.15536471640105601 -0.29936749989513101 0.185695550796106
v -0.13672389860077799 -0.29936749989513101 0.185695550796106
v -0.13672389860077799 -0.28072668209485302 0.185695550796106
v -0.15536471640105601 -0.28072668209485302 0.185695550796106
v -0.13672389860077799 -0.28072668209485302 0.20433636859638399
v -0.13672389860077799 -0.28072668209485302 0.222977186396662
v -0.13672389860077799 -0.28072668209485302 0.24161800419693999
v -0.13672389860077799 -0.28072668209485302 0.260258821997219
v -0.13672389860077799 -0.28072668209485302 0.27889963979749699
v -0.13672389860077799 -0.28072668209485302 0.29754045759777498
v -0.13672389860077799 -0.28072668209485302 0.31618127539805302
v -0.13672389860077799 -0.29936749989513101 0.33482209319833101
v -0.13672389860077799 -0.28072668209485302 0.33482209319833101
v -0.13672389860077799 -0.26208586429457498 0.185695550796106
v -0.13672389860077799 -0.26208586429457498 0.20433636859638399
v -0.13672389860077799 -0.26208586429457498 0.222977186396662
v -0.13672389860077799 -0.26208586429457498 0.24161800419693999
v -0.13672389860077799 -0.26208586429457498 0.260258821997219
v -0.13672389860077799 -0.26208586429457498 0.27889963979749699
v -0.13672389860077799 -0.26208586429457498 0.29754045759777498
v -0.13672389860077799 -0.26208586429457498 0.31618127539805302
v -0.13672389860077799 -0.26208586429457498 0.33482209319833101
v -0.15536471640105601 -0.26208586429457498 0.33482209319833101
v -0.15536471640105601 -0.26208586429457498 0.16705473299582799
v -0.13672389860077799 -0.26208586429457498 0.16705473299582799
v -0.13672389860077799 -0.24344504649429599 0.16705473299582799
v -0.13672389860077799 -0.24344504649429599 0.185695550796106
v -0.13672389860077799 -0.24344504649429599 0.20433636859638399
v -0.13672389860077799 -0.24344504649429599 0.222977186396662
v -0.13672389860077799 -0.24344504649429599 0.24161800419693999
v -0.13672389860077799 -0.24344504649429599 0.260258821997219
v -0.13672389860077799 -0.24344504649429599 0.27889963979749699
v -0.13672389860077799 -0.24344504649429599 0.29754045759777498
v -0.13672389860077799 -0.24344504649429599 0.31618127539805302
v -0.15536471640105601 -0.24344504649429599 0.14841391519555
v -0.13672389860077799 -0.24344504649429599 0.14841391519555
v -0.13672389860077799 -0.224804228694018 0.14841391519555
v -0.13672389860077799 -0.224804228694018 0.16705473299582799
v -0.13672389860077799 -0.224804228694018 0.185695550796106
v -0.13672389860077799 -0.224804228694018 0.20433636859638399
v -0.13672389860077799 -0.224804228694018 0.222977186396662
v -0.13672389860077799 -0.224804228694018 0.24161800419693999
v -0.13672389860077799 -0.224804228694018 0.260258821997219
v -0.13672389860077799 -0.224804228694018 0.27889963979749699
v -0.13672389860077799 -0.224804228694018 0.29754045759777498
v -0.13672389860077799 -0.224804228694018 0.31618127539805302
v -0.15536471640105601 -0.224804228694018 0.31618127539805302
v -0.13672389860077799 -0.20616341089373999 0.14841391519555
v -0.13672389860077799 -0.20616341089373999 0.16705473299582799
v -0.13672389860077799 -0.20616341089373999 0.222977186396662
v -0.13672389860077799 -0.20616341089373999 0.24161800419693999
v -0.13672389860077799 -0.20616341089373999 0.12977309739527201
v -0.13672389860077799 -0.187522593093462 0.12977309739527201
v -0.13672389860077799 -0.187522593093462 0.14841391519555
v -0.13672389860077799 -0.16888177529318399 0.12977309739527201
v -0.13672389860077799 -0.16888177529318399 0.14841391519555
v -0.13672389860077799 -0.187522593093462 0.27889963979749699
v -0.13672389860077799 -0.16888177529318399 0.27889963979749699
v -0.13672389860077799 -0.187522593093462 0.29754045759777498
v -0.13672389860077799 -0.16888177529318399 0.29754045759777498
v -0.13672389860077799 -0.16888177529318399 0.111132279594993
v -0.13672389860077799 -0.150240957492906 0.111132279594993
v -0.13672389860077799 -0.150240957492906 0.12977309739527201
v -0.13672389860077799 -0.13160013969262799 0.111132279594993
v -0.13672389860077799 -0.13160013969262799 0.12977309739527201
v -0.13672389860077799 -0.150240957492906 0.16705473299582799
v -0.13672389860077799 -0.13160013969262799 0.16705473299582799
v -0.13672389860077799 -0.150240957492906 0.185695550796106
v -0.13672389860077799 -0.13160013969262799 0.185695550796106
v -0.13672389860077799 -0.112959321892349 0.111132279594993
v -0.13672389860077799 -0.112959321892349 0.12977309739527201
v -0.13672389860077799 -0.13160013969262799 0.14841391519555
v -0.13672389860077799 -0.112959321892349 0.14841391519555
v -0.13672389860077799 -0.112959321892349 0.16705473299582799
v -0.13672389860077799 -0.112959321892349 0.185695550796106
v -0.13672389860077799 -0.13160013969262799 0.20433636859638399
v -0.13672389860077799 -0.112959321892349 0.20433636859638399
v -0.13672389860077799 -0.13160013969262799 0.222977186396662
v -0.13672389860077799 -0.112959321892349 0.222977186396662
v -0.13672389860077799 -0.112959321892349 0.092491461794715193
v -0.13672389860077799 -0.094318504092071306 0.092491461794715193
v -0.13672389860077799 -0.094318504092071306 0.111132279594993
v -0.13672389860077799 -0.094318504092071306 0.12977309739527201
v -0.13672389860077799 -0.094318504092071306 0.14841391519555
v -0.13672389860077799 -0.094318504092071306 0.16705473299582799
v -0.13672389860077799 -0.094318504092071306 0.185695550796106
v -0.13672389860077799 -0.094318504092071306 0.20433636859638399
v -0.13672389860077799 -0.094318504092071306 0.222977186396662
v -0.13672389860077799 -0.075677686291793098 0.092491461794715193
v -0.13672389860077799 -0.075677686291793098 0.111132279594993
v -0.13672389860077799 -0.075677686291793098 0.12977309739527201
v -0.13672389860077799 -0.075677686291793098 0.14841391519555
v -0.13672389860077799 -0.075677686291793098 0.16705473299582799
v -0.13672389860077799 -0.075677686291793098 0.185695550796106
v -0.13672389860077799 -0.075677686291793098 0.20433636859638399
v -0.13672389860077799 -0.075677686291793098 0.222977186396662
v -0.13672389860077799 -0.094318504092071306 0.24161800419693999
v -0.13672389860077799 -0.075677686291793098 0.24161800419693999
v -0.13672389860077799 -0.057036868491515 0.092491461794715193
v -0.13672389860077799 -0.057036868491515 0.111132279594993
v -0.13672389860077799 -0.057036868491515 0.12977309739527201
v -0.13672389860077799 -0.057036868491515 0.14841391519555
v -0.13672389860077799 -0.057036868491515 0.16705473299582799
v -0.13672389860077799 -0.057036868491515 0.185695550796106
v -0.13672389860077799 -0.057036868491515 0.20433636859638399
v -0.13672389860077799 -0.057036868491515 0.222977186396662
v -0.13672389860077799 -0.057036868491515 0.24161800419693999
v -0.13672389860077799 -0.038396050691236798 0.092491461794715193
v -0.13672389860077799 -0.038396050691236798 0.111132279594993
v -0.13672389860077799 -0.038396050691236798 0.12977309739527201
v -0.13672389860077799 -0.038396050691236798 0.14841391519555
v -0.13672389860077799 -0.038396050691236798 0.16705473299582799
v -0.13672389860077799 -0.038396050691236798 0.185695550796106
v -0.13672389860077799 -0.038396050691236798 0.20433636859638399
v -0.13672389860077799 -0.038396050691236798 0.222977186396662
v -0.13672389860077799 -0.0197552328909587 0.111132279594993
v -0.13672389860077799 -0.0197552328909587 0.12977309739527201
v -0.13672389860077799 -0.0197552328909587 0.14841391519555
v -0.13672389860077799 -0.0197552328909587 0.16705473299582799
v -0.13672389860077799 -0.0197552328909587 0.185695550796106
v -0.13672389860077799 -0.0197552328909587 0.20433636859638399
v -0.13672389860077799 -0.0197552328909587 0.222977186396662
v -0.13672389860077799 -0.0011144150906804999 0.111132279594993
v -0.13672389860077799 -0.0011144150906804999 0.12977309739527201
v -0.13672389860077799 -0.0011144150906804999 0.14841391519555
v -0.13672389860077799 -0.0011144150906804999 0.16705473299582799
v -0.13672389860077799 -0.0011144150906804999 0.185695550796106
v -0.13672389860077799 -0.0011144150906804999 0.20433636859638399
v -0.13672389860077799 0.0175264027095977 0.12977309739527201
v -0.13672389860077799 0.0175264027095977 0.14841391519555
v -0.13672389860077799 0.092089673910710199 0.12977309739527201
v -0.13672389860077799 0.110730491710988 0.12977309739527201
v -0.13672389860077799 0.092089673910710199 0.14841391519555
v -0.13672389860077799 0.110730491710988 0.14841391519555
v -0.15536471640105601 0.092089673910710199 0.16705473299582799
v -0.13672389860077799 0.092089673910710199 0.16705473299582799
v -0.13672389860077799 0.110730491710988 0.16705473299582799
v -0.15536471640105601 0.110730491710988 0.111132279594993
v -0.13672389860077799 0.110730491710988 0.111132279594993
v -0.13672389860077799 0.12937130951126699 0.111132279594993
v -0.13672389860077799 0.12937130951126699 0.12977309739527201
v -0.13672389860077799 0.12937130951126699 0.14841391519555
v -0.13672389860077799 0.12937130951126699 0.16705473299582799
v -0.15536471640105601 0.110730491710988 0.185695550796106
v -0.13672389860077799 0.110730491710988 0.185695550796106
v -0.13672389860077799 0.12937130951126699 0.185695550796106
v -0.15536471640105601 0.110730491710988 0.20433636859638399
v -0.13672389860077799 0.110730491710988 0.20433636859638399
v -0.13672389860077799 0.12937130951126699 0.20433636859638399
v -0.15536471640105601 0.12937130951126699 0.20433636859638399
v -0.15536471640105601 0.12937130951126699 0.092491461794715193
v -0.13672389860077799 0.12937130951126699 0.092491461794715193
v -0.13672389860077799 0.14801212731154501 0.092491461794715193
v -0.13672389860077799 0.14801212731154501 0.111132279594993
v -0.13672389860077799 0.14801212731154501 0.12977309739527201
v -0.13672389860077799 0.14801212731154501 0.14841391519555
v -0.13672389860077799 0.14801212731154501 0.16705473299582799
v -0.13672389860077799 0.14801212731154501 0.185695550796106
v -0.13672389860077799 0.14801212731154501 0.20433636859638399
v -0.15536471640105601 0.12937130951126699 0.222977186396662
v -0.13672389860077799 0.12937130951126699 0.222977186396662
v -0.13672389860077799 0.14801212731154501 0.222977186396662
v -0.15536471640105601 0.14801212731154501 0.222977186396662
v -0.13672389860077799 0.16665294511182299 0.092491461794715193
v -0.13672389860077799 0.16665294511182299 0.111132279594993
v -0.13672389860077799 0.16665294511182299 0.12977309739527201
v -0.13672389860077799 0.16665294511182299 0.14841391519555
v -0.13672389860077799 0.16665294511182299 0.16705473299582799
v -0.13672389860077799 0.16665294511182299 0.185695550796106
v -0.13672389860077799 0.16665294511182299 0.20433636859638399
v -0.13672389860077799 0.16665294511182299 0.222977186396662
v -0.15536471640105601 0.16665294511182299 0.222977186396662
v -0.15536471640105601 0.16665294511182299 0.073850643994437096
v -0.13672389860077799 0.16665294511182299 0.073850643994437096
v -0.13672389860077799 0.18529376291210101 0.073850643994437096
v -0.13672389860077799 0.18529376291210101 0.092491461794715193
v -0.13672389860077799 0.18529376291210101 0.111132279594993
v -0.13672389860077799 0.18529376291210101 0.12977309739527201
v -0.13672389860077799 0.18529376291210101 0.14841391519555
v -0.13672389860077799 0.18529376291210101 0.16705473299582799
v -0.13672389860077799 0.18529376291210101 0.185695550796106
v -0.13672389860077799 0.18529376291210101 0.20433636859638399
v -0.13672389860077799 0.18529376291210101 0.222977186396662
v -0.13672389860077799 0.20393458071237899 0.073850643994437096
v -0.13672389860077799 0.20393458071237899 0.092491461794715193
v -0.13672389860077799 0.20393458071237899 0.111132279594993
v -0.13672389860077799 0.20393458071237899 0.12977309739527201
v -0.13672389860077799 0.20393458071237899 0.14841391519555
v -0.13672389860077799 0.20393458071237899 0.16705473299582799
v -0.13672389860077799 0.20393458071237899 0.185695550796106
v -0.13672389860077799 0.20393458071237899 0.20433636859638399
v -0.13672389860077799 0.20393458071237899 0.222977186396662
v -0.13672389860077799 0.22257539851265701 0.073850643994437096
v -0.13672389860077799 0.22257539851265701 0.092491461794715193
v -0.13672389860077799 0.22257539851265701 0.111132279594993
v -0.13672389860077799 0.22257539851265701 0.12977309739527201
v -0.13672389860077799 0.22257539851265701 0.14841391519555
v -0.13672389860077799 0.22257539851265701 0.16705473299582799
v -0.13672389860077799 0.22257539851265701 0.185695550796106
v -0.13672389860077799 0.22257539851265701 0.20433636859638399
v -0.13672389860077799 0.22257539851265701 0.222977186396662
v -0.13672389860077799 0.24121621631293499 0.073850643994437096
v -0.13672389860077799 0.24121621631293499 0.092491461794715193
v -0.13672389860077799 0.24121621631293499 0.111132279594993
v -0.13672389860077799 0.24121621631293499 0.12977309739527201
v -0.13672389860077799 0.24121621631293499 0.14841391519555
v -0.13672389860077799 0.24121621631293499 0.16705473299582799
v -0.13672389860077799 0.24121621631293499 0.185695550796106
v -0.13672389860077799 0.24121621631293499 0.20433636859638399
v -0.13672389860077799 0.24121621631293499 0.222977186396662
v -0.13672389860077799 0.25985703411321398 0.073850643994437096
v -0.13672389860077799 0.25985703411321398 0.092491461794715193
v -0.13672389860077799 0.25985703411321398 0.111132279594993
v -0.13672389860077799 0.25985703411321398 0.12977309739527201
v -0.13672389860077799 0.25985703411321398 0.14841391519555
v -0.13672389860077799 0.25985703411321398 0.16705473299582799
v -0.13672389860077799 0.25985703411321398 0.185695550796106
v -0.13672389860077799 0.25985703411321398 0.20433636859638399
v -0.13672389860077799 0.25985703411321398 0.222977186396662
v -0.13672389860077799 0.27849785191349202 0.073850643994437096
v -0.13672389860077799 0.27849785191349202 0.092491461794715193
v -0.13672389860077799 0.27849785191349202 0.111132279594993
v -0.13672389860077799 0.27849785191349202 0.12977309739527201
v -0.13672389860077799 0.27849785191349202 0.14841391519555
v -0.13672389860077799 0.27849785191349202 0.16705473299582799
v -0.13672389860077799 0.27849785191349202 0.185695550796106
v -0.13672389860077799 0.27849785191349202 0.20433636859638399
v -0.13672389860077799 0.27849785191349202 0.222977186396662
v -0.13672389860077799 0.29713866971377001 0.073850643994437096
v -0.13672389860077799 0.29713866971377001 0.092491461794715193
v -0.13672389860077799 0.29713866971377001 0.111132279594993
v -0.13672389860077799 0.29713866971377001 0.12977309739527201
v -0.13672389860077799 0.29713866971377001 0.14841391519555
v -0.13672389860077799 0.29713866971377001 0.16705473299582799
v -0.13672389860077799 0.29713866971377001 0.185695550796106
v -0.13672389860077799 0.29713866971377001 0.20433636859638399
v -0.13672389860077799 0.29713866971377001 0.222977186396662
v -0.13672389860077799 0.315779487514048 0.073850643994437096
v -0.13672389860077799 0.315779487514048 0.092491461794715193
v -0.13672389860077799 0.315779487514048 0.111132279594993
v -0.13672389860077799 0.315779487514048 0.12977309739527201
v -0.13672389860077799 0.315779487514048 0.14841391519555
v -0.13672389860077799 0.315779487514048 0.16705473299582799
v -0.13672389860077799 0.315779487514048 0.185695550796106
v -0.13672389860077799 0.315779487514048 0.20433636859638399
v -0.13672389860077799 0.315779487514048 0.222977186396662
v -0.13672389860077799 0.33442030531432598 0.073850643994437096
v -0.15536471640105601 0.33442030531432598 0.073850643994437096
v -0.13672389860077799 0.33442030531432598 0.092491461794715193
v -0.13672389860077799 0.33442030531432598 0.111132279594993
v -0.13672389860077799 0.33442030531432598 0.12977309739527201
v -0.13672389860077799 0.33442030531432598 0.14841391519555
v -0.13672389860077799 0.33442030531432598 0.16705473299582799
v -0.13672389860077799 0.33442030531432598 0.185695550796106
v -0.13672389860077799 0.33442030531432598 0.20433636859638399
v -0.13672389860077799 0.33442030531432598 0.222977186396662
v -0.13672389860077799 0.35306112311460403 0.092491461794715193
v -0.13672389860077799 0.35306112311460403 0.111132279594993
v -0.13672389860077799 0.35306112311460403 0.12977309739527201
v -0.13672389860077799 0.35306112311460403 0.14841391519555
v -0.13672389860077799 0.35306112311460403 0.16705473299582799
v -0.13672389860077799 0.35306112311460403 0.185695550796106
v -0.13672389860077799 0.35306112311460403 0.20433636859638399
v -0.13672389860077799 0.35306112311460403 0.222977186396662
v -0.15536471640105601 0.35306112311460403 0.222977186396662
v -0.13672389860077799 0.37170194091488301 0.092491461794715193
v -0.15536471640105601 0.37170194091488301 0.092491461794715193
v -0.13672389860077799 0.37170194091488301 0.111132279594993
v -0.13672389860077799 0.37170194091488301 0.12977309739527201
v -0.13672389860077799 0.37170194091488301 0.14841391519555
v -0.13672389860077799 0.37170194091488301 0.16705473299582799
v -0.13672389860077799 0.37170194091488301 0.185695550796106
v -0.13672389860077799 0.37170194091488301 0.20433636859638399
v -0.13672389860077799 0.37170194091488301 0.222977186396662
v -0.15536471640105601 0.37170194091488301 0.222977186396662
v -0.13672389860077799 0.390342758715161 0.111132279594993
v -0.15536471640105601 0.390342758715161 0.111132279594993
v -0.13672389860077799 0.390342758715161 0.12977309739527201
v -0.13672389860077799 0.390342758715161 0.14841391519555
v -0.13672389860077799 0.390342758715161 0.16705473299582799
v -0.13672389860077799 0.390342758715161 0.185695550796106
v -0.13672389860077799 0.390342758715161 0.20433636859638399
v -0.15536471640105601 0.390342758715161 0.20433636859638399
v -0.13672389860077799 0.40898357651543898 0.12977309739527201
v -0.15536471640105601 0.40898357651543898 0.12977309739527201
v -0.13672389860077799 0.40898357651543898 0.14841391519555
v -0.13672389860077799 0.40898357651543898 0.16705473299582799
v -0.13672389860077799 0.42762439431571703 0.14841391519555
v -0.15536471640105601 0.42762439431571703 0.14841391519555
v -0.13672389860077799 0.42762439431571703 0.16705473299582799
v -0.15536471640105601 0.42762439431571703 0.16705473299582799
v -0.15536471640105601 0.48354684771655099 0.16705473299582799
v -0.13672389860077799 0.48354684771655099 0.16705473299582799
v -0.13672389860077799 0.50218766551682903 0.16705473299582799
v -0.15536471640105601 0.50218766551682903 0.16705473299582799
v -0.15536471640105601 0.48354684771655099 0.185695550796106
v -0.13672389860077799 0.48354684771655099 0.185695550796106
v -0.13672389860077799 0.50218766551682903 0.185695550796106
v -0.15536471640105601 0.48354684771655099 0.20433636859638399
v -0.13672389860077799 0.48354684771655099 0.20433636859638399
v -0.13672389860077799 0.50218766551682903 0.20433636859638399
v -0.13672389860077799 0.52082848331710796 0.16705473299582799
v -0.15536471640105601 0.52082848331710796 0.16705473299582799
v -0.13672389860077799 0.52082848331710796 0.185695550796106
v -0.13672389860077799 0.52082848331710796 0.20433636859638399
v -0.13672389860077799 0.539469301117386 0.16705473299582799
v -0.15536471640105601 0.539469301117386 0.16705473299582799
v -0.13672389860077799 0.539469301117386 0.185695550796106
v -0.13672389860077799 0.539469301117386 0.20433636859638399
v -0.13672389860077799 0.55811011891766404 0.185695550796106
v -0.15536471640105601 0.55811011891766404 0.185695550796106
v -0.13672389860077799 0.55811011891766404 0.20433636859638399
v -0.15536471640105601 0.539469301117386 0.222977186396662
v -0.13672389860077799 0.539469301117386 0.222977186396662
v -0.13672389860077799 0.55811011891766404 0.222977186396662
v -0.13672389860077799 0.57675093671794198 0.185695550796106
v -0.15536471640105601 0.57675093671794198 0.185695550796106
v -0.13672389860077799 0.57675093671794198 0.20433636859638399
v -0.13672389860077799 0.57675093671794198 0.222977186396662
v -0.13672389860077799 -0.150240957492906 0.14841391519555
v -0.11808308080049899 -0.150240957492906 0.14841391519555
v -0.11808308080049899 -0.13160013969262799 0.14841391519555
v -0.11808308080049899 -0.150240957492906 0.16705473299582799
v -0.11808308080049899 -0.13160013969262799 0.16705473299582799
v -0.11808308080049899 -0.150240957492906 0.185695550796106
v -0.11808308080049899 -0.13160013969262799 0.185695550796106
v -0.13672389860077799 -0.150240957492906 0.20433636859638399
v -0.11808308080049899 -0.150240957492906 0.20433636859638399
v -0.11808308080049899 -0.13160013969262799 0.20433636859638399
v -0.11808308080049899 -0.13160013969262799 0.12977309739527201
v -0.11808308080049899 -0.112959321892349 0.12977309739527201
v -0.11808308080049899 -0.112959321892349 0.14841391519555
v -0.11808308080049899 -0.112959321892349 0.16705473299582799
v -0.11808308080049899 -0.112959321892349 0.185695550796106
v -0.11808308080049899 -0.112959321892349 0.20433636859638399
v -0.11808308080049899 -0.13160013969262799 0.222977186396662
v -0.11808308080049899 -0.112959321892349 0.222977186396662
v -0.11808308080049899 -0.112959321892349 0.111132279594993
v -0.11808308080049899 -0.094318504092071306 0.111132279594993
v -0.11808308080049899 -0.094318504092071306 0.12977309739527201
v -0.11808308080049899 -0.094318504092071306 0.14841391519555
v -0.11808308080049899 -0.094318504092071306 0.16705473299582799
v -0.11808308080049899 -0.094318504092071306 0.185695550796106
v -0.11808308080049899 -0.094318504092071306 0.20433636859638399
v -0.11808308080049899 -0.094318504092071306 0.222977186396662
v -0.13672389860077799 -0.112959321892349 0.24161800419693999
v -0.11808308080049899 -0.112959321892349 0.24161800419693999
v -0.11808308080049899 -0.094318504092071306 0.24161800419693999
v -0.11808308080049899 -0.094318504092071306 0.092491461794715193
v -0.11808308080049899 -0.075677686291793098 0.092491461794715193
v -0.11808308080049899 -0.075677686291793098 0.111132279594993
v -0.11808308080049899 -0.075677686291793098 0.12977309739527201
v -0.11808308080049899 -0.075677686291793098 0.14841391519555
v -0.11808308080049899 -0.075677686291793098 0.16705473299582799
v -0.11808308080049899 -0.075677686291793098 0.185695550796106
v -0.11808308080049899 -0.075677686291793098 0.20433636859638399
v -0.11808308080049899 -0.075677686291793098 0.222977186396662
v -0.11808308080049899 -0.075677686291793098 0.24161800419693999
v -0.11808308080049899 -0.057036868491515 0.092491461794715193
v -0.11808308080049899 -0.057036868491515 0.111132279594993
v -0.11808308080049899 -0.057036868491515 0.12977309739527201
v -0.11808308080049899 -0.057036868491515 0.14841391519555
v -0.11808308080049899 -0.057036868491515 0.16705473299582799
v -0.11808308080049899 -0.057036868491515 0.185695550796106
v -0.11808308080049899 -0.057036868491515 0.20433636859638399
v -0.11808308080049899 -0.057036868491515 0.222977186396662
v -0.11808308080049899 -0.057036868491515 0.24161800419693999
v -0.11808308080049899 -0.038396050691236798 0.092491461794715193
v -0.11808308080049899 -0.038396050691236798 0.111132279594993
v -0.11808308080049899 -0.038396050691236798 0.12977309739527201
v -0.11808308080049899 -0.038396050691236798 0.14841391519555
v -0.11808308080049899 -0.038396050691236798 0.16705473299582799
v -0.11808308080049899 -0.038396050691236798 0.185695550796106
v -0.11808308080049899 -0.038396050691236798 0.20433636859638399
v -0.11808308080049899 -0.038396050691236798 0.222977186396662
v -0.11808308080049899 -0.0197552328909587 0.111132279594993
v -0.11808308080049899 -0.0197552328909587 0.12977309739527201
v -0.11808308080049899 -0.0197552328909587 0.14841391519555
v -0.11808308080049899 -0.0197552328909587 0.16705473299582799
v -0.11808308080049899 -0.0197552328909587 0.185695550796106
v -0.11808308080049899 -0.0197552328909587 0.20433636859638399
v -0.11808308080049899 -0.0011144150906804999 0.111132279594993
v -0.11808308080049899 -0.0011144150906804999 0.12977309739527201
v -0.11808308080049899 -0.0011144150906804999 0.14841391519555
v -0.11808308080049899 -0.0011144150906804999 0.16705473299582799
v -0.11808308080049899 -0.0011144150906804999 0.185695550796106
v -0.11808308080049899 0.0175264027095977 0.12977309739527201
v -0.11808308080049899 0.0175264027095977 0.14841391519555
v -0.13672389860077799 0.073448856110432101 0.12977309739527201
v -0.11808308080049899 0.073448856110432101 0.12977309739527201
v -0.11808308080049899 0.092089673910710199 0.12977309739527201
v -0.13672389860077799 0.073448856110432101 0.14841391519555
v -0.11808308080049899 0.073448856110432101 0.14841391519555
v -0.11808308080049899 0.092089673910710199 0.14841391519555
v -0.13672389860077799 0.073448856110432101 0.16705473299582799
v -0.11808308080049899 0.073448856110432101 0.16705473299582799
v -0.11808308080049899 0.092089673910710199 0.16705473299582799
v -0.13672389860077799 0.092089673910710199 0.111132279594993
v -0.11808308080049899 0.092089673910710199 0.111132279594993
v -0.11808308080049899 0.110730491710988 0.111132279594993
v -0.11808308080049899 0.110730491710988 0.12977309739527201
v -0.11808308080049899 0.110730491710988 0.14841391519555
v -0.11808308080049899 0.110730491710988 0.16705473299582799
v -0.13672389860077799 0.092089673910710199 0.185695550796106
v -0.11808308080049899 0.092089673910710199 0.185695550796106
v -0.11808308080049899 0.110730491710988 0.185695550796106
v -0.13672389860077799 0.092089673910710199 0.20433636859638399
v -0.11808308080049899 0.092089673910710199 0.20433636859638399
v -0.11808308080049899 0.110730491710988 0.20433636859638399
v -0.13672389860077799 0.110730491710988 0.092491461794715193
v -0.11808308080049899 0.110730491710988 0.092491461794715193
v -0.11808308080049899 0.12937130951126699 0.092491461794715193
v -0.11808308080049899 0.12937130951126699 0.111132279594993
v -0.11808308080049899 0.12937130951126699 0.12977309739527201
v -0.11808308080049899 0.12937130951126699 0.14841391519555
v -0.11808308080049899 0.12937130951126699 0.16705473299582799
v -0.11808308080049899 0.12937130951126699 0.185695550796106
v -0.11808308080049899 0.12937130951126699 0.20433636859638399
v -0.13672389860077799 0.110730491710988 0.222977186396662
v -0.11808308080049899 0.110730491710988 0.222977186396662
v -0.11808308080049899 0.12937130951126699 0.222977186396662
v -0.11808308080049899 0.14801212731154501 0.092491461794715193
v -0.11808308080049899 0.14801212731154501 0.111132279594993
v -0.11808308080049899 0.14801212731154501 0.12977309739527201
v -0.11808308080049899 0.14801212731154501 0.14841391519555
v -0.11808308080049899 0.14801212731154501 0.16705473299582799
v -0.11808308080049899 0.14801212731154501 0.185695550796106
v -0.11808308080049899 0.14801212731154501 0.20433636859638399
v -0.11808308080049899 0.14801212731154501 0.222977186396662
v -0.13672389860077799 0.14801212731154501 0.073850643994437096
v -0.11808308080049899 0.14801212731154501 0.073850643994437096
v -0.11808308080049899 0.16665294511182299 0.073850643994437096
v -0.11808308080049899 0.16665294511182299 0.092491461794715193
v -0.11808308080049899 0.16665294511182299 0.111132279594993
v -0.11808308080049899 0.16665294511182299 0.12977309739527201
v -0.11808308080049899 0.16665294511182299 0.14841391519555
v -0.11808308080049899 0.16665294511182299 0.16705473299582799
v -0.11808308080049899 0.16665294511182299 0.185695550796106
v -0.11808308080049899 0.16665294511182299 0.20433636859638399
v -0.11808308080049899 0.16665294511182299 0.222977186396662
v -0.11808308080049899 0.18529376291210101 0.073850643994437096
v -0.11808308080049899 0.18529376291210101 0.092491461794715193
v -0.11808308080049899 0.18529376291210101 0.111132279594993
v -0.11808308080049899 0.18529376291210101 0.12977309739527201
v -0.11808308080049899 0.18529376291210101 0.14841391519555
v -0.11808308080049899 0.18529376291210101 0.16705473299582799
v -0.11808308080049899 0.18529376291210101 0.185695550796106
v -0.11808308080049899 0.18529376291210101 0.20433636859638399
v -0.11808308080049899 0.18529376291210101 0.222977186396662
v -0.11808308080049899 0.20393458071237899 0.073850643994437096
v -0.11808308080049899 0.20393458071237899 0.092491461794715193
v -0.11808308080049899 0.20393458071237899 0.111132279594993
v -0.11808308080049899 0.20393458071237899 0.12977309739527201
v -0.11808308080049899 0.20393458071237899 0.14841391519555
v -0.11808308080049899 0.20393458071237899 0.16705473299582799
v -0.11808308080049899 0.20393458071237899 0.185695550796106
v -0.11808308080049899 0.20393458071237899 0.20433636859638399
v -0.11808308080049899 0.20393458071237899 0.222977186396662
v -0.11808308080049899 0.22257539851265701 0.073850643994437096
v -0.11808308080049899 0.22257539851265701 0.092491461794715193
v -0.11808308080049899 0.22257539851265701 0.111132279594993
v -0.11808308080049899 0.22257539851265701 0.12977309739527201
v -0.11808308080049899 0.22257539851265701 0.14841391519555
v -0.11808308080049899 0.22257539851265701 0.16705473299582799
v -0.11808308080049899 0.22257539851265701 0.185695550796106
v -0.11808308080049899 0.22257539851265701 0.20433636859638399
v -0.11808308080049899 0.22257539851265701 0.222977186396662
v -0.11808308080049899 0.24121621631293499 0.073850643994437096
v -0.11808308080049899 0.24121621631293499 0.092491461794715193
v -0.11808308080049899 0.24121621631293499 0.111132279594993
v -0.11808308080049899 0.24121621631293499 0.12977309739527201
v -0.11808308080049899 0.24121621631293499 0.14841391519555
v -0.11808308080049899 0.24121621631293499 0.16705473299582799
v -0.11808308080049899 0.24121621631293499 0.185695550796106
v -0.11808308080049899 0.24121621631293499 0.20433636859638399
v -0.11808308080049899 0.24121621631293499 0.222977186396662
v -0.11808308080049899 0.25985703411321398 0.073850643994437096
v -0.11808308080049899 0.25985703411321398 0.092491461794715193
v -0.11808308080049899 0.25985703411321398 0.111132279594993
v -0.11808308080049899 0.25985703411321398 0.12977309739527201
v -0.11808308080049899 0.25985703411321398 0.14841391519555
v -0.11808308080049899 0.25985703411321398 0.16705473299582799
v -0.11808308080049899 0.25985703411321398 0.185695550796106
v -0.11808308080049899 0.25985703411321398 0.20433636859638399
v -0.11808308080049899 0.25985703411321398 0.222977186396662
v -0.11808308080049899 0.27849785191349202 0.073850643994437096
v -0.11808308080049899 0.27849785191349202 0.092491461794715193
v -0.11808308080049899 0.27849785191349202 0.111132279594993
v -0.11808308080049899 0.27849785191349202 0.12977309739527201
v -0.11808308080049899 0.27849785191349202 0.14841391519555
v -0.11808308080049899 0.27849785191349202 0.16705473299582799
v -0.11808308080049899 0.27849785191349202 0.185695550796106
v -0.11808308080049899 0.27849785191349202 0.20433636859638399
v -0.11808308080049899 0.27849785191349202 0.222977186396662
v -0.11808308080049899 0.29713866971377001 0.073850643994437096
v -0.11808308080049899 0.29713866971377001 0.092491461794715193
v -0.11808308080049899 0.29713866971377001 0.111132279594993
v -0.11808308080049899 0.29713866971377001 0.12977309739527201
v -0.11808308080049899 0.29713866971377001 0.14841391519555
v -0.11808308080049899 0.29713866971377001 0.16705473299582799
v -0.11808308080049899 0.29713866971377001 0.185695550796106
v -0.11808308080049899 0.29713866971377001 0.20433636859638399
v -0.11808308080049899 0.29713866971377001 0.222977186396662
v -0.11808308080049899 0.315779487514048 0.073850643994437096
v -0.11808308080049899 0.315779487514048 0.092491461794715193
v -0.11808308080049899 0.315779487514048 0.111132279594993
v -0.11808308080049899 0.315779487514048 0.12977309739527201
v -0.11808308080049899 0.315779487514048 0.14841391519555
v -0.11808308080049899 0.315779487514048 0.16705473299582799
v -0.11808308080049899 0.315779487514048 0.185695550796106
v -0.11808308080049899 0.315779487514048 0.20433636859638399
v -0.11808308080049899 0.315779487514048 0.222977186396662
v -0.11808308080049899 0.33442030531432598 0.073850643994437096
v -0.11808308080049899 0.33442030531432598 0.092491461794715193
v -0.11808308080049899 0.33442030531432598 0.111132279594993
v -0.11808308080049899 0.33442030531432598 0.12977309739527201
v -0.11808308080049899 0.33442030531432598 0.14841391519555
v -0.11808308080049899 0.33442030531432598 0.16705473299582799
v -0.11808308080049899 0.33442030531432598 0.185695550796106
v -0.11808308080049899 0.33442030531432598 0.20433636859638399
v -0.11808308080049899 0.33442030531432598 0.222977186396662
v -0.11808308080049899 0.35306112311460403 0.073850643994437096
v -0.13672389860077799 0.35306112311460403 0.073850643994437096
v -0.11808308080049899 0.35306112311460403 0.092491461794715193
v -0.11808308080049899 0.35306112311460403 0.111132279594993
v -0.11808308080049899 0.35306112311460403 0.12977309739527201
v -0.11808308080049899 0.35306112311460403 0.14841391519555
v -0.11808308080049899 0.35306112311460403 0.16705473299582799
v -0.11808308080049899 0.35306112311460403 0.185695550796106
v -0.11808308080049899 0.35306112311460403 0.20433636859638399
v -0.11808308080049899 0.35306112311460403 0.222977186396662
v -0.11808308080049899 0.37170194091488301 0.092491461794715193
v -0.11808308080049899 0.37170194091488301 0.111132279594993
v -0.11808308080049899 0.37170194091488301 0.12977309739527201
v -0.11808308080049899 0.37170194091488301 0.14841391519555
v -0.11808308080049899 0.37170194091488301 0.16705473299582799
v -0.11808308080049899 0.37170194091488301 0.185695550796106
v -0.11808308080049899 0.37170194091488301 0.20433636859638399
v -0.11808308080049899 0.37170194091488301 0.222977186396662
v -0.11808308080049899 0.390342758715161 0.092491461794715193
v -0.13672389860077799 0.390342758715161 0.092491461794715193
v -0.11808308080049899 0.390342758715161 0.111132279594993
v -0.11808308080049899 0.390342758715161 0.12977309739527201
v -0.11808308080049899 0.390342758715161 0.14841391519555
v -0.11808308080049899 0.390342758715161 0.16705473299582799
v -0.11808308080049899 0.390342758715161 0.185695550796106
v -0.11808308080049899 0.390342758715161 0.20433636859638399
v -0.11808308080049899 0.40898357651543898 0.111132279594993
v -0.13672389860077799 0.40898357651543898 0.111132279594993
v -0.11808308080049899 0.40898357651543898 0.12977309739527201
v -0.11808308080049899 0.40898357651543898 0.14841391519555
v -0.11808308080049899 0.40898357651543898 0.16705473299582799
v -0.11808308080049899 0.40898357651543898 0.185695550796106
v -0.13672389860077799 0.40898357651543898 0.185695550796106
v -0.11808308080049899 0.42762439431571703 0.12977309739527201
v -0.13672389860077799 0.42762439431571703 0.12977309739527201
v -0.11808308080049899 0.42762439431571703 0.14841391519555
v -0.11808308080049899 0.42762439431571703 0.16705473299582799
v -0.13672389860077799 0.464906029916273 0.16705473299582799
v -0.11808308080049899 0.464906029916273 0.16705473299582799
v -0.11808308080049899 0.48354684771655099 0.16705473299582799
v -0.13672389860077799 0.464906029916273 0.185695550796106
v -0.11808308080049899 0.464906029916273 0.185695550796106
v -0.11808308080049899 0.48354684771655099 0.185695550796106
v -0.11808308080049899 0.50218766551682903 0.16705473299582799
v -0.11808308080049899 0.50218766551682903 0.185695550796106
v -0.11808308080049899 0.48354684771655099 0.20433636859638399
v -0.11808308080049899 0.50218766551682903 0.20433636859638399
v -0.11808308080049899 0.52082848331710796 0.16705473299582799
v -0.11808308080049899 0.52082848331710796 0.185695550796106
v -0.11808308080049899 0.52082848331710796 0.20433636859638399
v -0.11808308080049899 0.539469301117386 0.16705473299582799
v -0.11808308080049899 0.539469301117386 0.185695550796106
v -0.11808308080049899 0.539469301117386 0.20433636859638399
v -0.11808308080049899 0.55811011891766404 0.16705473299582799
v -0.13672389860077799 0.55811011891766404 0.16705473299582799
v -0.11808308080049899 0.55811011891766404 0.185695550796106
v -0.11808308080049899 0.55811011891766404 0.20433636859638399
v -0.11808308080049899 0.57675093671794198 0.185695550796106
v -0.11808308080049899 0.57675093671794198 0.20433636859638399
v -0.11808308080049899 -0.150240957492906 0.12977309739527201
v -0.099442263000221298 -0.150240957492906 0.12977309739527201
v -0.099442263000221298 -0.13160013969262799 0.12977309739527201
v -0.099442263000221298 -0.150240957492906 0.14841391519555
v -0.099442263000221298 -0.13160013969262799 0.14841391519555
v -0.099442263000221298 -0.150240957492906 0.16705473299582799
v -0.099442263000221298 -0.13160013969262799 0.16705473299582799
v -0.099442263000221298 -0.150240957492906 0.185695550796106
v -0.099442263000221298 -0.13160013969262799 0.185695550796106
v -0.099442263000221298 -0.150240957492906 0.20433636859638399
v -0.099442263000221298 -0.13160013969262799 0.20433636859638399
v -0.11808308080049899 -0.150240957492906 0.222977186396662
v -0.099442263000221298 -0.150240957492906 0.222977186396662
v -0.099442263000221298 -0.13160013969262799 0.222977186396662
v -0.11808308080049899 -0.13160013969262799 0.111132279594993
v -0.099442263000221298 -0.13160013969262799 0.111132279594993
v -0.099442263000221298 -0.112959321892349 0.111132279594993
v -0.099442263000221298 -0.112959321892349 0.12977309739527201
v -0.099442263000221298 -0.112959321892349 0.14841391519555
v -0.099442263000221298 -0.112959321892349 0.16705473299582799
v -0.099442263000221298 -0.112959321892349 0.185695550796106
v -0.099442263000221298 -0.112959321892349 0.20433636859638399
v -0.099442263000221298 -0.112959321892349 0.222977186396662
v -0.11808308080049899 -0.13160013969262799 0.24161800419693999
v -0.099442263000221298 -0.13160013969262799 0.24161800419693999
v -0.099442263000221298 -0.112959321892349 0.24161800419693999
v -0.099442263000221298 -0.094318504092071306 0.111132279594993
v -0.099442263000221298 -0.094318504092071306 0.12977309739527201
v -0.099442263000221298 -0.094318504092071306 0.14841391519555
v -0.099442263000221298 -0.094318504092071306 0.16705473299582799
v -0.099442263000221298 -0.094318504092071306 0.185695550796106
v -0.099442263000221298 -0.094318504092071306 0.20433636859638399
v -0.099442263000221298 -0.094318504092071306 0.222977186396662
v -0.099442263000221298 -0.094318504092071306 0.24161800419693999
v -0.099442263000221298 -0.075677686291793098 0.111132279594993
v -0.099442263000221298 -0.075677686291793098 0.12977309739527201
v -0.099442263000221298 -0.075677686291793098 0.14841391519555
v -0.099442263000221298 -0.075677686291793098 0.16705473299582799
v -0.099442263000221298 -0.075677686291793098 0.185695550796106
v -0.099442263000221298 -0.075677686291793098 0.20433636859638399
v -0.099442263000221298 -0.075677686291793098 0.222977186396662
v -0.099442263000221298 -0.075677686291793098 0.24161800419693999
v -0.099442263000221298 -0.057036868491515 0.111132279594993
v -0.099442263000221298 -0.057036868491515 0.12977309739527201
v -0.099442263000221298 -0.057036868491515 0.14841391519555
v -0.099442263000221298 -0.057036868491515 0.16705473299582799
v -0.099442263000221298 -0.057036868491515 0.185695550796106
v -0.099442263000221298 -0.057036868491515 0.20433636859638399
v -0.099442263000221298 -0.057036868491515 0.222977186396662
v -0.099442263000221298 -0.057036868491515 0.24161800419693999
v -0.099442263000221298 -0.038396050691236798 0.111132279594993
v -0.099442263000221298 -0.038396050691236798 0.12977309739527201
v -0.099442263000221298 -0.038396050691236798 0.14841391519555
v -0.099442263000221298 -0.038396050691236798 0.16705473299582799
v -0.099442263000221298 -0.038396050691236798 0.185695550796106
v -0.099442263000221298 -0.038396050691236798 0.20433636859638399
v -0.099442263000221298 -0.038396050691236798 0.222977186396662
v -0.099442263000221298 -0.0197552328909587 0.111132279594993
v -0.099442263000221298 -0.0197552328909587 0.12977309739527201
v -0.099442263000221298 -0.0197552328909587 0.14841391519555
v -0.099442263000221298 -0.0197552328909587 0.16705473299582799
v -0.099442263000221298 -0.0197552328909587 0.185695550796106
v -0.099442263000221298 -0.0197552328909587 0.20433636859638399
v -0.099442263000221298 -0.0011144150906804999 0.12977309739527201
v -0.099442263000221298 -0.0011144150906804999 0.14841391519555
v -0.099442263000221298 -0.0011144150906804999 0.16705473299582799
v -0.099442263000221298 -0.0011144150906804999 0.185695550796106
v -0.099442263000221298 0.0175264027095977 0.12977309739527201
v -0.099442263000221298 0.0175264027095977 0.14841391519555
v -0.11808308080049899 0.054808038310153899 0.14841391519555
v -0.099442263000221298 0.054808038310153899 0.14841391519555
v -0.099442263000221298 0.073448856110432101 0.14841391519555
v -0.11808308080049899 0.054808038310153899 0.16705473299582799
v -0.099442263000221298 0.054808038310153899 0.16705473299582799
v -0.099442263000221298 0.073448856110432101 0.16705473299582799
v -0.099442263000221298 0.073448856110432101 0.12977309739527201
v -0.099442263000221298 0.092089673910710199 0.12977309739527201
v -0.099442263000221298 0.092089673910710199 0.14841391519555
v -0.099442263000221298 0.092089673910710199 0.16705473299582799
v -0.11808308080049899 0.073448856110432101 0.185695550796106
v -0.099442263000221298 0.073448856110432101 0.185695550796106
v -0.099442263000221298 0.092089673910710199 0.185695550796106
v -0.11808308080049899 0.092089673910710199 0.092491461794715193
v -0.099442263000221298 0.092089673910710199 0.092491461794715193
v -0.099442263000221298 0.110730491710988 0.092491461794715193
v -0.099442263000221298 0.092089673910710199 0.111132279594993
v -0.099442263000221298 0.110730491710988 0.111132279594993
v -0.099442263000221298 0.110730491710988 0.12977309739527201
v -0.099442263000221298 0.110730491710988 0.14841391519555
v -0.099442263000221298 0.110730491710988 0.16705473299582799
v -0.099442263000221298 0.110730491710988 0.185695550796106
v -0.099442263000221298 0.092089673910710199 0.20433636859638399
v -0.099442263000221298 0.110730491710988 0.20433636859638399
v -0.11808308080049899 0.092089673910710199 0.222977186396662
v -0.099442263000221298 0.092089673910710199 0.222977186396662
v -0.099442263000221298 0.110730491710988 0.222977186396662
v -0.099442263000221298 0.12937130951126699 0.092491461794715193
v -0.099442263000221298 0.12937130951126699 0.111132279594993
v -0.099442263000221298 0.12937130951126699 0.12977309739527201
v -0.099442263000221298 0.12937130951126699 0.14841391519555
v -0.099442263000221298 0.12937130951126699 0.16705473299582799
v -0.099442263000221298 0.12937130951126699 0.185695550796106
v -0.099442263000221298 0.12937130951126699 0.20433636859638399
v -0.099442263000221298 0.12937130951126699 0.222977186396662
v -0.11808308080049899 0.12937130951126699 0.073850643994437096
v -0.099442263000221298 0.12937130951126699 0.073850643994437096
v -0.099442263000221298 0.14801212731154501 0.073850643994437096
v -0.099442263000221298 0.14801212731154501 0.092491461794715193
v -0.099442263000221298 0.14801212731154501 0.111132279594993
v -0.099442263000221298 0.14801212731154501 0.12977309739527201
v -0.099442263000221298 0.14801212731154501 0.14841391519555
v -0.099442263000221298 0.14801212731154501 0.16705473299582799
v -0.099442263000221298 0.14801212731154501 0.185695550796106
v -0.099442263000221298 0.14801212731154501 0.20433636859638399
v -0.099442263000221298 0.14801212731154501 0.222977186396662
v -0.099442263000221298 0.16665294511182299 0.073850643994437096
v -0.099442263000221298 0.16665294511182299 0.092491461794715193
v -0.099442263000221298 0.16665294511182299 0.111132279594993
v -0.099442263000221298 0.16665294511182299 0.12977309739527201
v -0.099442263000221298 0.16665294511182299 0.14841391519555
v -0.099442263000221298 0.16665294511182299 0.16705473299582799
v -0.099442263000221298 0.16665294511182299 0.185695550796106
v -0.099442263000221298 0.16665294511182299 0.20433636859638399
v -0.099442263000221298 0.16665294511182299 0.222977186396662
v -0.099442263000221298 0.18529376291210101 0.073850643994437096
v -0.099442263000221298 0.18529376291210101 0.092491461794715193
v -0.099442263000221298 0.18529376291210101 0.111132279594993
v -0.099442263000221298 0.18529376291210101 0.12977309739527201
v -0.099442263000221298 0.18529376291210101 0.14841391519555
v -0.099442263000221298 0.18529376291210101 0.16705473299582799
v -0.099442263000221298 0.18529376291210101 0.185695550796106
v -0.099442263000221298 0.18529376291210101 0.20433636859638399
v -0.099442263000221298 0.18529376291210101 0.222977186396662
v -0.099442263000221298 0.20393458071237899 0.073850643994437096
v -0.099442263000221298 0.20393458071237899 0.092491461794715193
v -0.099442263000221298 0.20393458071237899 0.111132279594993
v -0.099442263000221298 0.20393458071237899 0.12977309739527201
v -0.099442263000221298 0.20393458071237899 0.14841391519555
v -0.099442263000221298 0.20393458071237899 0.16705473299582799
v -0.099442263000221298 0.20393458071237899 0.185695550796106
v -0.099442263000221298 0.20393458071237899 0.20433636859638399
v -0.099442263000221298 0.20393458071237899 0.222977186396662
v -0.099442263000221298 0.22257539851265701 0.073850643994437096
v -0.099442263000221298 0.22257539851265701 0.092491461794715193
v -0.099442263000221298 0.22257539851265701 0.111132279594993
v -0.099442263000221298 0.22257539851265701 0.12977309739527201
v -0.099442263000221298 0.22257539851265701 0.14841391519555
v -0.099442263000221298 0.22257539851265701 0.16705473299582799
v -0.099442263000221298 0.22257539851265701 0.185695550796106
v -0.099442263000221298 0.22257539851265701 0.20433636859638399
v -0.099442263000221298 0.22257539851265701 0.222977186396662
v -0.099442263000221298 0.24121621631293499 0.073850643994437096
v -0.099442263000221298 0.24121621631293499 0.092491461794715193
v -0.099442263000221298 0.24121621631293499 0.111132279594993
v -0.099442263000221298 0.24121621631293499 0.12977309739527201
v -0.099442263000221298 0.24121621631293499 0.14841391519555
v -0.099442263000221298 0.24121621631293499 0.16705473299582799
v -0.099442263000221298 0.24121621631293499 0.185695550796106
v -0.099442263000221298 0.24121621631293499 0.20433636859638399
v -0.099442263000221298 0.24121621631293499 0.222977186396662
v -0.099442263000221298 0.25985703411321398 0.073850643994437096
v -0.099442263000221298 0.25985703411321398 0.092491461794715193
v -0.099442263000221298 0.25985703411321398 0.111132279594993
v -0.099442263000221298 0.25985703411321398 0.12977309739527201
v -0.099442263000221298 0.25985703411321398 0.14841391519555
v -0.099442263000221298 0.25985703411321398 0.16705473299582799
v -0.099442263000221298 0.25985703411321398 0.185695550796106
v -0.099442263000221298 0.25985703411321398 0.20433636859638399
v -0.099442263000221298 0.25985703411321398 0.222977186396662
v -0.099442263000221298 0.27849785191349202 0.073850643994437096
v -0.099442263000221298 0.27849785191349202 0.092491461794715193
v -0.099442263000221298 0.27849785191349202 0.111132279594993
v -0.099442263000221298 0.27849785191349202 0.12977309739527201
v -0.099442263000221298 0.27849785191349202 0.14841391519555
v -0.099442263000221298 0.27849785191349202 0.16705473299582799
v -0.099442263000221298 0.27849785191349202 0.185695550796106
v -0.099442263000221298 0.27849785191349202 0.20433636859638399
v -0.099442263000221298 0.27849785191349202 0.222977186396662
v -0.099442263000221298 0.29713866971377001 0.073850643994437096
v -0.099442263000221298 0.29713866971377001 0.092491461794715193
v -0.099442263000221298 0.29713866971377001 0.111132279594993
v -0.099442263000221298 0.29713866971377001 0.12977309739527201
v -0.099442263000221298 0.29713866971377001 0.14841391519555
v -0.099442263000221298 0.29713866971377001 0.16705473299582799
v -0.099442263000221298 0.29713866971377001 0.185695550796106
v -0.099442263000221298 0.29713866971377001 0.20433636859638399
v -0.099442263000221298 0.29713866971377001 0.222977186396662
v -0.099442263000221298 0.315779487514048 0.073850643994437096
v -0.099442263000221298 0.315779487514048 0.092491461794715193
v -0.099442263000221298 0.315779487514048 0.111132279594993
v -0.099442263000221298 0.315779487514048 0.12977309739527201
v -0.099442263000221298 0.315779487514048 0.14841391519555
v -0.099442263000221298 0.315779487514048 0.16705473299582799
v -0.099442263000221298 0.315779487514048 0.185695550796106
v -0.099442263000221298 0.315779487514048 0.20433636859638399
v -0.099442263000221298 0.315779487514048 0.222977186396662
v -0.099442263000221298 0.33442030531432598 0.073850643994437096
v -0.099442263000221298 0.33442030531432598 0.092491461794715193
v -0.099442263000221298 0.33442030531432598 0.111132279594993
v -0.099442263000221298 0.33442030531432598 0.12977309739527201
v -0.099442263000221298 0.33442030531432598 0.14841391519555
v -0.099442263000221298 0.33442030531432598 0.16705473299582799
v -0.099442263000221298 0.33442030531432598 0.185695550796106
v -0.099442263000221298 0.33442030531432598 0.20433636859638399
v -0.099442263000221298 0.33442030531432598 0.222977186396662
v -0.11808308080049899 0.315779487514048 0.24161800419693999
v -0.099442263000221298 0.315779487514048 0.24161800419693999
v -0.099442263000221298 0.33442030531432598 0.24161800419693999
v -0.11808308080049899 0.33442030531432598 0.24161800419693999
v -0.099442263000221298 0.35306112311460403 0.073850643994437096
v -0.099442263000221298 0.35306112311460403 0.092491461794715193
v -0.099442263000221298 0.35306112311460403 0.111132279594993
v -0.099442263000221298 0.35306112311460403 0.12977309739527201
v -0.099442263000221298 0.35306112311460403 0.14841391519555
v -0.099442263000221298 0.35306112311460403 0.16705473299582799
v -0.099442263000221298 0.35306112311460403 0.185695550796106
v -0.099442263000221298 0.35306112311460403 0.20433636859638399
v -0.099442263000221298 0.35306112311460403 0.222977186396662
v -0.099442263000221298 0.37170194091488301 0.073850643994437096
v -0.11808308080049899 0.37170194091488301 0.073850643994437096
v -0.099442263000221298 0.37170194091488301 0.092491461794715193
v -0.099442263000221298 0.37170194091488301 0.111132279594993
v -0.099442263000221298 0.37170194091488301 0.12977309739527201
v -0.099442263000221298 0.37170194091488301 0.14841391519555
v -0.099442263000221298 0.37170194091488301 0.16705473299582799
v -0.099442263000221298 0.37170194091488301 0.185695550796106
v -0.099442263000221298 0.37170194091488301 0.20433636859638399
v -0.099442263000221298 0.37170194091488301 0.222977186396662
v -0.099442263000221298 0.390342758715161 0.092491461794715193
v -0.099442263000221298 0.390342758715161 0.111132279594993
v -0.099442263000221298 0.390342758715161 0.12977309739527201
v -0.099442263000221298 0.390342758715161 0.14841391519555
v -0.099442263000221298 0.390342758715161 0.16705473299582799
v -0.099442263000221298 0.390342758715161 0.185695550796106
v -0.099442263000221298 0.390342758715161 0.20433636859638399
v -0.099442263000221298 0.390342758715161 0.222977186396662
v -0.11808308080049899 0.390342758715161 0.222977186396662
v -0.099442263000221298 0.40898357651543898 0.111132279594993
v -0.099442263000221298 0.40898357651543898 0.12977309739527201
v -0.099442263000221298 0.40898357651543898 0.14841391519555
v -0.099442263000221298 0.40898357651543898 0.16705473299582799
v -0.099442263000221298 0.40898357651543898 0.185695550796106
v -0.099442263000221298 0.40898357651543898 0.20433636859638399
v -0.11808308080049899 0.40898357651543898 0.20433636859638399
v -0.099442263000221298 0.42762439431571703 0.12977309739527201
v -0.099442263000221298 0.42762439431571703 0.14841391519555
v -0.099442263000221298 0.42762439431571703 0.16705473299582799
v -0.099442263000221298 0.42762439431571703 0.185695550796106
v -0.11808308080049899 0.42762439431571703 0.185695550796106
v -0.099442263000221298 0.44626521211599501 0.14841391519555
v -0.11808308080049899 0.44626521211599501 0.14841391519555
v -0.099442263000221298 0.44626521211599501 0.16705473299582799
v -0.11808308080049899 0.44626521211599501 0.16705473299582799
v -0.11808308080049899 0.464906029916273 0.14841391519555
v -0.099442263000221298 0.464906029916273 0.14841391519555
v -0.099442263000221298 0.48354684771655099 0.14841391519555
v -0.11808308080049899 0.48354684771655099 0.14841391519555
v -0.099442263000221298 0.464906029916273 0.16705473299582799
v -0.099442263000221298 0.48354684771655099 0.16705473299582799
v -0.099442263000221298 0.464906029916273 0.185695550796106
v -0.099442263000221298 0.48354684771655099 0.185695550796106
v -0.099442263000221298 0.50218766551682903 0.14841391519555
v -0.11808308080049899 0.50218766551682903 0.14841391519555
v -0.099442263000221298 0.50218766551682903 0.16705473299582799
v -0.099442263000221298 0.50218766551682903 0.185695550796106
v -0.099442263000221298 0.48354684771655099 0.20433636859638399
v -0.099442263000221298 0.50218766551682903 0.20433636859638399
v -0.099442263000221298 0.52082848331710796 0.14841391519555
v -0.11808308080049899 0.52082848331710796 0.14841391519555
v -0.099442263000221298 0.52082848331710796 0.16705473299582799
v -0.099442263000221298 0.52082848331710796 0.185695550796106
v -0.099442263000221298 0.52082848331710796 0.20433636859638399
v -0.099442263000221298 0.539469301117386 0.16705473299582799
v -0.099442263000221298 0.539469301117386 0.185695550796106
v -0.099442263000221298 0.539469301117386 0.20433636859638399
v -0.099442263000221298 0.55811011891766404 0.16705473299582799
v -0.099442263000221298 0.55811011891766404 0.185695550796106
v -0.099442263000221298 0.55811011891766404 0.20433636859638399
v -0.099442263000221298 0.57675093671794198 0.185695550796106
v -0.099442263000221298 0.57675093671794198 0.20433636859638399
v -0.099442263000221298 0.59539175451822002 0.185695550796106
v -0.11808308080049899 0.59539175451822002 0.185695550796106
v -0.099442263000221298 0.59539175451822002 0.20433636859638399
v -0.11808308080049899 0.59539175451822002 0.20433636859638399
v -0.099442263000221298 -0.16888177529318399 0.14841391519555
v -0.080801445199943103 -0.16888177529318399 0.14841391519555
v -0.080801445199943103 -0.150240957492906 0.14841391519555
v -0.099442263000221298 -0.16888177529318399 0.16705473299582799
v -0.080801445199943103 -0.16888177529318399 0.16705473299582799
v -0.080801445199943103 -0.150240957492906 0.16705473299582799
v -0.099442263000221298 -0.16888177529318399 0.185695550796106
v -0.080801445199943103 -0.16888177529318399 0.185695550796106
v -0.080801445199943103 -0.150240957492906 0.185695550796106
v -0.099442263000221298 -0.16888177529318399 0.20433636859638399
v -0.080801445199943103 -0.16888177529318399 0.20433636859638399
v -0.080801445199943103 -0.150240957492906 0.20433636859638399
v -0.099442263000221298 -0.16888177529318399 0.222977186396662
v -0.080801445199943103 -0.16888177529318399 0.222977186396662
v -0.080801445199943103 -0.150240957492906 0.222977186396662
v -0.080801445199943103 -0.150240957492906 0.12977309739527201
v -0.080801445199943103 -0.13160013969262799 0.12977309739527201
v -0.080801445199943103 -0.13160013969262799 0.14841391519555
v -0.080801445199943103 -0.13160013969262799 0.16705473299582799
v -0.080801445199943103 -0.13160013969262799 0.185695550796106
v -0.080801445199943103 -0.13160013969262799 0.20433636859638399
v -0.080801445199943103 -0.13160013969262799 0.222977186396662
v -0.099442263000221298 -0.150240957492906 0.24161800419693999
v -0.080801445199943103 -0.150240957492906 0.24161800419693999
v -0.080801445199943103 -0.13160013969262799 0.24161800419693999
v -0.080801445199943103 -0.13160013969262799 0.111132279594993
v -0.080801445199943103 -0.112959321892349 0.111132279594993
v -0.080801445199943103 -0.112959321892349 0.12977309739527201
v -0.080801445199943103 -0.112959321892349 0.14841391519555
v -0.080801445199943103 -0.112959321892349 0.16705473299582799
v -0.080801445199943103 -0.112959321892349 0.185695550796106
v -0.080801445199943103 -0.112959321892349 0.20433636859638399
v -0.080801445199943103 -0.112959321892349 0.222977186396662
v -0.080801445199943103 -0.112959321892349 0.24161800419693999
v -0.080801445199943103 -0.094318504092071306 0.111132279594993
v -0.080801445199943103 -0.094318504092071306 0.12977309739527201
v -0.080801445199943103 -0.094318504092071306 0.14841391519555
v -0.080801445199943103 -0.094318504092071306 0.16705473299582799
v -0.080801445199943103 -0.094318504092071306 0.185695550796106
v -0.080801445199943103 -0.094318504092071306 0.20433636859638399
v -0.080801445199943103 -0.094318504092071306 0.222977186396662
v -0.080801445199943103 -0.094318504092071306 0.24161800419693999
v -0.080801445199943103 -0.075677686291793098 0.111132279594993
v -0.080801445199943103 -0.075677686291793098 0.12977309739527201
v -0.080801445199943103 -0.075677686291793098 0.14841391519555
v -0.080801445199943103 -0.075677686291793098 0.16705473299582799
v -0.080801445199943103 -0.075677686291793098 0.185695550796106
v -0.080801445199943103 -0.075677686291793098 0.20433636859638399
v -0.080801445199943103 -0.075677686291793098 0.222977186396662
v -0.080801445199943103 -0.075677686291793098 0.24161800419693999
v -0.080801445199943103 -0.057036868491515 0.111132279594993
v -0.080801445199943103 -0.057036868491515 0.12977309739527201
v -0.080801445199943103 -0.057036868491515 0.14841391519555
v -0.080801445199943103 -0.057036868491515 0.16705473299582799
v -0.080801445199943103 -0.057036868491515 0.185695550796106
v -0.080801445199943103 -0.057036868491515 0.20433636859638399
v -0.080801445199943103 -0.057036868491515 0.222977186396662
v -0.080801445199943103 -0.057036868491515 0.24161800419693999
v -0.080801445199943103 -0.038396050691236798 0.111132279594993
v -0.080801445199943103 -0.038396050691236798 0.12977309739527201
v -0.080801445199943103 -0.038396050691236798 0.14841391519555
v -0.080801445199943103 -0.038396050691236798 0.16705473299582799
v -0.080801445199943103 -0.038396050691236798 0.185695550796106
v -0.080801445199943103 -0.038396050691236798 0.20433636859638399
v -0.080801445199943103 -0.038396050691236798 0.222977186396662
v -0.080801445199943103 -0.0197552328909587 0.12977309739527201
v -0.080801445199943103 -0.0197552328909587 0.14841391519555
v -0.080801445199943103 -0.0197552328909587 0.16705473299582799
v -0.080801445199943103 -0.0197552328909587 0.185695550796106
v -0.080801445199943103 -0.0197552328909587 0.20433636859638399
v -0.080801445199943103 -0.0011144150906804999 0.12977309739527201
v -0.080801445199943103 -0.0011144150906804999 0.14841391519555
v -0.080801445199943103 -0.0011144150906804999 0.16705473299582799
v -0.099442263000221298 0.036167220509875801 0.14841391519555
v -0.080801445199943103 0.036167220509875801 0.14841391519555
v -0.080801445199943103 0.054808038310153899 0.14841391519555
v -0.099442263000221298 0.036167220509875801 0.16705473299582799
v -0.080801445199943103 0.036167220509875801 0.16705473299582799
v -0.080801445199943103 0.054808038310153899 0.16705473299582799
v -0.099442263000221298 0.054808038310153899 0.12977309739527201
v -0.080801445199943103 0.054808038310153899 0.12977309739527201
v -0.080801445199943103 0.073448856110432101 0.12977309739527201
v -0.080801445199943103 0.073448856110432101 0.14841391519555
v -0.080801445199943103 0.073448856110432101 0.16705473299582799
v -0.099442263000221298 0.054808038310153899 0.185695550796106
v -0.080801445199943103 0.054808038310153899 0.185695550796106
v -0.080801445199943103 0.073448856110432101 0.185695550796106
v -0.099442263000221298 0.073448856110432101 0.111132279594993
v -0.080801445199943103 0.073448856110432101 0.111132279594993
v -0.080801445199943103 0.092089673910710199 0.111132279594993
v -0.080801445199943103 0.092089673910710199 0.12977309739527201
v -0.080801445199943103 0.092089673910710199 0.14841391519555
v -0.080801445199943103 0.092089673910710199 0.16705473299582799
v -0.080801445199943103 0.092089673910710199 0.185695550796106
v -0.099442263000221298 0.073448856110432101 0.20433636859638399
v -0.080801445199943103 0.073448856110432101 0.20433636859638399
v -0.080801445199943103 0.092089673910710199 0.20433636859638399
v -0.099442263000221298 0.073448856110432101 0.222977186396662
v -0.080801445199943103 0.073448856110432101 0.222977186396662
v -0.080801445199943103 0.092089673910710199 0.222977186396662
v -0.080801445199943103 0.092089673910710199 0.092491461794715193
v -0.080801445199943103 0.110730491710988 0.092491461794715193
v -0.080801445199943103 0.110730491710988 0.111132279594993
v -0.080801445199943103 0.110730491710988 0.12977309739527201
v -0.080801445199943103 0.110730491710988 0.14841391519555
v -0.080801445199943103 0.110730491710988 0.16705473299582799
v -0.080801445199943103 0.110730491710988 0.185695550796106
v -0.080801445199943103 0.110730491710988 0.20433636859638399
v -0.080801445199943103 0.110730491710988 0.222977186396662
v -0.099442263000221298 0.110730491710988 0.073850643994437096
v -0.080801445199943103 0.110730491710988 0.073850643994437096
v -0.080801445199943103 0.12937130951126699 0.073850643994437096
v -0.080801445199943103 0.12937130951126699 0.092491461794715193
v -0.080801445199943103 0.12937130951126699 0.111132279594993
v -0.080801445199943103 0.12937130951126699 0.12977309739527201
v -0.080801445199943103 0.12937130951126699 0.14841391519555
v -0.080801445199943103 0.12937130951126699 0.16705473299582799
v -0.080801445199943103 0.12937130951126699 0.185695550796106
v -0.080801445199943103 0.12937130951126699 0.20433636859638399
v -0.080801445199943103 0.12937130951126699 0.222977186396662
v -0.080801445199943103 0.14801212731154501 0.073850643994437096
v -0.080801445199943103 0.14801212731154501 0.092491461794715193
v -0.080801445199943103 0.14801212731154501 0.111132279594993
v -0.080801445199943103 0.14801212731154501 0.12977309739527201
v -0.080801445199943103 0.14801212731154501 0.14841391519555
v -0.080801445199943103 0.14801212731154501 0.16705473299582799
v -0.080801445199943103 0.14801212731154501 0.185695550796106
v -0.080801445199943103 0.14801212731154501 0.20433636859638399
v -0.080801445199943103 0.14801212731154501 0.222977186396662
v -0.099442263000221298 0.12937130951126699 0.24161800419693999
v -0.080801445199943103 0.12937130951126699 0.24161800419693999
v -0.080801445199943103 0.14801212731154501 0.24161800419693999
v -0.099442263000221298 0.14801212731154501 0.24161800419693999
v -0.080801445199943103 0.16665294511182299 0.073850643994437096
v -0.080801445199943103 0.16665294511182299 0.092491461794715193
v -0.080801445199943103 0.16665294511182299 0.111132279594993
v -0.080801445199943103 0.16665294511182299 0.12977309739527201
v -0.080801445199943103 0.16665294511182299 0.14841391519555
v -0.080801445199943103 0.16665294511182299 0.16705473299582799
v -0.080801445199943103 0.16665294511182299 0.185695550796106
v -0.080801445199943103 0.16665294511182299 0.20433636859638399
v -0.080801445199943103 0.16665294511182299 0.222977186396662
v -0.080801445199943103 0.16665294511182299 0.24161800419693999
v -0.099442263000221298 0.16665294511182299 0.24161800419693999
v -0.080801445199943103 0.18529376291210101 0.073850643994437096
v -0.080801445199943103 0.18529376291210101 0.092491461794715193
v -0.080801445199943103 0.18529376291210101 0.111132279594993
v -0.080801445199943103 0.18529376291210101 0.12977309739527201
v -0.080801445199943103 0.18529376291210101 0.14841391519555
v -0.080801445199943103 0.18529376291210101 0.16705473299582799
v -0.080801445199943103 0.18529376291210101 0.185695550796106
v -0.080801445199943103 0.18529376291210101 0.20433636859638399
v -0.080801445199943103 0.18529376291210101 0.222977186396662
v -0.080801445199943103 0.18529376291210101 0.24161800419693999
v -0.099442263000221298 0.18529376291210101 0.24161800419693999
v -0.080801445199943103 0.20393458071237899 0.073850643994437096
v -0.080801445199943103 0.20393458071237899 0.092491461794715193
v -0.080801445199943103 0.20393458071237899 0.111132279594993
v -0.080801445199943103 0.20393458071237899 0.12977309739527201
v -0.080801445199943103 0.20393458071237899 0.14841391519555
v -0.080801445199943103 0.20393458071237899 0.16705473299582799
v -0.080801445199943103 0.20393458071237899 0.185695550796106
v -0.080801445199943103 0.20393458071237899 0.20433636859638399
v -0.080801445199943103 0.20393458071237899 0.222977186396662
v -0.080801445199943103 0.22257539851265701 0.073850643994437096
v -0.080801445199943103 0.22257539851265701 0.092491461794715193
v -0.080801445199943103 0.22257539851265701 0.111132279594993
v -0.080801445199943103 0.22257539851265701 0.12977309739527201
v -0.080801445199943103 0.22257539851265701 0.14841391519555
v -0.080801445199943103 0.22257539851265701 0.16705473299582799
v -0.080801445199943103 0.22257539851265701 0.185695550796106
v -0.080801445199943103 0.22257539851265701 0.20433636859638399
v -0.080801445199943103 0.22257539851265701 0.222977186396662
v -0.080801445199943103 0.24121621631293499 0.073850643994437096
v -0.080801445199943103 0.24121621631293499 0.092491461794715193
v -0.080801445199943103 0.24121621631293499 0.111132279594993
v -0.080801445199943103 0.24121621631293499 0.12977309739527201
v -0.080801445199943103 0.24121621631293499 0.14841391519555
v -0.080801445199943103 0.24121621631293499 0.16705473299582799
v -0.080801445199943103 0.24121621631293499 0.185695550796106
v -0.080801445199943103 0.24121621631293499 0.20433636859638399
v -0.080801445199943103 0.24121621631293499 0.222977186396662
v -0.080801445199943103 0.25985703411321398 0.092491461794715193
v -0.080801445199943103 0.25985703411321398 0.111132279594993
v -0.080801445199943103 0.25985703411321398 0.12977309739527201
v -0.080801445199943103 0.25985703411321398 0.14841391519555
v -0.080801445199943103 0.25985703411321398 0.16705473299582799
v -0.080801445199943103 0.25985703411321398 0.185695550796106
v -0.080801445199943103 0.25985703411321398 0.20433636859638399
v -0.080801445199943103 0.25985703411321398 0.222977186396662
v -0.080801445199943103 0.27849785191349202 0.092491461794715193
v -0.080801445199943103 0.27849785191349202 0.111132279594993
v -0.080801445199943103 0.27849785191349202 0.12977309739527201
v -0.080801445199943103 0.27849785191349202 0.14841391519555
v -0.080801445199943103 0.27849785191349202 0.16705473299582799
v -0.080801445199943103 0.27849785191349202 0.185695550796106
v -0.080801445199943103 0.27849785191349202 0.20433636859638399
v -0.080801445199943103 0.27849785191349202 0.222977186396662
v -0.080801445199943103 0.29713866971377001 0.092491461794715193
v -0.080801445199943103 0.29713866971377001 0.111132279594993
v -0.080801445199943103 0.29713866971377001 0.12977309739527201
v -0.080801445199943103 0.29713866971377001 0.14841391519555
v -0.080801445199943103 0.29713866971377001 0.16705473299582799
v -0.080801445199943103 0.29713866971377001 0.185695550796106
v -0.080801445199943103 0.29713866971377001 0.20433636859638399
v -0.080801445199943103 0.29713866971377001 0.222977186396662
v -0.080801445199943103 0.29713866971377001 0.073850643994437096
v -0.080801445199943103 0.315779487514048 0.073850643994437096
v -0.080801445199943103 0.315779487514048 0.092491461794715193
v -0.080801445199943103 0.315779487514048 0.111132279594993
v -0.080801445199943103 0.315779487514048 0.12977309739527201
v -0.080801445199943103 0.315779487514048 0.14841391519555
v -0.080801445199943103 0.315779487514048 0.16705473299582799
v -0.080801445199943103 0.315779487514048 0.185695550796106
v -0.080801445199943103 0.315779487514048 0.20433636859638399
v -0.080801445199943103 0.315779487514048 0.222977186396662
v -0.080801445199943103 0.33442030531432598 0.073850643994437096
v -0.080801445199943103 0.33442030531432598 0.092491461794715193
v -0.080801445199943103 0.33442030531432598 0.111132279594993
v -0.080801445199943103 0.33442030531432598 0.12977309739527201
v -0.080801445199943103 0.33442030531432598 0.14841391519555
v -0.080801445199943103 0.33442030531432598 0.16705473299582799
v -0.080801445199943103 0.33442030531432598 0.185695550796106
v -0.080801445199943103 0.33442030531432598 0.20433636859638399
v -0.080801445199943103 0.33442030531432598 0.222977186396662
v -0.080801445199943103 0.315779487514048 0.24161800419693999
v -0.080801445199943103 0.33442030531432598 0.24161800419693999
v -0.080801445199943103 0.35306112311460403 0.073850643994437096
v -0.080801445199943103 0.35306112311460403 0.092491461794715193
v -0.080801445199943103 0.35306112311460403 0.111132279594993
v -0.080801445199943103 0.35306112311460403 0.12977309739527201
v -0.080801445199943103 0.35306112311460403 0.14841391519555
v -0.080801445199943103 0.35306112311460403 0.16705473299582799
v -0.080801445199943103 0.35306112311460403 0.185695550796106
v -0.080801445199943103 0.35306112311460403 0.20433636859638399
v -0.080801445199943103 0.35306112311460403 0.222977186396662
v -0.080801445199943103 0.35306112311460403 0.24161800419693999
v -0.099442263000221298 0.35306112311460403 0.24161800419693999
v -0.080801445199943103 0.37170194091488301 0.073850643994437096
v -0.080801445199943103 0.37170194091488301 0.092491461794715193
v -0.080801445199943103 0.37170194091488301 0.111132279594993
v -0.080801445199943103 0.37170194091488301 0.12977309739527201
v -0.080801445199943103 0.37170194091488301 0.14841391519555
v -0.080801445199943103 0.37170194091488301 0.16705473299582799
v -0.080801445199943103 0.37170194091488301 0.185695550796106
v -0.080801445199943103 0.37170194091488301 0.20433636859638399
v -0.080801445199943103 0.37170194091488301 0.222977186396662
v -0.080801445199943103 0.390342758715161 0.092491461794715193
v -0.080801445199943103 0.390342758715161 0.111132279594993
v -0.080801445199943103 0.390342758715161 0.12977309739527201
v -0.080801445199943103 0.390342758715161 0.14841391519555
v -0.080801445199943103 0.390342758715161 0.16705473299582799
v -0.080801445199943103 0.390342758715161 0.185695550796106
v -0.080801445199943103 0.390342758715161 0.20433636859638399
v -0.080801445199943103 0.390342758715161 0.222977186396662
v -0.080801445199943103 0.40898357651543898 0.092491461794715193
v -0.099442263000221298 0.40898357651543898 0.092491461794715193
v -0.080801445199943103 0.40898357651543898 0.111132279594993
v -0.080801445199943103 0.40898357651543898 0.12977309739527201
v -0.080801445199943103 0.40898357651543898 0.14841391519555
v -0.080801445199943103 0.40898357651543898 0.16705473299582799
v -0.080801445199943103 0.40898357651543898 0.185695550796106
v -0.080801445199943103 0.40898357651543898 0.20433636859638399
v -0.080801445199943103 0.42762439431571703 0.12977309739527201
v -0.080801445199943103 0.42762439431571703 0.14841391519555
v -0.080801445199943103 0.42762439431571703 0.16705473299582799
v -0.080801445199943103 0.42762439431571703 0.185695550796106
v -0.080801445199943103 0.44626521211599501 0.14841391519555
v -0.080801445199943103 0.44626521211599501 0.16705473299582799
v -0.080801445199943103 0.464906029916273 0.14841391519555
v -0.080801445199943103 0.464906029916273 0.16705473299582799
v -0.080801445199943103 0.48354684771655099 0.14841391519555
v -0.080801445199943103 0.48354684771655099 0.16705473299582799
v -0.080801445199943103 0.464906029916273 0.185695550796106
v -0.080801445199943103 0.48354684771655099 0.185695550796106
v -0.080801445199943103 0.50218766551682903 0.14841391519555
v -0.080801445199943103 0.50218766551682903 0.16705473299582799
v -0.080801445199943103 0.50218766551682903 0.185695550796106
v -0.080801445199943103 0.48354684771655099 0.20433636859638399
v -0.080801445199943103 0.50218766551682903 0.20433636859638399
v -0.080801445199943103 0.52082848331710796 0.14841391519555
v -0.080801445199943103 0.52082848331710796 0.16705473299582799
v -0.080801445199943103 0.52082848331710796 0.185695550796106
v -0.080801445199943103 0.52082848331710796 0.20433636859638399
v -0.080801445199943103 0.539469301117386 0.16705473299582799
v -0.080801445199943103 0.539469301117386 0.185695550796106
v -0.080801445199943103 0.539469301117386 0.20433636859638399
v -0.080801445199943103 0.55811011891766404 0.16705473299582799
v -0.080801445199943103 0.55811011891766404 0.185695550796106
v -0.080801445199943103 0.55811011891766404 0.20433636859638399
v -0.080801445199943103 0.57675093671794198 0.185695550796106
v -0.080801445199943103 0.57675093671794198 0.20433636859638399
v -0.080801445199943103 -0.187522593093462 0.14841391519555
v -0.062160627399664999 -0.187522593093462 0.14841391519555
v -0.062160627399664999 -0.16888177529318399 0.14841391519555
v -0.080801445199943103 -0.187522593093462 0.16705473299582799
v -0.062160627399664999 -0.187522593093462 0.16705473299582799
v -0.062160627399664999 -0.16888177529318399 0.16705473299582799
v -0.080801445199943103 -0.187522593093462 0.185695550796106
v -0.062160627399664999 -0.187522593093462 0.185695550796106
v -0.062160627399664999 -0.16888177529318399 0.185695550796106
v -0.080801445199943103 -0.187522593093462 0.20433636859638399
v -0.062160627399664999 -0.187522593093462 0.20433636859638399
v -0.062160627399664999 -0.16888177529318399 0.20433636859638399
v -0.080801445199943103 -0.187522593093462 0.222977186396662
v -0.062160627399664999 -0.187522593093462 0.222977186396662
v -0.062160627399664999 -0.16888177529318399 0.222977186396662
v -0.080801445199943103 -0.187522593093462 0.24161800419693999
v -0.062160627399664999 -0.187522593093462 0.24161800419693999
v -0.062160627399664999 -0.16888177529318399 0.24161800419693999
v -0.080801445199943103 -0.16888177529318399 0.24161800419693999
v -0.080801445199943103 -0.16888177529318399 0.12977309739527201
v -0.062160627399664999 -0.16888177529318399 0.12977309739527201
v -0.062160627399664999 -0.150240957492906 0.12977309739527201
v -0.062160627399664999 -0.150240957492906 0.14841391519555
v -0.062160627399664999 -0.150240957492906 0.16705473299582799
v -0.062160627399664999 -0.150240957492906 0.185695550796106
v -0.062160627399664999 -0.150240957492906 0.20433636859638399
v -0.062160627399664999 -0.150240957492906 0.222977186396662
v -0.062160627399664999 -0.150240957492906 0.24161800419693999
v -0.062160627399664999 -0.13160013969262799 0.12977309739527201
v -0.062160627399664999 -0.13160013969262799 0.14841391519555
v -0.062160627399664999 -0.13160013969262799 0.16705473299582799
v -0.062160627399664999 -0.13160013969262799 0.185695550796106
v -0.062160627399664999 -0.13160013969262799 0.20433636859638399
v -0.062160627399664999 -0.13160013969262799 0.222977186396662
v -0.062160627399664999 -0.13160013969262799 0.24161800419693999
v -0.080801445199943103 -0.150240957492906 0.260258821997219
v -0.062160627399664999 -0.150240957492906 0.260258821997219
v -0.062160627399664999 -0.13160013969262799 0.260258821997219
v -0.080801445199943103 -0.13160013969262799 0.260258821997219
v -0.062160627399664999 -0.13160013969262799 0.111132279594993
v -0.062160627399664999 -0.112959321892349 0.111132279594993
v -0.062160627399664999 -0.112959321892349 0.12977309739527201
v -0.062160627399664999 -0.112959321892349 0.14841391519555
v -0.062160627399664999 -0.112959321892349 0.16705473299582799
v -0.062160627399664999 -0.112959321892349 0.185695550796106
v -0.062160627399664999 -0.112959321892349 0.20433636859638399
v -0.062160627399664999 -0.112959321892349 0.222977186396662
v -0.062160627399664999 -0.112959321892349 0.24161800419693999
v -0.062160627399664999 -0.112959321892349 0.260258821997219
v -0.080801445199943103 -0.112959321892349 0.260258821997219
v -0.062160627399664999 -0.094318504092071306 0.111132279594993
v -0.062160627399664999 -0.094318504092071306 0.12977309739527201
v -0.062160627399664999 -0.094318504092071306 0.14841391519555
v -0.062160627399664999 -0.094318504092071306 0.16705473299582799
v -0.062160627399664999 -0.094318504092071306 0.185695550796106
v -0.062160627399664999 -0.094318504092071306 0.20433636859638399
v -0.062160627399664999 -0.094318504092071306 0.222977186396662
v -0.062160627399664999 -0.094318504092071306 0.24161800419693999
v -0.062160627399664999 -0.094318504092071306 0.260258821997219
v -0.080801445199943103 -0.094318504092071306 0.260258821997219
v -0.062160627399664999 -0.075677686291793098 0.111132279594993
v -0.062160627399664999 -0.075677686291793098 0.12977309739527201
v -0.062160627399664999 -0.075677686291793098 0.14841391519555
v -0.062160627399664999 -0.075677686291793098 0.16705473299582799
v -0.062160627399664999 -0.075677686291793098 0.185695550796106
v -0.062160627399664999 -0.075677686291793098 0.20433636859638399
v -0.062160627399664999 -0.075677686291793098 0.222977186396662
v -0.062160627399664999 -0.075677686291793098 0.24161800419693999
v -0.062160627399664999 -0.057036868491515 0.111132279594993
v -0.062160627399664999 -0.057036868491515 0.12977309739527201
v -0.062160627399664999 -0.057036868491515 0.14841391519555
v -0.062160627399664999 -0.057036868491515 0.16705473299582799
v -0.062160627399664999 -0.057036868491515 0.185695550796106
v -0.062160627399664999 -0.057036868491515 0.20433636859638399
v -0.062160627399664999 -0.057036868491515 0.222977186396662
v -0.062160627399664999 -0.057036868491515 0.24161800419693999
v -0.062160627399664999 -0.038396050691236798 0.111132279594993
v -0.062160627399664999 -0.038396050691236798 0.12977309739527201
v -0.062160627399664999 -0.038396050691236798 0.14841391519555
v -0.062160627399664999 -0.038396050691236798 0.16705473299582799
v -0.062160627399664999 -0.038396050691236798 0.185695550796106
v -0.062160627399664999 -0.038396050691236798 0.20433636859638399
v -0.062160627399664999 -0.038396050691236798 0.222977186396662
v -0.062160627399664999 -0.0197552328909587 0.12977309739527201
v -0.062160627399664999 -0.0197552328909587 0.14841391519555
v -0.062160627399664999 -0.0197552328909587 0.16705473299582799
v -0.062160627399664999 -0.0197552328909587 0.185695550796106
v -0.062160627399664999 0.036167220509875801 0.14841391519555
v -0.062160627399664999 0.054808038310153899 0.14841391519555
v -0.062160627399664999 0.036167220509875801 0.16705473299582799
v -0.062160627399664999 0.054808038310153899 0.16705473299582799
v -0.080801445199943103 0.054808038310153899 0.111132279594993
v -0.062160627399664999 0.054808038310153899 0.111132279594993
v -0.062160627399664999 0.073448856110432101 0.111132279594993
v -0.062160627399664999 0.054808038310153899 0.12977309739527201
v -0.062160627399664999 0.073448856110432101 0.12977309739527201
v -0.062160627399664999 0.073448856110432101 0.14841391519555
v -0.062160627399664999 0.073448856110432101 0.16705473299582799
v -0.062160627399664999 0.054808038310153899 0.185695550796106
v -0.062160627399664999 0.073448856110432101 0.185695550796106
v -0.080801445199943103 0.054808038310153899 0.20433636859638399
v -0.062160627399664999 0.054808038310153899 0.20433636859638399
v -0.062160627399664999 0.073448856110432101 0.20433636859638399
v -0.080801445199943103 0.073448856110432101 0.092491461794715193
v -0.062160627399664999 0.073448856110432101 0.092491461794715193
v -0.062160627399664999 0.092089673910710199 0.092491461794715193
v -0.062160627399664999 0.092089673910710199 0.111132279594993
v -0.062160627399664999 0.092089673910710199 0.12977309739527201
v -0.062160627399664999 0.092089673910710199 0.14841391519555
v -0.062160627399664999 0.092089673910710199 0.16705473299582799
v -0.062160627399664999 0.092089673910710199 0.185695550796106
v -0.062160627399664999 0.092089673910710199 0.20433636859638399
v -0.062160627399664999 0.073448856110432101 0.222977186396662
v -0.062160627399664999 0.092089673910710199 0.222977186396662
v -0.062160627399664999 0.110730491710988 0.092491461794715193
v -0.062160627399664999 0.110730491710988 0.111132279594993
v -0.062160627399664999 0.110730491710988 0.12977309739527201
v -0.062160627399664999 0.110730491710988 0.14841391519555
v -0.062160627399664999 0.110730491710988 0.16705473299582799
v -0.062160627399664999 0.110730491710988 0.185695550796106
v -0.062160627399664999 0.110730491710988 0.20433636859638399
v -0.062160627399664999 0.110730491710988 0.222977186396662
v -0.080801445199943103 0.092089673910710199 0.24161800419693999
v -0.062160627399664999 0.092089673910710199 0.24161800419693999
v -0.062160627399664999 0.110730491710988 0.24161800419693999
v -0.080801445199943103 0.110730491710988 0.24161800419693999
v -0.062160627399664999 0.110730491710988 0.073850643994437096
v -0.062160627399664999 0.12937130951126699 0.073850643994437096
v -0.062160627399664999 0.12937130951126699 0.092491461794715193
v -0.062160627399664999 0.12937130951126699 0.111132279594993
v -0.062160627399664999 0.12937130951126699 0.12977309739527201
v -0.062160627399664999 0.12937130951126699 0.14841391519555
v -0.062160627399664999 0.12937130951126699 0.16705473299582799
v -0.062160627399664999 0.12937130951126699 0.185695550796106
v -0.062160627399664999 0.12937130951126699 0.20433636859638399
v -0.062160627399664999 0.12937130951126699 0.222977186396662
v -0.062160627399664999 0.12937130951126699 0.24161800419693999
v -0.062160627399664999 0.14801212731154501 0.073850643994437096
v -0.062160627399664999 0.14801212731154501 0.092491461794715193
v -0.062160627399664999 0.14801212731154501 0.111132279594993
v -0.062160627399664999 0.14801212731154501 0.12977309739527201
v -0.062160627399664999 0.14801212731154501 0.14841391519555
v -0.062160627399664999 0.14801212731154501 0.16705473299582799
v -0.062160627399664999 0.14801212731154501 0.185695550796106
v -0.062160627399664999 0.14801212731154501 0.20433636859638399
v -0.062160627399664999 0.14801212731154501 0.222977186396662
v -0.062160627399664999 0.14801212731154501 0.24161800419693999
v -0.062160627399664999 0.16665294511182299 0.073850643994437096
v -0.062160627399664999 0.16665294511182299 0.092491461794715193
v -0.062160627399664999 0.16665294511182299 0.111132279594993
v -0.062160627399664999 0.16665294511182299 0.12977309739527201
v -0.062160627399664999 0.16665294511182299 0.14841391519555
v -0.062160627399664999 0.16665294511182299 0.16705473299582799
v -0.062160627399664999 0.16665294511182299 0.185695550796106
v -0.062160627399664999 0.16665294511182299 0.20433636859638399
v -0.062160627399664999 0.16665294511182299 0.222977186396662
v -0.062160627399664999 0.16665294511182299 0.24161800419693999
v -0.062160627399664999 0.18529376291210101 0.073850643994437096
v -0.062160627399664999 0.18529376291210101 0.092491461794715193
v -0.062160627399664999 0.18529376291210101 0.111132279594993
v -0.062160627399664999 0.18529376291210101 0.12977309739527201
v -0.062160627399664999 0.18529376291210101 0.14841391519555
v -0.062160627399664999 0.18529376291210101 0.16705473299582799
v -0.062160627399664999 0.18529376291210101 0.185695550796106
v -0.062160627399664999 0.18529376291210101 0.20433636859638399
v -0.062160627399664999 0.18529376291210101 0.222977186396662
v -0.062160627399664999 0.20393458071237899 0.073850643994437096
v -0.062160627399664999 0.20393458071237899 0.092491461794715193
v -0.062160627399664999 0.20393458071237899 0.111132279594993
v -0.062160627399664999 0.20393458071237899 0.12977309739527201
v -0.062160627399664999 0.20393458071237899 0.14841391519555
v -0.062160627399664999 0.20393458071237899 0.16705473299582799
v -0.062160627399664999 0.20393458071237899 0.185695550796106
v -0.062160627399664999 0.20393458071237899 0.20433636859638399
v -0.062160627399664999 0.20393458071237899 0.222977186396662
v -0.062160627399664999 0.22257539851265701 0.092491461794715193
v -0.062160627399664999 0.22257539851265701 0.111132279594993
v -0.062160627399664999 0.22257539851265701 0.12977309739527201
v -0.062160627399664999 0.22257539851265701 0.14841391519555
v -0.062160627399664999 0.22257539851265701 0.16705473299582799
v -0.062160627399664999 0.22257539851265701 0.185695550796106
v -0.062160627399664999 0.22257539851265701 0.20433636859638399
v -0.062160627399664999 0.24121621631293499 0.092491461794715193
v -0.062160627399664999 0.24121621631293499 0.111132279594993
v -0.062160627399664999 0.24121621631293499 0.12977309739527201
v -0.062160627399664999 0.24121621631293499 0.14841391519555
v -0.062160627399664999 0.24121621631293499 0.16705473299582799
v -0.062160627399664999 0.24121621631293499 0.185695550796106
v -0.062160627399664999 0.24121621631293499 0.20433636859638399
v -0.062160627399664999 0.25985703411321398 0.111132279594993
v -0.062160627399664999 0.25985703411321398 0.12977309739527201
v -0.062160627399664999 0.25985703411321398 0.14841391519555
v -0.062160627399664999 0.25985703411321398 0.16705473299582799
v -0.062160627399664999 0.25985703411321398 0.185695550796106
v -0.062160627399664999 0.25985703411321398 0.20433636859638399
v -0.062160627399664999 0.27849785191349202 0.111132279594993
v -0.062160627399664999 0.27849785191349202 0.12977309739527201
v -0.062160627399664999 0.27849785191349202 0.14841391519555
v -0.062160627399664999 0.27849785191349202 0.16705473299582799
v -0.062160627399664999 0.27849785191349202 0.185695550796106
v -0.062160627399664999 0.27849785191349202 0.20433636859638399
v -0.062160627399664999 0.27849785191349202 0.092491461794715193
v -0.062160627399664999 0.29713866971377001 0.092491461794715193
v -0.062160627399664999 0.29713866971377001 0.111132279594993
v -0.062160627399664999 0.29713866971377001 0.12977309739527201
v -0.062160627399664999 0.29713866971377001 0.14841391519555
v -0.062160627399664999 0.29713866971377001 0.16705473299582799
v -0.062160627399664999 0.29713866971377001 0.185695550796106
v -0.062160627399664999 0.29713866971377001 0.20433636859638399
v -0.062160627399664999 0.315779487514048 0.092491461794715193
v -0.062160627399664999 0.315779487514048 0.111132279594993
v -0.062160627399664999 0.315779487514048 0.12977309739527201
v -0.062160627399664999 0.315779487514048 0.14841391519555
v -0.062160627399664999 0.315779487514048 0.16705473299582799
v -0.062160627399664999 0.315779487514048 0.185695550796106
v -0.062160627399664999 0.315779487514048 0.20433636859638399
v -0.062160627399664999 0.29713866971377001 0.222977186396662
v -0.062160627399664999 0.315779487514048 0.222977186396662
v -0.062160627399664999 0.315779487514048 0.073850643994437096
v -0.062160627399664999 0.33442030531432598 0.073850643994437096
v -0.062160627399664999 0.33442030531432598 0.092491461794715193
v -0.062160627399664999 0.33442030531432598 0.111132279594993
v -0.062160627399664999 0.33442030531432598 0.12977309739527201
v -0.062160627399664999 0.33442030531432598 0.14841391519555
v -0.062160627399664999 0.33442030531432598 0.16705473299582799
v -0.062160627399664999 0.33442030531432598 0.185695550796106
v -0.062160627399664999 0.33442030531432598 0.20433636859638399
v -0.062160627399664999 0.33442030531432598 0.222977186396662
v -0.062160627399664999 0.315779487514048 0.24161800419693999
v -0.062160627399664999 0.33442030531432598 0.24161800419693999
v -0.062160627399664999 0.35306112311460403 0.073850643994437096
v -0.062160627399664999 0.35306112311460403 0.092491461794715193
v -0.062160627399664999 0.35306112311460403 0.111132279594993
v -0.062160627399664999 0.35306112311460403 0.12977309739527201
v -0.062160627399664999 0.35306112311460403 0.14841391519555
v -0.062160627399664999 0.35306112311460403 0.16705473299582799
v -0.062160627399664999 0.35306112311460403 0.185695550796106
v -0.062160627399664999 0.35306112311460403 0.20433636859638399
v -0.062160627399664999 0.35306112311460403 0.222977186396662
v -0.062160627399664999 0.35306112311460403 0.24161800419693999
v -0.062160627399664999 0.37170194091488301 0.073850643994437096
v -0.062160627399664999 0.37170194091488301 0.092491461794715193
v -0.062160627399664999 0.37170194091488301 0.111132279594993
v -0.062160627399664999 0.37170194091488301 0.12977309739527201
v -0.062160627399664999 0.37170194091488301 0.14841391519555
v -0.062160627399664999 0.37170194091488301 0.16705473299582799
v -0.062160627399664999 0.37170194091488301 0.185695550796106
v -0.062160627399664999 0.37170194091488301 0.20433636859638399
v -0.062160627399664999 0.37170194091488301 0.222977186396662
v -0.062160627399664999 0.37170194091488301 0.24161800419693999
v -0.080801445199943103 0.37170194091488301 0.24161800419693999
v -0.062160627399664999 0.390342758715161 0.092491461794715193
v -0.062160627399664999 0.390342758715161 0.111132279594993
v -0.062160627399664999 0.390342758715161 0.12977309739527201
v -0.062160627399664999 0.390342758715161 0.14841391519555
v -0.062160627399664999 0.390342758715161 0.16705473299582799
v -0.062160627399664999 0.390342758715161 0.185695550796106
v -0.062160627399664999 0.390342758715161 0.20433636859638399
v -0.062160627399664999 0.390342758715161 0.222977186396662
v -0.062160627399664999 0.40898357651543898 0.092491461794715193
v -0.062160627399664999 0.40898357651543898 0.111132279594993
v -0.062160627399664999 0.40898357651543898 0.12977309739527201
v -0.062160627399664999 0.40898357651543898 0.14841391519555
v -0.062160627399664999 0.40898357651543898 0.16705473299582799
v -0.062160627399664999 0.40898357651543898 0.185695550796106
v -0.062160627399664999 0.40898357651543898 0.20433636859638399
v -0.062160627399664999 0.40898357651543898 0.222977186396662
v -0.080801445199943103 0.40898357651543898 0.222977186396662
v -0.062160627399664999 0.42762439431571703 0.111132279594993
v -0.080801445199943103 0.42762439431571703 0.111132279594993
v -0.062160627399664999 0.42762439431571703 0.12977309739527201
v -0.062160627399664999 0.42762439431571703 0.14841391519555
v -0.062160627399664999 0.42762439431571703 0.16705473299582799
v -0.062160627399664999 0.42762439431571703 0.185695550796106
v -0.062160627399664999 0.44626521211599501 0.14841391519555
v -0.062160627399664999 0.44626521211599501 0.16705473299582799
v -0.062160627399664999 0.464906029916273 0.14841391519555
v -0.062160627399664999 0.464906029916273 0.16705473299582799
v -0.080801445199943103 0.44626521211599501 0.185695550796106
v -0.062160627399664999 0.44626521211599501 0.185695550796106
v -0.062160627399664999 0.464906029916273 0.185695550796106
v -0.062160627399664999 0.48354684771655099 0.14841391519555
v -0.062160627399664999 0.48354684771655099 0.16705473299582799
v -0.062160627399664999 0.48354684771655099 0.185695550796106
v -0.062160627399664999 0.50218766551682903 0.14841391519555
v -0.062160627399664999 0.50218766551682903 0.16705473299582799
v -0.062160627399664999 0.50218766551682903 0.185695550796106
v -0.062160627399664999 0.52082848331710796 0.16705473299582799
v -0.062160627399664999 0.52082848331710796 0.185695550796106
v -0.062160627399664999 0.539469301117386 0.16705473299582799
v -0.062160627399664999 0.539469301117386 0.185695550796106
v -0.062160627399664999 -0.224804228694018 0.185695550796106
v -0.043519809599386797 -0.224804228694018 0.185695550796106
v -0.043519809599386797 -0.20616341089373999 0.185695550796106
v -0.062160627399664999 -0.20616341089373999 0.185695550796106
v -0.062160627399664999 -0.224804228694018 0.20433636859638399
v -0.043519809599386797 -0.224804228694018 0.20433636859638399
v -0.043519809599386797 -0.20616341089373999 0.20433636859638399
v -0.062160627399664999 -0.20616341089373999 0.20433636859638399
v -0.062160627399664999 -0.224804228694018 0.222977186396662
v -0.043519809599386797 -0.224804228694018 0.222977186396662
v -0.043519809599386797 -0.20616341089373999 0.222977186396662
v -0.062160627399664999 -0.20616341089373999 0.222977186396662
v -0.062160627399664999 -0.20616341089373999 0.14841391519555
v -0.043519809599386797 -0.20616341089373999 0.14841391519555
v -0.043519809599386797 -0.187522593093462 0.14841391519555
v -0.062160627399664999 -0.20616341089373999 0.16705473299582799
v -0.043519809599386797 -0.20616341089373999 0.16705473299582799
v -0.043519809599386797 -0.187522593093462 0.16705473299582799
v -0.043519809599386797 -0.187522593093462 0.185695550796106
v -0.043519809599386797 -0.187522593093462 0.20433636859638399
v -0.043519809599386797 -0.187522593093462 0.222977186396662
v -0.062160627399664999 -0.20616341089373999 0.24161800419693999
v -0.043519809599386797 -0.20616341089373999 0.24161800419693999
v -0.043519809599386797 -0.187522593093462 0.24161800419693999
v -0.062160627399664999 -0.187522593093462 0.12977309739527201
v -0.043519809599386797 -0.187522593093462 0.12977309739527201
v -0.043519809599386797 -0.16888177529318399 0.12977309739527201
v -0.043519809599386797 -0.16888177529318399 0.14841391519555
v -0.043519809599386797 -0.16888177529318399 0.16705473299582799
v -0.043519809599386797 -0.16888177529318399 0.185695550796106
v -0.043519809599386797 -0.16888177529318399 0.20433636859638399
v -0.043519809599386797 -0.16888177529318399 0.222977186396662
v -0.043519809599386797 -0.16888177529318399 0.24161800419693999
v -0.062160627399664999 -0.187522593093462 0.260258821997219
v -0.043519809599386797 -0.187522593093462 0.260258821997219
v -0.043519809599386797 -0.16888177529318399 0.260258821997219
v -0.062160627399664999 -0.16888177529318399 0.260258821997219
v -0.043519809599386797 -0.150240957492906 0.12977309739527201
v -0.043519809599386797 -0.150240957492906 0.14841391519555
v -0.043519809599386797 -0.150240957492906 0.16705473299582799
v -0.043519809599386797 -0.150240957492906 0.185695550796106
v -0.043519809599386797 -0.150240957492906 0.20433636859638399
v -0.043519809599386797 -0.150240957492906 0.222977186396662
v -0.043519809599386797 -0.150240957492906 0.24161800419693999
v -0.043519809599386797 -0.150240957492906 0.260258821997219
v -0.043519809599386797 -0.13160013969262799 0.12977309739527201
v -0.043519809599386797 -0.13160013969262799 0.14841391519555
v -0.043519809599386797 -0.13160013969262799 0.16705473299582799
v -0.043519809599386797 -0.13160013969262799 0.185695550796106
v -0.043519809599386797 -0.13160013969262799 0.20433636859638399
v -0.043519809599386797 -0.13160013969262799 0.222977186396662
v -0.043519809599386797 -0.13160013969262799 0.24161800419693999
v -0.043519809599386797 -0.13160013969262799 0.260258821997219
v -0.043519809599386797 -0.13160013969262799 0.111132279594993
v -0.043519809599386797 -0.112959321892349 0.111132279594993
v -0.043519809599386797 -0.112959321892349 0.12977309739527201
v -0.043519809599386797 -0.112959321892349 0.14841391519555
v -0.043519809599386797 -0.112959321892349 0.16705473299582799
v -0.043519809599386797 -0.112959321892349 0.185695550796106
v -0.043519809599386797 -0.112959321892349 0.20433636859638399
v -0.043519809599386797 -0.112959321892349 0.222977186396662
v -0.043519809599386797 -0.112959321892349 0.24161800419693999
v -0.043519809599386797 -0.112959321892349 0.260258821997219
v -0.043519809599386797 -0.094318504092071306 0.111132279594993
v -0.043519809599386797 -0.094318504092071306 0.12977309739527201
v -0.043519809599386797 -0.094318504092071306 0.14841391519555
v -0.043519809599386797 -0.094318504092071306 0.16705473299582799
v -0.043519809599386797 -0.094318504092071306 0.185695550796106
v -0.043519809599386797 -0.094318504092071306 0.20433636859638399
v -0.043519809599386797 -0.094318504092071306 0.222977186396662
v -0.043519809599386797 -0.094318504092071306 0.24161800419693999
v -0.043519809599386797 -0.094318504092071306 0.260258821997219
v -0.043519809599386797 -0.075677686291793098 0.111132279594993
v -0.043519809599386797 -0.075677686291793098 0.12977309739527201
v -0.043519809599386797 -0.075677686291793098 0.14841391519555
v -0.043519809599386797 -0.075677686291793098 0.16705473299582799
v -0.043519809599386797 -0.075677686291793098 0.185695550796106
v -0.043519809599386797 -0.075677686291793098 0.20433636859638399
v -0.043519809599386797 -0.075677686291793098 0.222977186396662
v -0.043519809599386797 -0.075677686291793098 0.24161800419693999
v -0.043519809599386797 -0.057036868491515 0.111132279594993
v -0.043519809599386797 -0.057036868491515 0.12977309739527201
v -0.043519809599386797 -0.057036868491515 0.14841391519555
v -0.043519809599386797 -0.057036868491515 0.16705473299582799
v -0.043519809599386797 -0.057036868491515 0.185695550796106
v -0.043519809599386797 -0.057036868491515 0.20433636859638399
v -0.043519809599386797 -0.057036868491515 0.222977186396662
v -0.043519809599386797 -0.038396050691236798 0.12977309739527201
v -0.043519809599386797 -0.038396050691236798 0.14841391519555
v -0.043519809599386797 -0.038396050691236798 0.16705473299582799
v -0.043519809599386797 -0.038396050691236798 0.185695550796106
v -0.043519809599386797 -0.038396050691236798 0.20433636859638399
v -0.043519809599386797 -0.0197552328909587 0.14841391519555
v -0.043519809599386797 -0.0197552328909587 0.16705473299582799
v -0.062160627399664999 0.0175264027095977 0.14841391519555
v -0.043519809599386797 0.0175264027095977 0.14841391519555
v -0.043519809599386797 0.036167220509875801 0.14841391519555
v -0.062160627399664999 0.0175264027095977 0.16705473299582799
v -0.043519809599386797 0.0175264027095977 0.16705473299582799
v -0.043519809599386797 0.036167220509875801 0.16705473299582799
v -0.062160627399664999 0.036167220509875801 0.12977309739527201
v -0.043519809599386797 0.036167220509875801 0.12977309739527201
v -0.043519809599386797 0.054808038310153899 0.12977309739527201
v -0.043519809599386797 0.054808038310153899 0.14841391519555
v -0.043519809599386797 0.054808038310153899 0.16705473299582799
v -0.062160627399664999 0.036167220509875801 0.185695550796106
v -0.043519809599386797 0.036167220509875801 0.185695550796106
v -0.043519809599386797 0.054808038310153899 0.185695550796106
v -0.062160627399664999 0.036167220509875801 0.20433636859638399
v -0.043519809599386797 0.036167220509875801 0.20433636859638399
v -0.043519809599386797 0.054808038310153899 0.20433636859638399
v -0.043519809599386797 0.054808038310153899 0.111132279594993
v -0.043519809599386797 0.073448856110432101 0.111132279594993
v -0.043519809599386797 0.073448856110432101 0.12977309739527201
v -0.043519809599386797 0.073448856110432101 0.14841391519555
v -0.043519809599386797 0.073448856110432101 0.16705473299582799
v -0.043519809599386797 0.073448856110432101 0.185695550796106
v -0.043519809599386797 0.073448856110432101 0.20433636859638399
v -0.062160627399664999 0.054808038310153899 0.222977186396662
v -0.043519809599386797 0.054808038310153899 0.222977186396662
v -0.043519809599386797 0.073448856110432101 0.222977186396662
v -0.043519809599386797 0.073448856110432101 0.092491461794715193
v -0.043519809599386797 0.092089673910710199 0.092491461794715193
v -0.043519809599386797 0.092089673910710199 0.111132279594993
v -0.043519809599386797 0.092089673910710199 0.12977309739527201
v -0.043519809599386797 0.092089673910710199 0.14841391519555
v -0.043519809599386797 0.092089673910710199 0.16705473299582799
v -0.043519809599386797 0.092089673910710199 0.185695550796106
v -0.043519809599386797 0.092089673910710199 0.20433636859638399
v -0.043519809599386797 0.092089673910710199 0.222977186396662
v -0.062160627399664999 0.073448856110432101 0.24161800419693999
v -0.043519809599386797 0.073448856110432101 0.24161800419693999
v -0.043519809599386797 0.092089673910710199 0.24161800419693999
v -0.062160627399664999 0.092089673910710199 0.073850643994437096
v -0.043519809599386797 0.092089673910710199 0.073850643994437096
v -0.043519809599386797 0.110730491710988 0.073850643994437096
v -0.043519809599386797 0.110730491710988 0.092491461794715193
v -0.043519809599386797 0.110730491710988 0.111132279594993
v -0.043519809599386797 0.110730491710988 0.12977309739527201
v -0.043519809599386797 0.110730491710988 0.14841391519555
v -0.043519809599386797 0.110730491710988 0.16705473299582799
v -0.043519809599386797 0.110730491710988 0.185695550796106
v -0.043519809599386797 0.110730491710988 0.20433636859638399
v -0.043519809599386797 0.110730491710988 0.222977186396662
v -0.043519809599386797 0.110730491710988 0.24161800419693999
v -0.043519809599386797 0.12937130951126699 0.073850643994437096
v -0.043519809599386797 0.12937130951126699 0.092491461794715193
v -0.043519809599386797 0.12937130951126699 0.111132279594993
v -0.043519809599386797 0.12937130951126699 0.12977309739527201
v -0.043519809599386797 0.12937130951126699 0.14841391519555
v -0.043519809599386797 0.12937130951126699 0.16705473299582799
v -0.043519809599386797 0.12937130951126699 0.185695550796106
v -0.043519809599386797 0.12937130951126699 0.20433636859638399
v -0.043519809599386797 0.12937130951126699 0.222977186396662
v -0.043519809599386797 0.12937130951126699 0.24161800419693999
v -0.043519809599386797 0.14801212731154501 0.073850643994437096
v -0.043519809599386797 0.14801212731154501 0.092491461794715193
v -0.043519809599386797 0.14801212731154501 0.111132279594993
v -0.043519809599386797 0.14801212731154501 0.12977309739527201
v -0.043519809599386797 0.14801212731154501 0.14841391519555
v -0.043519809599386797 0.14801212731154501 0.16705473299582799
v -0.043519809599386797 0.14801212731154501 0.185695550796106
v -0.043519809599386797 0.14801212731154501 0.20433636859638399
v -0.043519809599386797 0.14801212731154501 0.222977186396662
v -0.043519809599386797 0.14801212731154501 0.24161800419693999
v -0.043519809599386797 0.16665294511182299 0.073850643994437096
v -0.043519809599386797 0.16665294511182299 0.092491461794715193
v -0.043519809599386797 0.16665294511182299 0.111132279594993
v -0.043519809599386797 0.16665294511182299 0.12977309739527201
v -0.043519809599386797 0.16665294511182299 0.14841391519555
v -0.043519809599386797 0.16665294511182299 0.16705473299582799
v -0.043519809599386797 0.16665294511182299 0.185695550796106
v -0.043519809599386797 0.16665294511182299 0.20433636859638399
v -0.043519809599386797 0.16665294511182299 0.222977186396662
v -0.043519809599386797 0.16665294511182299 0.24161800419693999
v -0.043519809599386797 0.18529376291210101 0.073850643994437096
v -0.043519809599386797 0.18529376291210101 0.092491461794715193
v -0.043519809599386797 0.18529376291210101 0.111132279594993
v -0.043519809599386797 0.18529376291210101 0.12977309739527201
v -0.043519809599386797 0.18529376291210101 0.14841391519555
v -0.043519809599386797 0.18529376291210101 0.16705473299582799
v -0.043519809599386797 0.18529376291210101 0.185695550796106
v -0.043519809599386797 0.18529376291210101 0.20433636859638399
v -0.043519809599386797 0.18529376291210101 0.222977186396662
v -0.043519809599386797 0.20393458071237899 0.092491461794715193
v -0.043519809599386797 0.20393458071237899 0.111132279594993
v -0.043519809599386797 0.20393458071237899 0.12977309739527201
v -0.043519809599386797 0.20393458071237899 0.14841391519555
v -0.043519809599386797 0.20393458071237899 0.16705473299582799
v -0.043519809599386797 0.20393458071237899 0.185695550796106
v -0.043519809599386797 0.20393458071237899 0.20433636859638399
v -0.043519809599386797 0.22257539851265701 0.111132279594993
v -0.043519809599386797 0.22257539851265701 0.12977309739527201
v -0.043519809599386797 0.22257539851265701 0.14841391519555
v -0.043519809599386797 0.22257539851265701 0.16705473299582799
v -0.043519809599386797 0.22257539851265701 0.185695550796106
v -0.043519809599386797 0.24121621631293499 0.12977309739527201
v -0.043519809599386797 0.24121621631293499 0.14841391519555
v -0.043519809599386797 0.24121621631293499 0.16705473299582799
v -0.043519809599386797 0.25985703411321398 0.14841391519555
v -0.043519809599386797 0.25985703411321398 0.16705473299582799
v -0.043519809599386797 0.25985703411321398 0.12977309739527201
v -0.043519809599386797 0.27849785191349202 0.12977309739527201
v -0.043519809599386797 0.27849785191349202 0.14841391519555
v -0.043519809599386797 0.27849785191349202 0.16705473299582799
v -0.043519809599386797 0.25985703411321398 0.185695550796106
v -0.043519809599386797 0.27849785191349202 0.185695550796106
v -0.043519809599386797 0.27849785191349202 0.111132279594993
v -0.043519809599386797 0.29713866971377001 0.111132279594993
v -0.043519809599386797 0.29713866971377001 0.12977309739527201
v -0.043519809599386797 0.29713866971377001 0.14841391519555
v -0.043519809599386797 0.29713866971377001 0.16705473299582799
v -0.043519809599386797 0.29713866971377001 0.185695550796106
v -0.043519809599386797 0.27849785191349202 0.20433636859638399
v -0.043519809599386797 0.29713866971377001 0.20433636859638399
v -0.043519809599386797 0.29713866971377001 0.092491461794715193
v -0.043519809599386797 0.315779487514048 0.092491461794715193
v -0.043519809599386797 0.315779487514048 0.111132279594993
v -0.043519809599386797 0.315779487514048 0.12977309739527201
v -0.043519809599386797 0.315779487514048 0.14841391519555
v -0.043519809599386797 0.315779487514048 0.16705473299582799
v -0.043519809599386797 0.315779487514048 0.185695550796106
v -0.043519809599386797 0.315779487514048 0.20433636859638399
v -0.043519809599386797 0.29713866971377001 0.222977186396662
v -0.043519809599386797 0.315779487514048 0.222977186396662
v -0.043519809599386797 0.315779487514048 0.073850643994437096
v -0.043519809599386797 0.33442030531432598 0.073850643994437096
v -0.043519809599386797 0.33442030531432598 0.092491461794715193
v -0.043519809599386797 0.33442030531432598 0.111132279594993
v -0.043519809599386797 0.33442030531432598 0.12977309739527201
v -0.043519809599386797 0.33442030531432598 0.14841391519555
v -0.043519809599386797 0.33442030531432598 0.16705473299582799
v -0.043519809599386797 0.33442030531432598 0.185695550796106
v -0.043519809599386797 0.33442030531432598 0.20433636859638399
v -0.043519809599386797 0.33442030531432598 0.222977186396662
v -0.043519809599386797 0.35306112311460403 0.073850643994437096
v -0.043519809599386797 0.35306112311460403 0.092491461794715193
v -0.043519809599386797 0.35306112311460403 0.111132279594993
v -0.043519809599386797 0.35306112311460403 0.12977309739527201
v -0.043519809599386797 0.35306112311460403 0.14841391519555
v -0.043519809599386797 0.35306112311460403 0.16705473299582799
v -0.043519809599386797 0.35306112311460403 0.185695550796106
v -0.043519809599386797 0.35306112311460403 0.20433636859638399
v -0.043519809599386797 0.35306112311460403 0.222977186396662
v -0.043519809599386797 0.33442030531432598 0.24161800419693999
v -0.043519809599386797 0.35306112311460403 0.24161800419693999
v -0.043519809599386797 0.37170194091488301 0.073850643994437096
v -0.043519809599386797 0.37170194091488301 0.092491461794715193
v -0.043519809599386797 0.37170194091488301 0.111132279594993
v -0.043519809599386797 0.37170194091488301 0.12977309739527201
v -0.043519809599386797 0.37170194091488301 0.14841391519555
v -0.043519809599386797 0.37170194091488301 0.16705473299582799
v -0.043519809599386797 0.37170194091488301 0.185695550796106
v -0.043519809599386797 0.37170194091488301 0.20433636859638399
v -0.043519809599386797 0.37170194091488301 0.222977186396662
v -0.043519809599386797 0.37170194091488301 0.24161800419693999
v -0.043519809599386797 0.390342758715161 0.092491461794715193
v -0.043519809599386797 0.390342758715161 0.111132279594993
v -0.043519809599386797 0.390342758715161 0.12977309739527201
v -0.043519809599386797 0.390342758715161 0.14841391519555
v -0.043519809599386797 0.390342758715161 0.16705473299582799
v -0.043519809599386797 0.390342758715161 0.185695550796106
v -0.043519809599386797 0.390342758715161 0.20433636859638399
v -0.043519809599386797 0.390342758715161 0.222977186396662
v -0.043519809599386797 0.40898357651543898 0.092491461794715193
v -0.043519809599386797 0.40898357651543898 0.111132279594993
v -0.043519809599386797 0.40898357651543898 0.12977309739527201
v -0.043519809599386797 0.40898357651543898 0.14841391519555
v -0.043519809599386797 0.40898357651543898 0.16705473299582799
v -0.043519809599386797 0.40898357651543898 0.185695550796106
v -0.043519809599386797 0.40898357651543898 0.20433636859638399
v -0.043519809599386797 0.40898357651543898 0.222977186396662
v -0.043519809599386797 0.42762439431571703 0.111132279594993
v -0.043519809599386797 0.42762439431571703 0.12977309739527201
v -0.043519809599386797 0.42762439431571703 0.14841391519555
v -0.043519809599386797 0.42762439431571703 0.16705473299582799
v -0.043519809599386797 0.42762439431571703 0.185695550796106
v -0.043519809599386797 0.42762439431571703 0.20433636859638399
v -0.062160627399664999 0.42762439431571703 0.20433636859638399
v -0.043519809599386797 0.44626521211599501 0.14841391519555
v -0.043519809599386797 0.44626521211599501 0.16705473299582799
v -0.043519809599386797 0.44626521211599501 0.185695550796106
v -0.043519809599386797 0.464906029916273 0.14841391519555
v -0.043519809599386797 0.464906029916273 0.16705473299582799
v -0.043519809599386797 0.464906029916273 0.185695550796106
v -0.062160627399664999 0.44626521211599501 0.20433636859638399
v -0.043519809599386797 0.44626521211599501 0.20433636859638399
v -0.043519809599386797 0.464906029916273 0.20433636859638399
v -0.062160627399664999 0.464906029916273 0.20433636859638399
v -0.043519809599386797 0.48354684771655099 0.14841391519555
v -0.043519809599386797 0.48354684771655099 0.16705473299582799
v -0.043519809599386797 0.48354684771655099 0.185695550796106
v -0.043519809599386797 0.48354684771655099 0.20433636859638399
v -0.062160627399664999 0.48354684771655099 0.20433636859638399
v -0.043519809599386797 0.50218766551682903 0.14841391519555
v -0.043519809599386797 0.50218766551682903 0.16705473299582799
v -0.043519809599386797 0.50218766551682903 0.185695550796106
v -0.043519809599386797 -0.24344504649429599 0.20433636859638399
v -0.024878991799108699 -0.24344504649429599 0.20433636859638399
v -0.024878991799108699 -0.224804228694018 0.20433636859638399
v -0.043519809599386797 -0.24344504649429599 0.222977186396662
v -0.024878991799108699 -0.24344504649429599 0.222977186396662
v -0.024878991799108699 -0.224804228694018 0.222977186396662
v -0.043519809599386797 -0.224804228694018 0.16705473299582799
v -0.024878991799108699 -0.224804228694018 0.16705473299582799
v -0.024878991799108699 -0.20616341089373999 0.16705473299582799
v -0.024878991799108699 -0.224804228694018 0.185695550796106
v -0.024878991799108699 -0.20616341089373999 0.185695550796106
v -0.024878991799108699 -0.20616341089373999 0.20433636859638399
v -0.024878991799108699 -0.20616341089373999 0.222977186396662
v -0.043519809599386797 -0.224804228694018 0.24161800419693999
v -0.024878991799108699 -0.224804228694018 0.24161800419693999
v -0.024878991799108699 -0.20616341089373999 0.24161800419693999
v -0.043519809599386797 -0.224804228694018 0.260258821997219
v -0.024878991799108699 -0.224804228694018 0.260258821997219
v -0.024878991799108699 -0.20616341089373999 0.260258821997219
v -0.043519809599386797 -0.20616341089373999 0.260258821997219
v -0.024878991799108699 -0.20616341089373999 0.14841391519555
v -0.024878991799108699 -0.187522593093462 0.14841391519555
v -0.024878991799108699 -0.187522593093462 0.16705473299582799
v -0.024878991799108699 -0.187522593093462 0.185695550796106
v -0.024878991799108699 -0.187522593093462 0.20433636859638399
v -0.024878991799108699 -0.187522593093462 0.222977186396662
v -0.024878991799108699 -0.187522593093462 0.24161800419693999
v -0.024878991799108699 -0.187522593093462 0.260258821997219
v -0.024878991799108699 -0.187522593093462 0.12977309739527201
v -0.024878991799108699 -0.16888177529318399 0.12977309739527201
v -0.024878991799108699 -0.16888177529318399 0.14841391519555
v -0.024878991799108699 -0.16888177529318399 0.16705473299582799
v -0.024878991799108699 -0.16888177529318399 0.185695550796106
v -0.024878991799108699 -0.16888177529318399 0.20433636859638399
v -0.024878991799108699 -0.16888177529318399 0.222977186396662
v -0.024878991799108699 -0.16888177529318399 0.24161800419693999
v -0.024878991799108699 -0.16888177529318399 0.260258821997219
v -0.024878991799108699 -0.150240957492906 0.12977309739527201
v -0.024878991799108699 -0.150240957492906 0.14841391519555
v -0.024878991799108699 -0.150240957492906 0.16705473299582799
v -0.024878991799108699 -0.150240957492906 0.185695550796106
v -0.024878991799108699 -0.150240957492906 0.20433636859638399
v -0.024878991799108699 -0.150240957492906 0.222977186396662
v -0.024878991799108699 -0.150240957492906 0.24161800419693999
v -0.024878991799108699 -0.150240957492906 0.260258821997219
v -0.043519809599386797 -0.16888177529318399 0.27889963979749699
v -0.024878991799108699 -0.16888177529318399 0.27889963979749699
v -0.024878991799108699 -0.150240957492906 0.27889963979749699
v -0.043519809599386797 -0.150240957492906 0.27889963979749699
v -0.024878991799108699 -0.13160013969262799 0.12977309739527201
v -0.024878991799108699 -0.13160013969262799 0.14841391519555
v -0.024878991799108699 -0.13160013969262799 0.16705473299582799
v -0.024878991799108699 -0.13160013969262799 0.185695550796106
v -0.024878991799108699 -0.13160013969262799 0.20433636859638399
v -0.024878991799108699 -0.13160013969262799 0.222977186396662
v -0.024878991799108699 -0.13160013969262799 0.24161800419693999
v -0.024878991799108699 -0.13160013969262799 0.260258821997219
v -0.024878991799108699 -0.13160013969262799 0.111132279594993
v -0.024878991799108699 -0.112959321892349 0.111132279594993
v -0.024878991799108699 -0.112959321892349 0.12977309739527201
v -0.024878991799108699 -0.112959321892349 0.14841391519555
v -0.024878991799108699 -0.112959321892349 0.16705473299582799
v -0.024878991799108699 -0.112959321892349 0.185695550796106
v -0.024878991799108699 -0.112959321892349 0.20433636859638399
v -0.024878991799108699 -0.112959321892349 0.222977186396662
v -0.024878991799108699 -0.112959321892349 0.24161800419693999
v -0.024878991799108699 -0.112959321892349 0.260258821997219
v -0.024878991799108699 -0.094318504092071306 0.111132279594993
v -0.024878991799108699 -0.094318504092071306 0.12977309739527201
v -0.024878991799108699 -0.094318504092071306 0.14841391519555
v -0.024878991799108699 -0.094318504092071306 0.16705473299582799
v -0.024878991799108699 -0.094318504092071306 0.185695550796106
v -0.024878991799108699 -0.094318504092071306 0.20433636859638399
v -0.024878991799108699 -0.094318504092071306 0.222977186396662
v -0.024878991799108699 -0.094318504092071306 0.24161800419693999
v -0.024878991799108699 -0.094318504092071306 0.260258821997219
v -0.024878991799108699 -0.075677686291793098 0.12977309739527201
v -0.024878991799108699 -0.075677686291793098 0.14841391519555
v -0.024878991799108699 -0.075677686291793098 0.16705473299582799
v -0.024878991799108699 -0.075677686291793098 0.185695550796106
v -0.024878991799108699 -0.075677686291793098 0.20433636859638399
v -0.024878991799108699 -0.075677686291793098 0.222977186396662
v -0.024878991799108699 -0.075677686291793098 0.24161800419693999
v -0.024878991799108699 -0.057036868491515 0.12977309739527201
v -0.024878991799108699 -0.057036868491515 0.14841391519555
v -0.024878991799108699 -0.057036868491515 0.16705473299582799
v -0.024878991799108699 -0.057036868491515 0.185695550796106
v -0.024878991799108699 -0.057036868491515 0.20433636859638399
v -0.024878991799108699 -0.057036868491515 0.222977186396662
v -0.024878991799108699 -0.038396050691236798 0.14841391519555
v -0.024878991799108699 -0.038396050691236798 0.16705473299582799
v -0.024878991799108699 -0.038396050691236798 0.185695550796106
v -0.024878991799108699 -0.0197552328909587 0.14841391519555
v -0.024878991799108699 -0.0197552328909587 0.16705473299582799
v -0.024878991799108699 0.0175264027095977 0.14841391519555
v -0.024878991799108699 0.036167220509875801 0.14841391519555
v -0.024878991799108699 0.0175264027095977 0.16705473299582799
v -0.024878991799108699 0.036167220509875801 0.16705473299582799
v -0.043519809599386797 0.0175264027095977 0.185695550796106
v -0.024878991799108699 0.0175264027095977 0.185695550796106
v -0.024878991799108699 0.036167220509875801 0.185695550796106
v -0.024878991799108699 0.036167220509875801 0.12977309739527201
v -0.024878991799108699 0.054808038310153899 0.12977309739527201
v -0.024878991799108699 0.054808038310153899 0.14841391519555
v -0.024878991799108699 0.054808038310153899 0.16705473299582799
v -0.024878991799108699 0.054808038310153899 0.185695550796106
v -0.024878991799108699 0.036167220509875801 0.20433636859638399
v -0.024878991799108699 0.054808038310153899 0.20433636859638399
v -0.043519809599386797 0.054808038310153899 0.092491461794715193
v -0.024878991799108699 0.054808038310153899 0.092491461794715193
v -0.024878991799108699 0.073448856110432101 0.092491461794715193
v -0.024878991799108699 0.054808038310153899 0.111132279594993
v -0.024878991799108699 0.073448856110432101 0.111132279594993
v -0.024878991799108699 0.073448856110432101 0.12977309739527201
v -0.024878991799108699 0.073448856110432101 0.14841391519555
v -0.024878991799108699 0.073448856110432101 0.16705473299582799
v -0.024878991799108699 0.073448856110432101 0.185695550796106
v -0.024878991799108699 0.073448856110432101 0.20433636859638399
v -0.024878991799108699 0.054808038310153899 0.222977186396662
v -0.024878991799108699 0.073448856110432101 0.222977186396662
v -0.024878991799108699 0.092089673910710199 0.092491461794715193
v -0.024878991799108699 0.092089673910710199 0.111132279594993
v -0.024878991799108699 0.092089673910710199 0.12977309739527201
v -0.024878991799108699 0.092089673910710199 0.14841391519555
v -0.024878991799108699 0.092089673910710199 0.16705473299582799
v -0.024878991799108699 0.092089673910710199 0.185695550796106
v -0.024878991799108699 0.092089673910710199 0.20433636859638399
v -0.024878991799108699 0.092089673910710199 0.222977186396662
v -0.024878991799108699 0.073448856110432101 0.24161800419693999
v -0.024878991799108699 0.092089673910710199 0.24161800419693999
v -0.024878991799108699 0.092089673910710199 0.073850643994437096
v -0.024878991799108699 0.110730491710988 0.073850643994437096
v -0.024878991799108699 0.110730491710988 0.092491461794715193
v -0.024878991799108699 0.110730491710988 0.111132279594993
v -0.024878991799108699 0.110730491710988 0.12977309739527201
v -0.024878991799108699 0.110730491710988 0.14841391519555
v -0.024878991799108699 0.110730491710988 0.16705473299582799
v -0.024878991799108699 0.110730491710988 0.185695550796106
v -0.024878991799108699 0.110730491710988 0.20433636859638399
v -0.024878991799108699 0.110730491710988 0.222977186396662
v -0.024878991799108699 0.110730491710988 0.24161800419693999
v -0.024878991799108699 0.12937130951126699 0.073850643994437096
v -0.024878991799108699 0.12937130951126699 0.092491461794715193
v -0.024878991799108699 0.12937130951126699 0.111132279594993
v -0.024878991799108699 0.12937130951126699 0.12977309739527201
v -0.024878991799108699 0.12937130951126699 0.14841391519555
v -0.024878991799108699 0.12937130951126699 0.16705473299582799
v -0.024878991799108699 0.12937130951126699 0.185695550796106
v -0.024878991799108699 0.12937130951126699 0.20433636859638399
v -0.024878991799108699 0.12937130951126699 0.222977186396662
v -0.024878991799108699 0.12937130951126699 0.24161800419693999
v -0.024878991799108699 0.14801212731154501 0.073850643994437096
v -0.024878991799108699 0.14801212731154501 0.092491461794715193
v -0.024878991799108699 0.14801212731154501 0.111132279594993
v -0.024878991799108699 0.14801212731154501 0.12977309739527201
v -0.024878991799108699 0.14801212731154501 0.14841391519555
v -0.024878991799108699 0.14801212731154501 0.16705473299582799
v -0.024878991799108699 0.14801212731154501 0.185695550796106
v -0.024878991799108699 0.14801212731154501 0.20433636859638399
v -0.024878991799108699 0.14801212731154501 0.222977186396662
v -0.024878991799108699 0.14801212731154501 0.24161800419693999
v -0.024878991799108699 0.16665294511182299 0.073850643994437096
v -0.024878991799108699 0.16665294511182299 0.092491461794715193
v -0.024878991799108699 0.16665294511182299 0.111132279594993
v -0.024878991799108699 0.16665294511182299 0.12977309739527201
v -0.024878991799108699 0.16665294511182299 0.14841391519555
v -0.024878991799108699 0.16665294511182299 0.16705473299582799
v -0.024878991799108699 0.16665294511182299 0.185695550796106
v -0.024878991799108699 0.16665294511182299 0.20433636859638399
v -0.024878991799108699 0.16665294511182299 0.222977186396662
v -0.024878991799108699 0.16665294511182299 0.24161800419693999
v -0.024878991799108699 0.18529376291210101 0.092491461794715193
v -0.024878991799108699 0.18529376291210101 0.111132279594993
v -0.024878991799108699 0.18529376291210101 0.12977309739527201
v -0.024878991799108699 0.18529376291210101 0.14841391519555
v -0.024878991799108699 0.18529376291210101 0.16705473299582799
v -0.024878991799108699 0.18529376291210101 0.185695550796106
v -0.024878991799108699 0.18529376291210101 0.20433636859638399
v -0.024878991799108699 0.18529376291210101 0.222977186396662
v -0.024878991799108699 0.20393458071237899 0.111132279594993
v -0.024878991799108699 0.20393458071237899 0.12977309739527201
v -0.024878991799108699 0.20393458071237899 0.14841391519555
v -0.024878991799108699 0.20393458071237899 0.16705473299582799
v -0.024878991799108699 0.20393458071237899 0.185695550796106
v -0.024878991799108699 0.22257539851265701 0.12977309739527201
v -0.024878991799108699 0.22257539851265701 0.14841391519555
v -0.024878991799108699 0.27849785191349202 0.111132279594993
v -0.024878991799108699 0.29713866971377001 0.111132279594993
v -0.024878991799108699 0.27849785191349202 0.12977309739527201
v -0.024878991799108699 0.29713866971377001 0.12977309739527201
v -0.024878991799108699 0.27849785191349202 0.14841391519555
v -0.024878991799108699 0.29713866971377001 0.14841391519555
v -0.024878991799108699 0.27849785191349202 0.16705473299582799
v -0.024878991799108699 0.29713866971377001 0.16705473299582799
v -0.024878991799108699 0.27849785191349202 0.185695550796106
v -0.024878991799108699 0.29713866971377001 0.185695550796106
v -0.024878991799108699 0.27849785191349202 0.20433636859638399
v -0.024878991799108699 0.29713866971377001 0.20433636859638399
v -0.024878991799108699 0.29713866971377001 0.092491461794715193
v -0.024878991799108699 0.315779487514048 0.092491461794715193
v -0.024878991799108699 0.315779487514048 0.111132279594993
v -0.024878991799108699 0.315779487514048 0.12977309739527201
v -0.024878991799108699 0.315779487514048 0.14841391519555
v -0.024878991799108699 0.315779487514048 0.16705473299582799
v -0.024878991799108699 0.315779487514048 0.185695550796106
v -0.024878991799108699 0.315779487514048 0.20433636859638399
v -0.024878991799108699 0.29713866971377001 0.222977186396662
v -0.024878991799108699 0.315779487514048 0.222977186396662
v -0.024878991799108699 0.315779487514048 0.073850643994437096
v -0.024878991799108699 0.33442030531432598 0.073850643994437096
v -0.024878991799108699 0.33442030531432598 0.092491461794715193
v -0.024878991799108699 0.33442030531432598 0.111132279594993
v -0.024878991799108699 0.33442030531432598 0.12977309739527201
v -0.024878991799108699 0.33442030531432598 0.14841391519555
v -0.024878991799108699 0.33442030531432598 0.16705473299582799
v -0.024878991799108699 0.33442030531432598 0.185695550796106
v -0.024878991799108699 0.33442030531432598 0.20433636859638399
v -0.024878991799108699 0.33442030531432598 0.222977186396662
v -0.043519809599386797 0.315779487514048 0.24161800419693999
v -0.024878991799108699 0.315779487514048 0.24161800419693999
v -0.024878991799108699 0.33442030531432598 0.24161800419693999
v -0.024878991799108699 0.35306112311460403 0.073850643994437096
v -0.024878991799108699 0.35306112311460403 0.092491461794715193
v -0.024878991799108699 0.35306112311460403 0.111132279594993
v -0.024878991799108699 0.35306112311460403 0.12977309739527201
v -0.024878991799108699 0.35306112311460403 0.14841391519555
v -0.024878991799108699 0.35306112311460403 0.16705473299582799
v -0.024878991799108699 0.35306112311460403 0.185695550796106
v -0.024878991799108699 0.35306112311460403 0.20433636859638399
v -0.024878991799108699 0.35306112311460403 0.222977186396662
v -0.024878991799108699 0.35306112311460403 0.24161800419693999
v -0.024878991799108699 0.37170194091488301 0.073850643994437096
v -0.024878991799108699 0.37170194091488301 0.092491461794715193
v -0.024878991799108699 0.37170194091488301 0.111132279594993
v -0.024878991799108699 0.37170194091488301 0.12977309739527201
v -0.024878991799108699 0.37170194091488301 0.14841391519555
v -0.024878991799108699 0.37170194091488301 0.16705473299582799
v -0.024878991799108699 0.37170194091488301 0.185695550796106
v -0.024878991799108699 0.37170194091488301 0.20433636859638399
v -0.024878991799108699 0.37170194091488301 0.222977186396662
v -0.024878991799108699 0.37170194091488301 0.24161800419693999
v -0.024878991799108699 0.390342758715161 0.092491461794715193
v -0.024878991799108699 0.390342758715161 0.111132279594993
v -0.024878991799108699 0.390342758715161 0.12977309739527201
v -0.024878991799108699 0.390342758715161 0.14841391519555
v -0.024878991799108699 0.390342758715161 0.16705473299582799
v -0.024878991799108699 0.390342758715161 0.185695550796106
v -0.024878991799108699 0.390342758715161 0.20433636859638399
v -0.024878991799108699 0.390342758715161 0.222977186396662
v -0.024878991799108699 0.40898357651543898 0.092491461794715193
v -0.024878991799108699 0.40898357651543898 0.111132279594993
v -0.024878991799108699 0.40898357651543898 0.12977309739527201
v -0.024878991799108699 0.40898357651543898 0.14841391519555
v -0.024878991799108699 0.40898357651543898 0.16705473299582799
v -0.024878991799108699 0.40898357651543898 0.185695550796106
v -0.024878991799108699 0.40898357651543898 0.20433636859638399
v -0.024878991799108699 0.40898357651543898 0.222977186396662
v -0.024878991799108699 0.42762439431571703 0.111132279594993
v -0.024878991799108699 0.42762439431571703 0.12977309739527201
v -0.024878991799108699 0.42762439431571703 0.14841391519555
v -0.024878991799108699 0.42762439431571703 0.16705473299582799
v -0.024878991799108699 0.42762439431571703 0.185695550796106
v -0.024878991799108699 0.42762439431571703 0.20433636859638399
v -0.024878991799108699 0.44626521211599501 0.14841391519555
v -0.024878991799108699 0.44626521211599501 0.16705473299582799
v -0.024878991799108699 0.44626521211599501 0.185695550796106
v -0.024878991799108699 0.464906029916273 0.16705473299582799
v -0.024878991799108699 0.464906029916273 0.185695550796106
v -0.024878991799108699 0.44626521211599501 0.20433636859638399
v -0.024878991799108699 0.464906029916273 0.20433636859638399
v -0.024878991799108699 0.464906029916273 0.14841391519555
v -0.024878991799108699 0.48354684771655099 0.14841391519555
v -0.024878991799108699 0.48354684771655099 0.16705473299582799
v -0.024878991799108699 0.48354684771655099 0.185695550796106
v -0.024878991799108699 0.48354684771655099 0.20433636859638399
v -0.043519809599386797 0.464906029916273 0.222977186396662
v -0.024878991799108699 0.464906029916273 0.222977186396662
v -0.024878991799108699 0.48354684771655099 0.222977186396662
v -0.043519809599386797 0.48354684771655099 0.222977186396662
v -0.024878991799108699 0.50218766551682903 0.16705473299582799
v -0.024878991799108699 0.50218766551682903 0.185695550796106
v -0.024878991799108699 0.50218766551682903 0.20433636859638399
v -0.043519809599386797 0.50218766551682903 0.20433636859638399
v -0.024878991799108699 -0.24344504649429599 0.16705473299582799
v -0.0062381739988305301 -0.24344504649429599 0.16705473299582799
v -0.0062381739988305301 -0.224804228694018 0.16705473299582799
v -0.024878991799108699 -0.24344504649429599 0.185695550796106
v -0.0062381739988305301 -0.24344504649429599 0.185695550796106
v -0.0062381739988305301 -0.224804228694018 0.185695550796106
v -0.0062381739988305301 -0.24344504649429599 0.20433636859638399
v -0.0062381739988305301 -0.224804228694018 0.20433636859638399
v -0.0062381739988305301 -0.24344504649429599 0.222977186396662
v -0.0062381739988305301 -0.224804228694018 0.222977186396662
v -0.024878991799108699 -0.24344504649429599 0.24161800419693999
v -0.0062381739988305301 -0.24344504649429599 0.24161800419693999
v -0.0062381739988305301 -0.224804228694018 0.24161800419693999
v -0.024878991799108699 -0.24344504649429599 0.260258821997219
v -0.0062381739988305301 -0.24344504649429599 0.260258821997219
v -0.0062381739988305301 -0.224804228694018 0.260258821997219
v -0.024878991799108699 -0.224804228694018 0.14841391519555
v -0.0062381739988305301 -0.224804228694018 0.14841391519555
v -0.0062381739988305301 -0.20616341089373999 0.14841391519555
v -0.0062381739988305301 -0.20616341089373999 0.16705473299582799
v -0.0062381739988305301 -0.20616341089373999 0.185695550796106
v -0.0062381739988305301 -0.20616341089373999 0.20433636859638399
v -0.0062381739988305301 -0.20616341089373999 0.222977186396662
v -0.0062381739988305301 -0.20616341089373999 0.24161800419693999
v -0.0062381739988305301 -0.20616341089373999 0.260258821997219
v -0.0062381739988305301 -0.187522593093462 0.14841391519555
v -0.0062381739988305301 -0.187522593093462 0.16705473299582799
v -0.0062381739988305301 -0.187522593093462 0.185695550796106
v -0.0062381739988305301 -0.187522593093462 0.20433636859638399
v -0.0062381739988305301 -0.187522593093462 0.222977186396662
v -0.0062381739988305301 -0.187522593093462 0.24161800419693999
v -0.0062381739988305301 -0.187522593093462 0.260258821997219
v -0.024878991799108699 -0.20616341089373999 0.27889963979749699
v -0.0062381739988305301 -0.20616341089373999 0.27889963979749699
v -0.0062381739988305301 -0.187522593093462 0.27889963979749699
v -0.024878991799108699 -0.187522593093462 0.27889963979749699
v -0.0062381739988305301 -0.187522593093462 0.12977309739527201
v -0.0062381739988305301 -0.16888177529318399 0.12977309739527201
v -0.0062381739988305301 -0.16888177529318399 0.14841391519555
v -0.0062381739988305301 -0.16888177529318399 0.16705473299582799
v -0.0062381739988305301 -0.16888177529318399 0.185695550796106
v -0.0062381739988305301 -0.16888177529318399 0.20433636859638399
v -0.0062381739988305301 -0.16888177529318399 0.222977186396662
v -0.0062381739988305301 -0.16888177529318399 0.24161800419693999
v -0.0062381739988305301 -0.16888177529318399 0.260258821997219
v -0.0062381739988305301 -0.16888177529318399 0.27889963979749699
v -0.0062381739988305301 -0.150240957492906 0.12977309739527201
v -0.0062381739988305301 -0.150240957492906 0.14841391519555
v -0.0062381739988305301 -0.150240957492906 0.16705473299582799
v -0.0062381739988305301 -0.150240957492906 0.185695550796106
v -0.0062381739988305301 -0.150240957492906 0.20433636859638399
v -0.0062381739988305301 -0.150240957492906 0.222977186396662
v -0.0062381739988305301 -0.150240957492906 0.24161800419693999
v -0.0062381739988305301 -0.150240957492906 0.260258821997219
v -0.0062381739988305301 -0.150240957492906 0.27889963979749699
v -0.0062381739988305301 -0.13160013969262799 0.12977309739527201
v -0.0062381739988305301 -0.13160013969262799 0.14841391519555
v -0.0062381739988305301 -0.13160013969262799 0.16705473299582799
v -0.0062381739988305301 -0.13160013969262799 0.185695550796106
v -0.0062381739988305301 -0.13160013969262799 0.20433636859638399
v -0.0062381739988305301 -0.13160013969262799 0.222977186396662
v -0.0062381739988305301 -0.13160013969262799 0.24161800419693999
v -0.0062381739988305301 -0.13160013969262799 0.260258821997219
v -0.0062381739988305301 -0.13160013969262799 0.27889963979749699
v -0.024878991799108699 -0.13160013969262799 0.27889963979749699
v -0.0062381739988305301 -0.112959321892349 0.12977309739527201
v -0.0062381739988305301 -0.112959321892349 0.14841391519555
v -0.0062381739988305301 -0.112959321892349 0.16705473299582799
v -0.0062381739988305301 -0.112959321892349 0.185695550796106
v -0.0062381739988305301 -0.112959321892349 0.20433636859638399
v -0.0062381739988305301 -0.112959321892349 0.222977186396662
v -0.0062381739988305301 -0.112959321892349 0.24161800419693999
v -0.0062381739988305301 -0.112959321892349 0.260258821997219
v -0.0062381739988305301 -0.094318504092071306 0.12977309739527201
v -0.0062381739988305301 -0.094318504092071306 0.14841391519555
v -0.0062381739988305301 -0.094318504092071306 0.16705473299582799
v -0.0062381739988305301 -0.094318504092071306 0.185695550796106
v -0.0062381739988305301 -0.094318504092071306 0.20433636859638399
v -0.0062381739988305301 -0.094318504092071306 0.222977186396662
v -0.0062381739988305301 -0.094318504092071306 0.24161800419693999
v -0.0062381739988305301 -0.094318504092071306 0.260258821997219
v -0.0062381739988305301 -0.075677686291793098 0.12977309739527201
v -0.0062381739988305301 -0.075677686291793098 0.14841391519555
v -0.0062381739988305301 -0.075677686291793098 0.16705473299582799
v -0.0062381739988305301 -0.075677686291793098 0.185695550796106
v -0.0062381739988305301 -0.075677686291793098 0.20433636859638399
v -0.0062381739988305301 -0.075677686291793098 0.222977186396662
v -0.0062381739988305301 -0.057036868491515 0.14841391519555
v -0.0062381739988305301 -0.057036868491515 0.16705473299582799
v -0.0062381739988305301 -0.057036868491515 0.185695550796106
v -0.0062381739988305301 -0.057036868491515 0.20433636859638399
v -0.0062381739988305301 -0.038396050691236798 0.14841391519555
v -0.0062381739988305301 -0.038396050691236798 0.16705473299582799
v -0.0062381739988305301 0.0175264027095977 0.14841391519555
v -0.0062381739988305301 0.036167220509875801 0.14841391519555
v -0.0062381739988305301 0.0175264027095977 0.16705473299582799
v -0.0062381739988305301 0.036167220509875801 0.16705473299582799
v -0.0062381739988305301 0.0175264027095977 0.185695550796106
v -0.0062381739988305301 0.036167220509875801 0.185695550796106
v -0.024878991799108699 0.0175264027095977 0.20433636859638399
v -0.0062381739988305301 0.0175264027095977 0.20433636859638399
v -0.0062381739988305301 0.036167220509875801 0.20433636859638399
v -0.024878991799108699 0.036167220509875801 0.111132279594993
v -0.0062381739988305301 0.036167220509875801 0.111132279594993
v -0.0062381739988305301 0.054808038310153899 0.111132279594993
v -0.0062381739988305301 0.036167220509875801 0.12977309739527201
v -0.0062381739988305301 0.054808038310153899 0.12977309739527201
v -0.0062381739988305301 0.054808038310153899 0.14841391519555
v -0.0062381739988305301 0.054808038310153899 0.16705473299582799
v -0.0062381739988305301 0.054808038310153899 0.185695550796106
v -0.0062381739988305301 0.054808038310153899 0.20433636859638399
v -0.024878991799108699 0.036167220509875801 0.222977186396662
v -0.0062381739988305301 0.036167220509875801 0.222977186396662
v -0.0062381739988305301 0.054808038310153899 0.222977186396662
v -0.0062381739988305301 0.054808038310153899 0.092491461794715193
v -0.0062381739988305301 0.073448856110432101 0.092491461794715193
v -0.0062381739988305301 0.073448856110432101 0.111132279594993
v -0.0062381739988305301 0.073448856110432101 0.12977309739527201
v -0.0062381739988305301 0.073448856110432101 0.14841391519555
v -0.0062381739988305301 0.073448856110432101 0.16705473299582799
v -0.0062381739988305301 0.073448856110432101 0.185695550796106
v -0.0062381739988305301 0.073448856110432101 0.20433636859638399
v -0.0062381739988305301 0.073448856110432101 0.222977186396662
v -0.024878991799108699 0.054808038310153899 0.24161800419693999
v -0.0062381739988305301 0.054808038310153899 0.24161800419693999
v -0.0062381739988305301 0.073448856110432101 0.24161800419693999
v -0.024878991799108699 0.073448856110432101 0.073850643994437096
v -0.0062381739988305301 0.073448856110432101 0.073850643994437096
v -0.0062381739988305301 0.092089673910710199 0.073850643994437096
v -0.0062381739988305301 0.092089673910710199 0.092491461794715193
v -0.0062381739988305301 0.092089673910710199 0.111132279594993
v -0.0062381739988305301 0.092089673910710199 0.12977309739527201
v -0.0062381739988305301 0.092089673910710199 0.14841391519555
v -0.0062381739988305301 0.092089673910710199 0.16705473299582799
v -0.0062381739988305301 0.092089673910710199 0.185695550796106
v -0.0062381739988305301 0.092089673910710199 0.20433636859638399
v -0.0062381739988305301 0.092089673910710199 0.222977186396662
v -0.0062381739988305301 0.092089673910710199 0.24161800419693999
v -0.0062381739988305301 0.110730491710988 0.073850643994437096
v -0.0062381739988305301 0.110730491710988 0.092491461794715193
v -0.0062381739988305301 0.110730491710988 0.111132279594993
v -0.0062381739988305301 0.110730491710988 0.12977309739527201
v -0.0062381739988305301 0.110730491710988 0.14841391519555
v -0.0062381739988305301 0.110730491710988 0.16705473299582799
v -0.0062381739988305301 0.110730491710988 0.185695550796106
v -0.0062381739988305301 0.110730491710988 0.20433636859638399
v -0.0062381739988305301 0.110730491710988 0.222977186396662
v -0.0062381739988305301 0.110730491710988 0.24161800419693999
v -0.0062381739988305301 0.12937130951126699 0.073850643994437096
v -0.0062381739988305301 0.12937130951126699 0.092491461794715193
v -0.0062381739988305301 0.12937130951126699 0.111132279594993
v -0.0062381739988305301 0.12937130951126699 0.12977309739527201
v -0.0062381739988305301 0.12937130951126699 0.14841391519555
v -0.0062381739988305301 0.12937130951126699 0.16705473299582799
v -0.0062381739988305301 0.12937130951126699 0.185695550796106
v -0.0062381739988305301 0.12937130951126699 0.20433636859638399
v -0.0062381739988305301 0.12937130951126699 0.222977186396662
v -0.0062381739988305301 0.12937130951126699 0.24161800419693999
v -0.0062381739988305301 0.14801212731154501 0.073850643994437096
v -0.0062381739988305301 0.14801212731154501 0.092491461794715193
v -0.0062381739988305301 0.14801212731154501 0.111132279594993
v -0.0062381739988305301 0.14801212731154501 0.12977309739527201
v -0.0062381739988305301 0.14801212731154501 0.14841391519555
v -0.0062381739988305301 0.14801212731154501 0.16705473299582799
v -0.0062381739988305301 0.14801212731154501 0.185695550796106
v -0.0062381739988305301 0.14801212731154501 0.20433636859638399
v -0.0062381739988305301 0.14801212731154501 0.222977186396662
v -0.0062381739988305301 0.14801212731154501 0.24161800419693999
v -0.0062381739988305301 0.16665294511182299 0.073850643994437096
v -0.0062381739988305301 0.16665294511182299 0.092491461794715193
v -0.0062381739988305301 0.16665294511182299 0.111132279594993
v -0.0062381739988305301 0.16665294511182299 0.12977309739527201
v -0.0062381739988305301 0.16665294511182299 0.14841391519555
v -0.0062381739988305301 0.16665294511182299 0.16705473299582799
v -0.0062381739988305301 0.16665294511182299 0.185695550796106
v -0.0062381739988305301 0.16665294511182299 0.20433636859638399
v -0.0062381739988305301 0.16665294511182299 0.222977186396662
v -0.0062381739988305301 0.18529376291210101 0.092491461794715193
v -0.0062381739988305301 0.18529376291210101 0.111132279594993
v -0.0062381739988305301 0.18529376291210101 0.12977309739527201
v -0.0062381739988305301 0.18529376291210101 0.14841391519555
v -0.0062381739988305301 0.18529376291210101 0.16705473299582799
v -0.0062381739988305301 0.18529376291210101 0.185695550796106
v -0.0062381739988305301 0.18529376291210101 0.20433636859638399
v -0.0062381739988305301 0.20393458071237899 0.12977309739527201
v -0.0062381739988305301 0.20393458071237899 0.14841391519555
v -0.0062381739988305301 0.20393458071237899 0.16705473299582799
v -0.0062381739988305301 0.27849785191349202 0.111132279594993
v -0.0062381739988305301 0.29713866971377001 0.111132279594993
v -0.0062381739988305301 0.27849785191349202 0.12977309739527201
v -0.0062381739988305301 0.29713866971377001 0.12977309739527201
v -0.0062381739988305301 0.27849785191349202 0.14841391519555
v -0.0062381739988305301 0.29713866971377001 0.14841391519555
v -0.0062381739988305301 0.27849785191349202 0.16705473299582799
v -0.0062381739988305301 0.29713866971377001 0.16705473299582799
v -0.0062381739988305301 0.27849785191349202 0.185695550796106
v -0.0062381739988305301 0.29713866971377001 0.185695550796106
v -0.0062381739988305301 0.27849785191349202 0.20433636859638399
v -0.0062381739988305301 0.29713866971377001 0.20433636859638399
v -0.0062381739988305301 0.29713866971377001 0.092491461794715193
v -0.0062381739988305301 0.315779487514048 0.092491461794715193
v -0.0062381739988305301 0.315779487514048 0.111132279594993
v -0.0062381739988305301 0.315779487514048 0.12977309739527201
v -0.0062381739988305301 0.315779487514048 0.14841391519555
v -0.0062381739988305301 0.315779487514048 0.16705473299582799
v -0.0062381739988305301 0.315779487514048 0.185695550796106
v -0.0062381739988305301 0.315779487514048 0.20433636859638399
v -0.0062381739988305301 0.29713866971377001 0.222977186396662
v -0.0062381739988305301 0.315779487514048 0.222977186396662
v -0.024878991799108699 0.29713866971377001 0.27889963979749699
v -0.0062381739988305301 0.29713866971377001 0.27889963979749699
v -0.0062381739988305301 0.315779487514048 0.27889963979749699
v -0.024878991799108699 0.315779487514048 0.27889963979749699
v -0.024878991799108699 0.29713866971377001 0.29754045759777498
v -0.0062381739988305301 0.29713866971377001 0.29754045759777498
v -0.0062381739988305301 0.315779487514048 0.29754045759777498
v -0.024878991799108699 0.315779487514048 0.29754045759777498
v -0.0062381739988305301 0.315779487514048 0.073850643994437096
v -0.0062381739988305301 0.33442030531432598 0.073850643994437096
v -0.0062381739988305301 0.33442030531432598 0.092491461794715193
v -0.0062381739988305301 0.33442030531432598 0.111132279594993
v -0.0062381739988305301 0.33442030531432598 0.12977309739527201
v -0.0062381739988305301 0.33442030531432598 0.14841391519555
v -0.0062381739988305301 0.33442030531432598 0.16705473299582799
v -0.0062381739988305301 0.33442030531432598 0.185695550796106
v -0.0062381739988305301 0.33442030531432598 0.20433636859638399
v -0.0062381739988305301 0.33442030531432598 0.222977186396662
v -0.0062381739988305301 0.315779487514048 0.24161800419693999
v -0.0062381739988305301 0.33442030531432598 0.24161800419693999
v -0.0062381739988305301 0.35306112311460403 0.073850643994437096
v -0.0062381739988305301 0.35306112311460403 0.092491461794715193
v -0.0062381739988305301 0.35306112311460403 0.111132279594993
v -0.0062381739988305301 0.35306112311460403 0.12977309739527201
v -0.0062381739988305301 0.35306112311460403 0.14841391519555
v -0.0062381739988305301 0.35306112311460403 0.16705473299582799
v -0.0062381739988305301 0.35306112311460403 0.185695550796106
v -0.0062381739988305301 0.35306112311460403 0.20433636859638399
v -0.0062381739988305301 0.35306112311460403 0.222977186396662
v -0.0062381739988305301 0.35306112311460403 0.24161800419693999
v -0.0062381739988305301 0.37170194091488301 0.073850643994437096
v -0.0062381739988305301 0.37170194091488301 0.092491461794715193
v -0.0062381739988305301 0.37170194091488301 0.111132279594993
v -0.0062381739988305301 0.37170194091488301 0.12977309739527201
v -0.0062381739988305301 0.37170194091488301 0.14841391519555
v -0.0062381739988305301 0.37170194091488301 0.16705473299582799
v -0.0062381739988305301 0.37170194091488301 0.185695550796106
v -0.0062381739988305301 0.37170194091488301 0.20433636859638399
v -0.0062381739988305301 0.37170194091488301 0.222977186396662
v -0.0062381739988305301 0.37170194091488301 0.24161800419693999
v -0.0062381739988305301 0.390342758715161 0.092491461794715193
v -0.0062381739988305301 0.390342758715161 0.111132279594993
v -0.0062381739988305301 0.390342758715161 0.12977309739527201
v -0.0062381739988305301 0.390342758715161 0.14841391519555
v -0.0062381739988305301 0.390342758715161 0.16705473299582799
v -0.0062381739988305301 0.390342758715161 0.185695550796106
v -0.0062381739988305301 0.390342758715161 0.20433636859638399
v -0.0062381739988305301 0.390342758715161 0.222977186396662
v -0.0062381739988305301 0.40898357651543898 0.092491461794715193
v -0.0062381739988305301 0.40898357651543898 0.111132279594993
v -0.0062381739988305301 0.40898357651543898 0.12977309739527201
v -0.0062381739988305301 0.40898357651543898 0.14841391519555
v -0.0062381739988305301 0.40898357651543898 0.16705473299582799
v -0.0062381739988305301 0.40898357651543898 0.185695550796106
v -0.0062381739988305301 0.40898357651543898 0.20433636859638399
v -0.0062381739988305301 0.40898357651543898 0.222977186396662
v -0.0062381739988305301 0.42762439431571703 0.12977309739527201
v -0.0062381739988305301 0.42762439431571703 0.14841391519555
v -0.0062381739988305301 0.42762439431571703 0.16705473299582799
v -0.0062381739988305301 0.42762439431571703 0.185695550796106
v -0.0062381739988305301 0.42762439431571703 0.20433636859638399
v -0.0062381739988305301 0.44626521211599501 0.14841391519555
v -0.0062381739988305301 0.44626521211599501 0.16705473299582799
v -0.0062381739988305301 0.44626521211599501 0.185695550796106
v -0.0062381739988305301 0.464906029916273 0.16705473299582799
v -0.0062381739988305301 0.464906029916273 0.185695550796106
v -0.0062381739988305301 0.44626521211599501 0.20433636859638399
v -0.0062381739988305301 0.464906029916273 0.20433636859638399
v -0.024878991799108699 0.44626521211599501 0.222977186396662
v -0.0062381739988305301 0.44626521211599501 0.222977186396662
v -0.0062381739988305301 0.464906029916273 0.222977186396662
v -0.0062381739988305301 0.48354684771655099 0.16705473299582799
v -0.0062381739988305301 0.48354684771655099 0.185695550796106
v -0.0062381739988305301 0.48354684771655099 0.20433636859638399
v -0.0062381739988305301 0.48354684771655099 0.222977186396662
v -0.0062381739988305301 0.50218766551682903 0.16705473299582799
v -0.0062381739988305301 0.50218766551682903 0.185695550796106
v -0.0062381739988305301 0.50218766551682903 0.20433636859638399
v -0.0062381739988305301 0.50218766551682903 0.222977186396662
v -0.024878991799108699 0.50218766551682903 0.222977186396662
v -0.0062381739988305301 -0.26208586429457498 0.16705473299582799
v 0.012402643801447601 -0.26208586429457498 0.16705473299582799
v 0.012402643801447601 -0.24344504649429599 0.16705473299582799
v -0.0062381739988305301 -0.26208586429457498 0.185695550796106
v 0.012402643801447601 -0.26208586429457498 0.185695550796106
v 0.012402643801447601 -0.24344504649429599 0.185695550796106
v -0.0062381739988305301 -0.26208586429457498 0.20433636859638399
v 0.012402643801447601 -0.26208586429457498 0.20433636859638399
v 0.012402643801447601 -0.24344504649429599 0.20433636859638399
v -0.0062381739988305301 -0.26208586429457498 0.222977186396662
v 0.012402643801447601 -0.26208586429457498 0.222977186396662
v 0.012402643801447601 -0.24344504649429599 0.222977186396662
v -0.0062381739988305301 -0.26208586429457498 0.24161800419693999
v 0.012402643801447601 -0.26208586429457498 0.24161800419693999
v 0.012402643801447601 -0.24344504649429599 0.24161800419693999
v -0.0062381739988305301 -0.26208586429457498 0.260258821997219
v 0.012402643801447601 -0.26208586429457498 0.260258821997219
v 0.012402643801447601 -0.24344504649429599 0.260258821997219
v -0.0062381739988305301 -0.24344504649429599 0.14841391519555
v 0.012402643801447601 -0.24344504649429599 0.14841391519555
v 0.012402643801447601 -0.224804228694018 0.14841391519555
v 0.012402643801447601 -0.224804228694018 0.16705473299582799
v 0.012402643801447601 -0.224804228694018 0.185695550796106
v 0.012402643801447601 -0.224804228694018 0.20433636859638399
v 0.012402643801447601 -0.224804228694018 0.222977186396662
v 0.012402643801447601 -0.224804228694018 0.24161800419693999
v 0.012402643801447601 -0.224804228694018 0.260258821997219
v -0.0062381739988305301 -0.24344504649429599 0.27889963979749699
v 0.012402643801447601 -0.24344504649429599 0.27889963979749699
v 0.012402643801447601 -0.224804228694018 0.27889963979749699
v -0.0062381739988305301 -0.224804228694018 0.27889963979749699
v 0.012402643801447601 -0.20616341089373999 0.14841391519555
v 0.012402643801447601 -0.20616341089373999 0.16705473299582799
v 0.012402643801447601 -0.20616341089373999 0.185695550796106
v 0.012402643801447601 -0.20616341089373999 0.20433636859638399
v 0.012402643801447601 -0.20616341089373999 0.222977186396662
v 0.012402643801447601 -0.20616341089373999 0.24161800419693999
v 0.012402643801447601 -0.20616341089373999 0.260258821997219
v 0.012402643801447601 -0.20616341089373999 0.27889963979749699
v -0.0062381739988305301 -0.20616341089373999 0.12977309739527201
v 0.012402643801447601 -0.20616341089373999 0.12977309739527201
v 0.012402643801447601 -0.187522593093462 0.12977309739527201
v 0.012402643801447601 -0.187522593093462 0.14841391519555
v 0.012402643801447601 -0.187522593093462 0.16705473299582799
v 0.012402643801447601 -0.187522593093462 0.185695550796106
v 0.012402643801447601 -0.187522593093462 0.20433636859638399
v 0.012402643801447601 -0.187522593093462 0.222977186396662
v 0.012402643801447601 -0.187522593093462 0.24161800419693999
v 0.012402643801447601 -0.187522593093462 0.260258821997219
v 0.012402643801447601 -0.187522593093462 0.27889963979749699
v 0.012402643801447601 -0.16888177529318399 0.12977309739527201
v 0.012402643801447601 -0.16888177529318399 0.14841391519555
v 0.012402643801447601 -0.16888177529318399 0.16705473299582799
v 0.012402643801447601 -0.16888177529318399 0.185695550796106
v 0.012402643801447601 -0.16888177529318399 0.20433636859638399
v 0.012402643801447601 -0.16888177529318399 0.222977186396662
v 0.012402643801447601 -0.16888177529318399 0.24161800419693999
v 0.012402643801447601 -0.16888177529318399 0.260258821997219
v 0.012402643801447601 -0.16888177529318399 0.27889963979749699
v 0.012402643801447601 -0.150240957492906 0.12977309739527201
v 0.012402643801447601 -0.150240957492906 0.14841391519555
v 0.012402643801447601 -0.150240957492906 0.16705473299582799
v 0.012402643801447601 -0.150240957492906 0.185695550796106
v 0.012402643801447601 -0.150240957492906 0.20433636859638399
v 0.012402643801447601 -0.150240957492906 0.222977186396662
v 0.012402643801447601 -0.150240957492906 0.24161800419693999
v 0.012402643801447601 -0.150240957492906 0.260258821997219
v 0.012402643801447601 -0.150240957492906 0.27889963979749699
v 0.012402643801447601 -0.13160013969262799 0.12977309739527201
v 0.012402643801447601 -0.13160013969262799 0.14841391519555
v 0.012402643801447601 -0.13160013969262799 0.16705473299582799
v 0.012402643801447601 -0.13160013969262799 0.185695550796106
v 0.012402643801447601 -0.13160013969262799 0.20433636859638399
v 0.012402643801447601 -0.13160013969262799 0.222977186396662
v 0.012402643801447601 -0.13160013969262799 0.24161800419693999
v 0.012402643801447601 -0.13160013969262799 0.260258821997219
v 0.012402643801447601 -0.13160013969262799 0.27889963979749699
v 0.012402643801447601 -0.112959321892349 0.12977309739527201
v 0.012402643801447601 -0.112959321892349 0.14841391519555
v 0.012402643801447601 -0.112959321892349 0.16705473299582799
v 0.012402643801447601 -0.112959321892349 0.185695550796106
v 0.012402643801447601 -0.112959321892349 0.20433636859638399
v 0.012402643801447601 -0.112959321892349 0.222977186396662
v 0.012402643801447601 -0.112959321892349 0.24161800419693999
v 0.012402643801447601 -0.112959321892349 0.260258821997219
v 0.012402643801447601 -0.094318504092071306 0.12977309739527201
v 0.012402643801447601 -0.094318504092071306 0.14841391519555
v 0.012402643801447601 -0.094318504092071306 0.16705473299582799
v 0.012402643801447601 -0.094318504092071306 0.185695550796106
v 0.012402643801447601 -0.094318504092071306 0.20433636859638399
v 0.012402643801447601 -0.094318504092071306 0.222977186396662
v 0.012402643801447601 -0.094318504092071306 0.24161800419693999
v 0.012402643801447601 -0.075677686291793098 0.14841391519555
v 0.012402643801447601 -0.075677686291793098 0.16705473299582799
v 0.012402643801447601 -0.075677686291793098 0.185695550796106
v 0.012402643801447601 -0.075677686291793098 0.20433636859638399
v 0.012402643801447601 -0.057036868491515 0.16705473299582799
v 0.012402643801447601 -0.057036868491515 0.185695550796106
v -0.0062381739988305301 -0.0011144150906804999 0.16705473299582799
v 0.012402643801447601 -0.0011144150906804999 0.16705473299582799
v 0.012402643801447601 0.0175264027095977 0.16705473299582799
v -0.0062381739988305301 -0.0011144150906804999 0.185695550796106
v 0.012402643801447601 -0.0011144150906804999 0.185695550796106
v 0.012402643801447601 0.0175264027095977 0.185695550796106
v -0.0062381739988305301 0.0175264027095977 0.12977309739527201
v 0.012402643801447601 0.0175264027095977 0.12977309739527201
v 0.012402643801447601 0.036167220509875801 0.12977309739527201
v 0.012402643801447601 0.0175264027095977 0.14841391519555
v 0.012402643801447601 0.036167220509875801 0.14841391519555
v 0.012402643801447601 0.036167220509875801 0.16705473299582799
v 0.012402643801447601 0.036167220509875801 0.185695550796106
v 0.012402643801447601 0.0175264027095977 0.20433636859638399
v 0.012402643801447601 0.036167220509875801 0.20433636859638399
v -0.0062381739988305301 0.0175264027095977 0.222977186396662
v 0.012402643801447601 0.0175264027095977 0.222977186396662
v 0.012402643801447601 0.036167220509875801 0.222977186396662
v -0.0062381739988305301 0.036167220509875801 0.092491461794715193
v 0.012402643801447601 0.036167220509875801 0.092491461794715193
v 0.012402643801447601 0.054808038310153899 0.092491461794715193
v 0.012402643801447601 0.036167220509875801 0.111132279594993
v 0.012402643801447601 0.054808038310153899 0.111132279594993
v 0.012402643801447601 0.054808038310153899 0.12977309739527201
v 0.012402643801447601 0.054808038310153899 0.14841391519555
v 0.012402643801447601 0.054808038310153899 0.16705473299582799
v 0.012402643801447601 0.054808038310153899 0.185695550796106
v 0.012402643801447601 0.054808038310153899 0.20433636859638399
v 0.012402643801447601 0.054808038310153899 0.222977186396662
v -0.0062381739988305301 0.036167220509875801 0.24161800419693999
v 0.012402643801447601 0.036167220509875801 0.24161800419693999
v 0.012402643801447601 0.054808038310153899 0.24161800419693999
v 0.012402643801447601 0.073448856110432101 0.092491461794715193
v 0.012402643801447601 0.073448856110432101 0.111132279594993
v 0.012402643801447601 0.073448856110432101 0.12977309739527201
v 0.012402643801447601 0.073448856110432101 0.14841391519555
v 0.012402643801447601 0.073448856110432101 0.16705473299582799
v 0.012402643801447601 0.073448856110432101 0.185695550796106
v 0.012402643801447601 0.073448856110432101 0.20433636859638399
v 0.012402643801447601 0.073448856110432101 0.222977186396662
v 0.012402643801447601 0.073448856110432101 0.24161800419693999
v 0.012402643801447601 0.073448856110432101 0.073850643994437096
v 0.012402643801447601 0.092089673910710199 0.073850643994437096
v 0.012402643801447601 0.092089673910710199 0.092491461794715193
v 0.012402643801447601 0.092089673910710199 0.111132279594993
v 0.012402643801447601 0.092089673910710199 0.12977309739527201
v 0.012402643801447601 0.092089673910710199 0.14841391519555
v 0.012402643801447601 0.092089673910710199 0.16705473299582799
v 0.012402643801447601 0.092089673910710199 0.185695550796106
v 0.012402643801447601 0.092089673910710199 0.20433636859638399
v 0.012402643801447601 0.092089673910710199 0.222977186396662
v 0.012402643801447601 0.092089673910710199 0.24161800419693999
v 0.012402643801447601 0.110730491710988 0.073850643994437096
v 0.012402643801447601 0.110730491710988 0.092491461794715193
v 0.012402643801447601 0.110730491710988 0.111132279594993
v 0.012402643801447601 0.110730491710988 0.12977309739527201
v 0.012402643801447601 0.110730491710988 0.14841391519555
v 0.012402643801447601 0.110730491710988 0.16705473299582799
v 0.012402643801447601 0.110730491710988 0.185695550796106
v 0.012402643801447601 0.110730491710988 0.20433636859638399
v 0.012402643801447601 0.110730491710988 0.222977186396662
v 0.012402643801447601 0.110730491710988 0.24161800419693999
v 0.012402643801447601 0.12937130951126699 0.073850643994437096
v 0.012402643801447601 0.12937130951126699 0.092491461794715193
v 0.012402643801447601 0.12937130951126699 0.111132279594993
v 0.012402643801447601 0.12937130951126699 0.12977309739527201
v 0.012402643801447601 0.12937130951126699 0.14841391519555
v 0.012402643801447601 0.12937130951126699 0.16705473299582799
v 0.012402643801447601 0.12937130951126699 0.185695550796106
v 0.012402643801447601 0.12937130951126699 0.20433636859638399
v 0.012402643801447601 0.12937130951126699 0.222977186396662
v 0.012402643801447601 0.12937130951126699 0.24161800419693999
v 0.012402643801447601 0.14801212731154501 0.073850643994437096
v 0.012402643801447601 0.14801212731154501 0.092491461794715193
v 0.012402643801447601 0.14801212731154501 0.111132279594993
v 0.012402643801447601 0.14801212731154501 0.12977309739527201
v 0.012402643801447601 0.14801212731154501 0.14841391519555
v 0.012402643801447601 0.14801212731154501 0.16705473299582799
v 0.012402643801447601 0.14801212731154501 0.185695550796106
v 0.012402643801447601 0.14801212731154501 0.20433636859638399
v 0.012402643801447601 0.14801212731154501 0.222977186396662
v 0.012402643801447601 0.14801212731154501 0.24161800419693999
v 0.012402643801447601 0.16665294511182299 0.092491461794715193
v 0.012402643801447601 0.16665294511182299 0.111132279594993
v 0.012402643801447601 0.16665294511182299 0.12977309739527201
v 0.012402643801447601 0.16665294511182299 0.14841391519555
v 0.012402643801447601 0.16665294511182299 0.16705473299582799
v 0.012402643801447601 0.16665294511182299 0.185695550796106
v 0.012402643801447601 0.16665294511182299 0.20433636859638399
v 0.012402643801447601 0.16665294511182299 0.222977186396662
v 0.012402643801447601 0.18529376291210101 0.111132279594993
v 0.012402643801447601 0.18529376291210101 0.12977309739527201
v 0.012402643801447601 0.18529376291210101 0.14841391519555
v 0.012402643801447601 0.18529376291210101 0.16705473299582799
v 0.012402643801447601 0.18529376291210101 0.185695550796106
v -0.0062381739988305301 0.25985703411321398 0.12977309739527201
v 0.012402643801447601 0.25985703411321398 0.12977309739527201
v 0.012402643801447601 0.27849785191349202 0.12977309739527201
v -0.0062381739988305301 0.25985703411321398 0.14841391519555
v 0.012402643801447601 0.25985703411321398 0.14841391519555
v 0.012402643801447601 0.27849785191349202 0.14841391519555
v -0.0062381739988305301 0.25985703411321398 0.16705473299582799
v 0.012402643801447601 0.25985703411321398 0.16705473299582799
v 0.012402643801447601 0.27849785191349202 0.16705473299582799
v -0.0062381739988305301 0.25985703411321398 0.185695550796106
v 0.012402643801447601 0.25985703411321398 0.185695550796106
v 0.012402643801447601 0.27849785191349202 0.185695550796106
v 0.012402643801447601 0.27849785191349202 0.111132279594993
v 0.012402643801447601 0.29713866971377001 0.111132279594993
v 0.012402643801447601 0.29713866971377001 0.12977309739527201
v 0.012402643801447601 0.29713866971377001 0.14841391519555
v 0.012402643801447601 0.29713866971377001 0.16705473299582799
v 0.012402643801447601 0.29713866971377001 0.185695550796106
v 0.012402643801447601 0.27849785191349202 0.20433636859638399
v 0.012402643801447601 0.29713866971377001 0.20433636859638399
v -0.0062381739988305301 0.27849785191349202 0.222977186396662
v 0.012402643801447601 0.27849785191349202 0.222977186396662
v 0.012402643801447601 0.29713866971377001 0.222977186396662
v 0.012402643801447601 0.29713866971377001 0.092491461794715193
v 0.012402643801447601 0.315779487514048 0.092491461794715193
v 0.012402643801447601 0.315779487514048 0.111132279594993
v 0.012402643801447601 0.315779487514048 0.12977309739527201
v 0.012402643801447601 0.315779487514048 0.14841391519555
v 0.012402643801447601 0.315779487514048 0.16705473299582799
v 0.012402643801447601 0.315779487514048 0.185695550796106
v 0.012402643801447601 0.315779487514048 0.20433636859638399
v 0.012402643801447601 0.315779487514048 0.222977186396662
v 0.012402643801447601 0.29713866971377001 0.27889963979749699
v 0.012402643801447601 0.315779487514048 0.27889963979749699
v 0.012402643801447601 0.29713866971377001 0.29754045759777498
v 0.012402643801447601 0.315779487514048 0.29754045759777498
v 0.012402643801447601 0.315779487514048 0.073850643994437096
v 0.012402643801447601 0.33442030531432598 0.073850643994437096
v 0.012402643801447601 0.33442030531432598 0.092491461794715193
v 0.012402643801447601 0.33442030531432598 0.111132279594993
v 0.012402643801447601 0.33442030531432598 0.12977309739527201
v 0.012402643801447601 0.33442030531432598 0.14841391519555
v 0.012402643801447601 0.33442030531432598 0.16705473299582799
v 0.012402643801447601 0.33442030531432598 0.185695550796106
v 0.012402643801447601 0.33442030531432598 0.20433636859638399
v 0.012402643801447601 0.33442030531432598 0.222977186396662
v 0.012402643801447601 0.315779487514048 0.24161800419693999
v 0.012402643801447601 0.33442030531432598 0.24161800419693999
v 0.012402643801447601 0.33442030531432598 0.29754045759777498
v -0.0062381739988305301 0.33442030531432598 0.29754045759777498
v -0.0062381739988305301 0.315779487514048 0.31618127539805302
v 0.012402643801447601 0.315779487514048 0.31618127539805302
v 0.012402643801447601 0.33442030531432598 0.31618127539805302
v -0.0062381739988305301 0.33442030531432598 0.31618127539805302
v 0.012402643801447601 0.35306112311460403 0.073850643994437096
v 0.012402643801447601 0.35306112311460403 0.092491461794715193
v 0.012402643801447601 0.35306112311460403 0.111132279594993
v 0.012402643801447601 0.35306112311460403 0.12977309739527201
v 0.012402643801447601 0.35306112311460403 0.14841391519555
v 0.012402643801447601 0.35306112311460403 0.16705473299582799
v 0.012402643801447601 0.35306112311460403 0.185695550796106
v 0.012402643801447601 0.35306112311460403 0.20433636859638399
v 0.012402643801447601 0.35306112311460403 0.222977186396662
v 0.012402643801447601 0.35306112311460403 0.24161800419693999
v 0.012402643801447601 0.37170194091488301 0.073850643994437096
v 0.012402643801447601 0.37170194091488301 0.092491461794715193
v 0.012402643801447601 0.37170194091488301 0.111132279594993
v 0.012402643801447601 0.37170194091488301 0.12977309739527201
v 0.012402643801447601 0.37170194091488301 0.14841391519555
v 0.012402643801447601 0.37170194091488301 0.16705473299582799
v 0.012402643801447601 0.37170194091488301 0.185695550796106
v 0.012402643801447601 0.37170194091488301 0.20433636859638399
v 0.012402643801447601 0.37170194091488301 0.222977186396662
v 0.012402643801447601 0.37170194091488301 0.24161800419693999
v 0.012402643801447601 0.390342758715161 0.092491461794715193
v 0.012402643801447601 0.390342758715161 0.111132279594993
v 0.012402643801447601 0.390342758715161 0.12977309739527201
v 0.012402643801447601 0.390342758715161 0.14841391519555
v 0.012402643801447601 0.390342758715161 0.16705473299582799
v 0.012402643801447601 0.390342758715161 0.185695550796106
v 0.012402643801447601 0.390342758715161 0.20433636859638399
v 0.012402643801447601 0.390342758715161 0.222977186396662
v 0.012402643801447601 0.40898357651543898 0.111132279594993
v 0.012402643801447601 0.40898357651543898 0.12977309739527201
v 0.012402643801447601 0.40898357651543898 0.14841391519555
v 0.012402643801447601 0.40898357651543898 0.16705473299582799
v 0.012402643801447601 0.40898357651543898 0.185695550796106
v 0.012402643801447601 0.40898357651543898 0.20433636859638399
v 0.012402643801447601 0.42762439431571703 0.12977309739527201
v 0.012402643801447601 0.42762439431571703 0.14841391519555
v 0.012402643801447601 0.42762439431571703 0.16705473299582799
v 0.012402643801447601 0.42762439431571703 0.185695550796106
v 0.012402643801447601 0.44626521211599501 0.16705473299582799
v 0.012402643801447601 0.44626521211599501 0.185695550796106
v 0.012402643801447601 0.464906029916273 0.16705473299582799
v 0.012402643801447601 0.464906029916273 0.185695550796106
v 0.012402643801447601 0.44626521211599501 0.20433636859638399
v 0.012402643801447601 0.464906029916273 0.20433636859638399
v 0.012402643801447601 0.44626521211599501 0.222977186396662
v 0.012402643801447601 0.464906029916273 0.222977186396662
v 0.012402643801447601 0.48354684771655099 0.16705473299582799
v 0.012402643801447601 0.48354684771655099 0.185695550796106
v 0.012402643801447601 0.48354684771655099 0.20433636859638399
v 0.012402643801447601 0.48354684771655099 0.222977186396662
v -0.0062381739988305301 0.464906029916273 0.24161800419693999
v 0.012402643801447601 0.464906029916273 0.24161800419693999
v 0.012402643801447601 0.48354684771655099 0.24161800419693999
v -0.0062381739988305301 0.48354684771655099 0.24161800419693999
v 0.012402643801447601 0.50218766551682903 0.16705473299582799
v 0.012402643801447601 0.50218766551682903 0.185695550796106
v 0.012402643801447601 0.50218766551682903 0.20433636859638399
v 0.012402643801447601 0.50218766551682903 0.222977186396662
v 0.012402643801447601 0.50218766551682903 0.24161800419693999
v -0.0062381739988305301 0.50218766551682903 0.24161800419693999
v 0.012402643801447601 0.52082848331710796 0.20433636859638399
v -0.0062381739988305301 0.52082848331710796 0.20433636859638399
v 0.012402643801447601 0.52082848331710796 0.222977186396662
v -0.0062381739988305301 0.52082848331710796 0.222977186396662
v 0.012402643801447601 -0.28072668209485302 0.185695550796106
v 0.031043461601725698 -0.28072668209485302 0.185695550796106
v 0.031043461601725698 -0.26208586429457498 0.185695550796106
v 0.012402643801447601 -0.28072668209485302 0.20433636859638399
v 0.031043461601725698 -0.28072668209485302 0.20433636859638399
v 0.031043461601725698 -0.26208586429457498 0.20433636859638399
v 0.012402643801447601 -0.28072668209485302 0.222977186396662
v 0.031043461601725698 -0.28072668209485302 0.222977186396662
v 0.031043461601725698 -0.26208586429457498 0.222977186396662
v 0.012402643801447601 -0.28072668209485302 0.24161800419693999
v 0.031043461601725698 -0.28072668209485302 0.24161800419693999
v 0.031043461601725698 -0.26208586429457498 0.24161800419693999
v 0.031043461601725698 -0.26208586429457498 0.16705473299582799
v 0.031043461601725698 -0.24344504649429599 0.16705473299582799
v 0.031043461601725698 -0.24344504649429599 0.185695550796106
v 0.031043461601725698 -0.24344504649429599 0.20433636859638399
v 0.031043461601725698 -0.24344504649429599 0.222977186396662
v 0.031043461601725698 -0.24344504649429599 0.24161800419693999
v 0.031043461601725698 -0.26208586429457498 0.260258821997219
v 0.031043461601725698 -0.24344504649429599 0.260258821997219
v 0.012402643801447601 -0.26208586429457498 0.27889963979749699
v 0.031043461601725698 -0.26208586429457498 0.27889963979749699
v 0.031043461601725698 -0.24344504649429599 0.27889963979749699
v 0.031043461601725698 -0.24344504649429599 0.14841391519555
v 0.031043461601725698 -0.224804228694018 0.14841391519555
v 0.031043461601725698 -0.224804228694018 0.16705473299582799
v 0.031043461601725698 -0.224804228694018 0.185695550796106
v 0.031043461601725698 -0.224804228694018 0.20433636859638399
v 0.031043461601725698 -0.224804228694018 0.222977186396662
v 0.031043461601725698 -0.224804228694018 0.24161800419693999
v 0.031043461601725698 -0.224804228694018 0.260258821997219
v 0.031043461601725698 -0.224804228694018 0.27889963979749699
v 0.031043461601725698 -0.20616341089373999 0.14841391519555
v 0.031043461601725698 -0.20616341089373999 0.16705473299582799
v 0.031043461601725698 -0.20616341089373999 0.185695550796106
v 0.031043461601725698 -0.20616341089373999 0.20433636859638399
v 0.031043461601725698 -0.20616341089373999 0.222977186396662
v 0.031043461601725698 -0.20616341089373999 0.24161800419693999
v 0.031043461601725698 -0.20616341089373999 0.260258821997219
v 0.031043461601725698 -0.20616341089373999 0.27889963979749699
v 0.031043461601725698 -0.20616341089373999 0.12977309739527201
v 0.031043461601725698 -0.187522593093462 0.12977309739527201
v 0.031043461601725698 -0.187522593093462 0.14841391519555
v 0.031043461601725698 -0.187522593093462 0.16705473299582799
v 0.031043461601725698 -0.187522593093462 0.185695550796106
v 0.031043461601725698 -0.187522593093462 0.20433636859638399
v 0.031043461601725698 -0.187522593093462 0.222977186396662
v 0.031043461601725698 -0.187522593093462 0.24161800419693999
v 0.031043461601725698 -0.187522593093462 0.260258821997219
v 0.031043461601725698 -0.187522593093462 0.27889963979749699
v 0.012402643801447601 -0.20616341089373999 0.29754045759777498
v 0.031043461601725698 -0.20616341089373999 0.29754045759777498
v 0.031043461601725698 -0.187522593093462 0.29754045759777498
v 0.012402643801447601 -0.187522593093462 0.29754045759777498
v 0.031043461601725698 -0.16888177529318399 0.12977309739527201
v 0.031043461601725698 -0.16888177529318399 0.14841391519555
v 0.031043461601725698 -0.16888177529318399 0.16705473299582799
v 0.031043461601725698 -0.16888177529318399 0.185695550796106
v 0.031043461601725698 -0.16888177529318399 0.20433636859638399
v 0.031043461601725698 -0.16888177529318399 0.222977186396662
v 0.031043461601725698 -0.16888177529318399 0.24161800419693999
v 0.031043461601725698 -0.16888177529318399 0.260258821997219
v 0.031043461601725698 -0.16888177529318399 0.27889963979749699
v 0.031043461601725698 -0.16888177529318399 0.29754045759777498
v 0.012402643801447601 -0.16888177529318399 0.29754045759777498
v 0.031043461601725698 -0.150240957492906 0.12977309739527201
v 0.031043461601725698 -0.150240957492906 0.14841391519555
v 0.031043461601725698 -0.150240957492906 0.16705473299582799
v 0.031043461601725698 -0.150240957492906 0.185695550796106
v 0.031043461601725698 -0.150240957492906 0.20433636859638399
v 0.031043461601725698 -0.150240957492906 0.222977186396662
v 0.031043461601725698 -0.150240957492906 0.24161800419693999
v 0.031043461601725698 -0.150240957492906 0.260258821997219
v 0.031043461601725698 -0.150240957492906 0.27889963979749699
v 0.031043461601725698 -0.13160013969262799 0.12977309739527201
v 0.031043461601725698 -0.13160013969262799 0.14841391519555
v 0.031043461601725698 -0.13160013969262799 0.16705473299582799
v 0.031043461601725698 -0.13160013969262799 0.185695550796106
v 0.031043461601725698 -0.13160013969262799 0.20433636859638399
v 0.031043461601725698 -0.13160013969262799 0.222977186396662
v 0.031043461601725698 -0.13160013969262799 0.24161800419693999
v 0.031043461601725698 -0.13160013969262799 0.260258821997219
v 0.031043461601725698 -0.13160013969262799 0.27889963979749699
v 0.031043461601725698 -0.112959321892349 0.12977309739527201
v 0.031043461601725698 -0.112959321892349 0.14841391519555
v 0.031043461601725698 -0.112959321892349 0.16705473299582799
v 0.031043461601725698 -0.112959321892349 0.185695550796106
v 0.031043461601725698 -0.112959321892349 0.20433636859638399
v 0.031043461601725698 -0.112959321892349 0.222977186396662
v 0.031043461601725698 -0.112959321892349 0.24161800419693999
v 0.031043461601725698 -0.112959321892349 0.260258821997219
v 0.031043461601725698 -0.094318504092071306 0.14841391519555
v 0.031043461601725698 -0.094318504092071306 0.16705473299582799
v 0.031043461601725698 -0.094318504092071306 0.185695550796106
v 0.031043461601725698 -0.094318504092071306 0.20433636859638399
v 0.031043461601725698 -0.094318504092071306 0.222977186396662
v 0.031043461601725698 -0.094318504092071306 0.24161800419693999
v 0.031043461601725698 -0.075677686291793098 0.16705473299582799
v 0.031043461601725698 -0.075677686291793098 0.185695550796106
v 0.031043461601725698 -0.075677686291793098 0.20433636859638399
v 0.012402643801447601 -0.0197552328909587 0.16705473299582799
v 0.031043461601725698 -0.0197552328909587 0.16705473299582799
v 0.031043461601725698 -0.0011144150906804999 0.16705473299582799
v 0.012402643801447601 -0.0197552328909587 0.185695550796106
v 0.031043461601725698 -0.0197552328909587 0.185695550796106
v 0.031043461601725698 -0.0011144150906804999 0.185695550796106
v 0.012402643801447601 -0.0011144150906804999 0.14841391519555
v 0.031043461601725698 -0.0011144150906804999 0.14841391519555
v 0.031043461601725698 0.0175264027095977 0.14841391519555
v 0.031043461601725698 0.0175264027095977 0.16705473299582799
v 0.031043461601725698 0.0175264027095977 0.185695550796106
v 0.012402643801447601 0.0175264027095977 0.111132279594993
v 0.031043461601725698 0.0175264027095977 0.111132279594993
v 0.031043461601725698 0.036167220509875801 0.111132279594993
v 0.031043461601725698 0.0175264027095977 0.12977309739527201
v 0.031043461601725698 0.036167220509875801 0.12977309739527201
v 0.031043461601725698 0.036167220509875801 0.14841391519555
v 0.031043461601725698 0.036167220509875801 0.16705473299582799
v 0.031043461601725698 0.036167220509875801 0.185695550796106
v 0.031043461601725698 0.0175264027095977 0.20433636859638399
v 0.031043461601725698 0.036167220509875801 0.20433636859638399
v 0.031043461601725698 0.0175264027095977 0.222977186396662
v 0.031043461601725698 0.036167220509875801 0.222977186396662
v 0.031043461601725698 0.036167220509875801 0.092491461794715193
v 0.031043461601725698 0.054808038310153899 0.092491461794715193
v 0.031043461601725698 0.054808038310153899 0.111132279594993
v 0.031043461601725698 0.054808038310153899 0.12977309739527201
v 0.031043461601725698 0.054808038310153899 0.14841391519555
v 0.031043461601725698 0.054808038310153899 0.16705473299582799
v 0.031043461601725698 0.054808038310153899 0.185695550796106
v 0.031043461601725698 0.054808038310153899 0.20433636859638399
v 0.031043461601725698 0.054808038310153899 0.222977186396662
v 0.031043461601725698 0.036167220509875801 0.24161800419693999
v 0.031043461601725698 0.054808038310153899 0.24161800419693999
v 0.031043461601725698 0.073448856110432101 0.092491461794715193
v 0.031043461601725698 0.073448856110432101 0.111132279594993
v 0.031043461601725698 0.073448856110432101 0.12977309739527201
v 0.031043461601725698 0.073448856110432101 0.14841391519555
v 0.031043461601725698 0.073448856110432101 0.16705473299582799
v 0.031043461601725698 0.073448856110432101 0.185695550796106
v 0.031043461601725698 0.073448856110432101 0.20433636859638399
v 0.031043461601725698 0.073448856110432101 0.222977186396662
v 0.031043461601725698 0.073448856110432101 0.24161800419693999
v 0.031043461601725698 0.073448856110432101 0.073850643994437096
v 0.031043461601725698 0.092089673910710199 0.073850643994437096
v 0.031043461601725698 0.092089673910710199 0.092491461794715193
v 0.031043461601725698 0.092089673910710199 0.111132279594993
v 0.031043461601725698 0.092089673910710199 0.12977309739527201
v 0.031043461601725698 0.092089673910710199 0.14841391519555
v 0.031043461601725698 0.092089673910710199 0.16705473299582799
v 0.031043461601725698 0.092089673910710199 0.185695550796106
v 0.031043461601725698 0.092089673910710199 0.20433636859638399
v 0.031043461601725698 0.092089673910710199 0.222977186396662
v 0.031043461601725698 0.092089673910710199 0.24161800419693999
v 0.012402643801447601 0.073448856110432101 0.260258821997219
v 0.031043461601725698 0.073448856110432101 0.260258821997219
v 0.031043461601725698 0.092089673910710199 0.260258821997219
v 0.012402643801447601 0.092089673910710199 0.260258821997219
v 0.031043461601725698 0.110730491710988 0.073850643994437096
v 0.031043461601725698 0.110730491710988 0.092491461794715193
v 0.031043461601725698 0.110730491710988 0.111132279594993
v 0.031043461601725698 0.110730491710988 0.12977309739527201
v 0.031043461601725698 0.110730491710988 0.14841391519555
v 0.031043461601725698 0.110730491710988 0.16705473299582799
v 0.031043461601725698 0.110730491710988 0.185695550796106
v 0.031043461601725698 0.110730491710988 0.20433636859638399
v 0.031043461601725698 0.110730491710988 0.222977186396662
v 0.031043461601725698 0.110730491710988 0.24161800419693999
v 0.031043461601725698 0.110730491710988 0.260258821997219
v 0.012402643801447601 0.110730491710988 0.260258821997219
v 0.031043461601725698 0.12937130951126699 0.073850643994437096
v 0.031043461601725698 0.12937130951126699 0.092491461794715193
v 0.031043461601725698 0.12937130951126699 0.111132279594993
v 0.031043461601725698 0.12937130951126699 0.12977309739527201
v 0.031043461601725698 0.12937130951126699 0.14841391519555
v 0.031043461601725698 0.12937130951126699 0.16705473299582799
v 0.031043461601725698 0.12937130951126699 0.185695550796106
v 0.031043461601725698 0.12937130951126699 0.20433636859638399
v 0.031043461601725698 0.12937130951126699 0.222977186396662
v 0.031043461601725698 0.12937130951126699 0.24161800419693999
v 0.031043461601725698 0.14801212731154501 0.092491461794715193
v 0.031043461601725698 0.14801212731154501 0.111132279594993
v 0.031043461601725698 0.14801212731154501 0.12977309739527201
v 0.031043461601725698 0.14801212731154501 0.14841391519555
v 0.031043461601725698 0.14801212731154501 0.16705473299582799
v 0.031043461601725698 0.14801212731154501 0.185695550796106
v 0.031043461601725698 0.14801212731154501 0.20433636859638399
v 0.031043461601725698 0.14801212731154501 0.222977186396662
v 0.031043461601725698 0.14801212731154501 0.24161800419693999
v 0.031043461601725698 0.16665294511182299 0.111132279594993
v 0.031043461601725698 0.16665294511182299 0.12977309739527201
v 0.031043461601725698 0.16665294511182299 0.14841391519555
v 0.031043461601725698 0.16665294511182299 0.16705473299582799
v 0.031043461601725698 0.16665294511182299 0.185695550796106
v 0.031043461601725698 0.16665294511182299 0.20433636859638399
v 0.031043461601725698 0.18529376291210101 0.12977309739527201
v 0.031043461601725698 0.18529376291210101 0.14841391519555
v 0.031043461601725698 0.18529376291210101 0.16705473299582799
v 0.012402643801447601 0.25985703411321398 0.111132279594993
v 0.031043461601725698 0.25985703411321398 0.111132279594993
v 0.031043461601725698 0.27849785191349202 0.111132279594993
v 0.031043461601725698 0.25985703411321398 0.12977309739527201
v 0.031043461601725698 0.27849785191349202 0.12977309739527201
v 0.031043461601725698 0.25985703411321398 0.14841391519555
v 0.031043461601725698 0.27849785191349202 0.14841391519555
v 0.031043461601725698 0.25985703411321398 0.16705473299582799
v 0.031043461601725698 0.27849785191349202 0.16705473299582799
v 0.031043461601725698 0.25985703411321398 0.185695550796106
v 0.031043461601725698 0.27849785191349202 0.185695550796106
v 0.012402643801447601 0.25985703411321398 0.20433636859638399
v 0.031043461601725698 0.25985703411321398 0.20433636859638399
v 0.031043461601725698 0.27849785191349202 0.20433636859638399
v 0.012402643801447601 0.27849785191349202 0.092491461794715193
v 0.031043461601725698 0.27849785191349202 0.092491461794715193
v 0.031043461601725698 0.29713866971377001 0.092491461794715193
v 0.031043461601725698 0.29713866971377001 0.111132279594993
v 0.031043461601725698 0.29713866971377001 0.12977309739527201
v 0.031043461601725698 0.29713866971377001 0.14841391519555
v 0.031043461601725698 0.29713866971377001 0.16705473299582799
v 0.031043461601725698 0.29713866971377001 0.185695550796106
v 0.031043461601725698 0.29713866971377001 0.20433636859638399
v 0.031043461601725698 0.27849785191349202 0.222977186396662
v 0.031043461601725698 0.29713866971377001 0.222977186396662
v 0.031043461601725698 0.315779487514048 0.092491461794715193
v 0.031043461601725698 0.315779487514048 0.111132279594993
v 0.031043461601725698 0.315779487514048 0.12977309739527201
v 0.031043461601725698 0.315779487514048 0.14841391519555
v 0.031043461601725698 0.315779487514048 0.16705473299582799
v 0.031043461601725698 0.315779487514048 0.185695550796106
v 0.031043461601725698 0.315779487514048 0.20433636859638399
v 0.031043461601725698 0.315779487514048 0.222977186396662
v 0.031043461601725698 0.29713866971377001 0.27889963979749699
v 0.031043461601725698 0.315779487514048 0.27889963979749699
v 0.031043461601725698 0.29713866971377001 0.29754045759777498
v 0.031043461601725698 0.315779487514048 0.29754045759777498
v 0.012402643801447601 0.29713866971377001 0.31618127539805302
v 0.031043461601725698 0.29713866971377001 0.31618127539805302
v 0.031043461601725698 0.315779487514048 0.31618127539805302
v 0.031043461601725698 0.315779487514048 0.073850643994437096
v 0.031043461601725698 0.33442030531432598 0.073850643994437096
v 0.031043461601725698 0.33442030531432598 0.092491461794715193
v 0.031043461601725698 0.33442030531432598 0.111132279594993
v 0.031043461601725698 0.33442030531432598 0.12977309739527201
v 0.031043461601725698 0.33442030531432598 0.14841391519555
v 0.031043461601725698 0.33442030531432598 0.16705473299582799
v 0.031043461601725698 0.33442030531432598 0.185695550796106
v 0.031043461601725698 0.33442030531432598 0.20433636859638399
v 0.031043461601725698 0.33442030531432598 0.222977186396662
v 0.031043461601725698 0.315779487514048 0.24161800419693999
v 0.031043461601725698 0.33442030531432598 0.24161800419693999
v 0.031043461601725698 0.33442030531432598 0.29754045759777498
v 0.031043461601725698 0.33442030531432598 0.31618127539805302
v 0.012402643801447601 0.315779487514048 0.33482209319833101
v 0.031043461601725698 0.315779487514048 0.33482209319833101
v 0.031043461601725698 0.33442030531432598 0.33482209319833101
v 0.012402643801447601 0.33442030531432598 0.33482209319833101
v 0.031043461601725698 0.35306112311460403 0.073850643994437096
v 0.031043461601725698 0.35306112311460403 0.092491461794715193
v 0.031043461601725698 0.35306112311460403 0.111132279594993
v 0.031043461601725698 0.35306112311460403 0.12977309739527201
v 0.031043461601725698 0.35306112311460403 0.14841391519555
v 0.031043461601725698 0.35306112311460403 0.16705473299582799
v 0.031043461601725698 0.35306112311460403 0.185695550796106
v 0.031043461601725698 0.35306112311460403 0.20433636859638399
v 0.031043461601725698 0.35306112311460403 0.222977186396662
v 0.031043461601725698 0.37170194091488301 0.073850643994437096
v 0.031043461601725698 0.37170194091488301 0.092491461794715193
v 0.031043461601725698 0.37170194091488301 0.111132279594993
v 0.031043461601725698 0.37170194091488301 0.12977309739527201
v 0.031043461601725698 0.37170194091488301 0.14841391519555
v 0.031043461601725698 0.37170194091488301 0.16705473299582799
v 0.031043461601725698 0.37170194091488301 0.185695550796106
v 0.031043461601725698 0.37170194091488301 0.20433636859638399
v 0.031043461601725698 0.37170194091488301 0.222977186396662
v 0.031043461601725698 0.390342758715161 0.092491461794715193
v 0.031043461601725698 0.390342758715161 0.111132279594993
v 0.031043461601725698 0.390342758715161 0.12977309739527201
v 0.031043461601725698 0.390342758715161 0.14841391519555
v 0.031043461601725698 0.390342758715161 0.16705473299582799
v 0.031043461601725698 0.390342758715161 0.185695550796106
v 0.031043461601725698 0.390342758715161 0.20433636859638399
v 0.031043461601725698 0.390342758715161 0.222977186396662
v 0.031043461601725698 0.40898357651543898 0.111132279594993
v 0.031043461601725698 0.40898357651543898 0.12977309739527201
v 0.031043461601725698 0.40898357651543898 0.14841391519555
v 0.031043461601725698 0.40898357651543898 0.16705473299582799
v 0.031043461601725698 0.40898357651543898 0.185695550796106
v 0.031043461601725698 0.40898357651543898 0.20433636859638399
v 0.031043461601725698 0.42762439431571703 0.14841391519555
v 0.031043461601725698 0.42762439431571703 0.16705473299582799
v 0.031043461601725698 0.42762439431571703 0.185695550796106
v 0.031043461601725698 0.44626521211599501 0.185695550796106
v 0.012402643801447601 0.42762439431571703 0.20433636859638399
v 0.031043461601725698 0.42762439431571703 0.20433636859638399
v 0.031043461601725698 0.44626521211599501 0.20433636859638399
v 0.031043461601725698 0.464906029916273 0.185695550796106
v 0.031043461601725698 0.464906029916273 0.20433636859638399
v 0.031043461601725698 0.44626521211599501 0.222977186396662
v 0.031043461601725698 0.464906029916273 0.222977186396662
v 0.012402643801447601 0.44626521211599501 0.24161800419693999
v 0.031043461601725698 0.44626521211599501 0.24161800419693999
v 0.031043461601725698 0.464906029916273 0.24161800419693999
v 0.031043461601725698 0.48354684771655099 0.185695550796106
v 0.031043461601725698 0.48354684771655099 0.20433636859638399
v 0.031043461601725698 0.48354684771655099 0.222977186396662
v 0.031043461601725698 0.48354684771655099 0.24161800419693999
v 0.012402643801447601 0.464906029916273 0.260258821997219
v 0.031043461601725698 0.464906029916273 0.260258821997219
v 0.031043461601725698 0.48354684771655099 0.260258821997219
v 0.012402643801447601 0.48354684771655099 0.260258821997219
v 0.031043461601725698 0.50218766551682903 0.185695550796106
v 0.031043461601725698 0.50218766551682903 0.20433636859638399
v 0.031043461601725698 0.50218766551682903 0.222977186396662
v 0.031043461601725698 0.50218766551682903 0.24161800419693999
v 0.031043461601725698 0.50218766551682903 0.260258821997219
v 0.012402643801447601 0.50218766551682903 0.260258821997219
v 0.031043461601725698 0.52082848331710796 0.20433636859638399
v 0.031043461601725698 0.52082848331710796 0.222977186396662
v 0.031043461601725698 0.52082848331710796 0.24161800419693999
v 0.012402643801447601 0.52082848331710796 0.24161800419693999
v 0.031043461601725698 0.52082848331710796 0.260258821997219
v 0.012402643801447601 0.52082848331710796 0.260258821997219
v 0.031043461601725698 -0.28072668209485302 0.16705473299582799
v 0.0496842794020039 -0.28072668209485302 0.16705473299582799
v 0.0496842794020039 -0.26208586429457498 0.16705473299582799
v 0.0496842794020039 -0.28072668209485302 0.185695550796106
v 0.0496842794020039 -0.26208586429457498 0.185695550796106
v 0.0496842794020039 -0.28072668209485302 0.20433636859638399
v 0.0496842794020039 -0.26208586429457498 0.20433636859638399
v 0.0496842794020039 -0.28072668209485302 0.222977186396662
v 0.0496842794020039 -0.26208586429457498 0.222977186396662
v 0.0496842794020039 -0.28072668209485302 0.24161800419693999
v 0.0496842794020039 -0.26208586429457498 0.24161800419693999
v 0.031043461601725698 -0.28072668209485302 0.260258821997219
v 0.0496842794020039 -0.28072668209485302 0.260258821997219
v 0.0496842794020039 -0.26208586429457498 0.260258821997219
v 0.031043461601725698 -0.26208586429457498 0.14841391519555
v 0.0496842794020039 -0.26208586429457498 0.14841391519555
v 0.0496842794020039 -0.24344504649429599 0.14841391519555
v 0.0496842794020039 -0.24344504649429599 0.16705473299582799
v 0.0496842794020039 -0.24344504649429599 0.185695550796106
v 0.0496842794020039 -0.24344504649429599 0.20433636859638399
v 0.0496842794020039 -0.24344504649429599 0.222977186396662
v 0.0496842794020039 -0.24344504649429599 0.24161800419693999
v 0.0496842794020039 -0.24344504649429599 0.260258821997219
v 0.0496842794020039 -0.26208586429457498 0.27889963979749699
v 0.0496842794020039 -0.24344504649429599 0.27889963979749699
v 0.0496842794020039 -0.224804228694018 0.14841391519555
v 0.0496842794020039 -0.224804228694018 0.16705473299582799
v 0.0496842794020039 -0.224804228694018 0.185695550796106
v 0.0496842794020039 -0.224804228694018 0.20433636859638399
v 0.0496842794020039 -0.224804228694018 0.222977186396662
v 0.0496842794020039 -0.224804228694018 0.24161800419693999
v 0.0496842794020039 -0.224804228694018 0.260258821997219
v 0.0496842794020039 -0.224804228694018 0.27889963979749699
v 0.031043461601725698 -0.24344504649429599 0.29754045759777498
v 0.0496842794020039 -0.24344504649429599 0.29754045759777498
v 0.0496842794020039 -0.224804228694018 0.29754045759777498
v 0.031043461601725698 -0.224804228694018 0.29754045759777498
v 0.0496842794020039 -0.20616341089373999 0.14841391519555
v 0.0496842794020039 -0.20616341089373999 0.16705473299582799
v 0.0496842794020039 -0.20616341089373999 0.185695550796106
v 0.0496842794020039 -0.20616341089373999 0.20433636859638399
v 0.0496842794020039 -0.20616341089373999 0.222977186396662
v 0.0496842794020039 -0.20616341089373999 0.24161800419693999
v 0.0496842794020039 -0.20616341089373999 0.260258821997219
v 0.0496842794020039 -0.20616341089373999 0.27889963979749699
v 0.0496842794020039 -0.20616341089373999 0.29754045759777498
v 0.0496842794020039 -0.20616341089373999 0.12977309739527201
v 0.0496842794020039 -0.187522593093462 0.12977309739527201
v 0.0496842794020039 -0.187522593093462 0.14841391519555
v 0.0496842794020039 -0.187522593093462 0.16705473299582799
v 0.0496842794020039 -0.187522593093462 0.185695550796106
v 0.0496842794020039 -0.187522593093462 0.20433636859638399
v 0.0496842794020039 -0.187522593093462 0.222977186396662
v 0.0496842794020039 -0.187522593093462 0.24161800419693999
v 0.0496842794020039 -0.187522593093462 0.260258821997219
v 0.0496842794020039 -0.187522593093462 0.27889963979749699
v 0.0496842794020039 -0.187522593093462 0.29754045759777498
v 0.0496842794020039 -0.16888177529318399 0.12977309739527201
v 0.0496842794020039 -0.16888177529318399 0.14841391519555
v 0.0496842794020039 -0.16888177529318399 0.16705473299582799
v 0.0496842794020039 -0.16888177529318399 0.185695550796106
v 0.0496842794020039 -0.16888177529318399 0.20433636859638399
v 0.0496842794020039 -0.16888177529318399 0.222977186396662
v 0.0496842794020039 -0.16888177529318399 0.24161800419693999
v 0.0496842794020039 -0.16888177529318399 0.260258821997219
v 0.0496842794020039 -0.16888177529318399 0.27889963979749699
v 0.0496842794020039 -0.16888177529318399 0.29754045759777498
v 0.0496842794020039 -0.150240957492906 0.12977309739527201
v 0.0496842794020039 -0.150240957492906 0.14841391519555
v 0.0496842794020039 -0.150240957492906 0.16705473299582799
v 0.0496842794020039 -0.150240957492906 0.185695550796106
v 0.0496842794020039 -0.150240957492906 0.20433636859638399
v 0.0496842794020039 -0.150240957492906 0.222977186396662
v 0.0496842794020039 -0.150240957492906 0.24161800419693999
v 0.0496842794020039 -0.150240957492906 0.260258821997219
v 0.0496842794020039 -0.150240957492906 0.27889963979749699
v 0.0496842794020039 -0.150240957492906 0.29754045759777498
v 0.031043461601725698 -0.150240957492906 0.29754045759777498
v 0.0496842794020039 -0.13160013969262799 0.12977309739527201
v 0.0496842794020039 -0.13160013969262799 0.14841391519555
v 0.0496842794020039 -0.13160013969262799 0.16705473299582799
v 0.0496842794020039 -0.13160013969262799 0.185695550796106
v 0.0496842794020039 -0.13160013969262799 0.20433636859638399
v 0.0496842794020039 -0.13160013969262799 0.222977186396662
v 0.0496842794020039 -0.13160013969262799 0.24161800419693999
v 0.0496842794020039 -0.13160013969262799 0.260258821997219
v 0.0496842794020039 -0.13160013969262799 0.27889963979749699
v 0.0496842794020039 -0.112959321892349 0.14841391519555
v 0.0496842794020039 -0.112959321892349 0.16705473299582799
v 0.0496842794020039 -0.112959321892349 0.185695550796106
v 0.0496842794020039 -0.112959321892349 0.20433636859638399
v 0.0496842794020039 -0.112959321892349 0.222977186396662
v 0.0496842794020039 -0.112959321892349 0.24161800419693999
v 0.0496842794020039 -0.112959321892349 0.260258821997219
v 0.0496842794020039 -0.094318504092071306 0.16705473299582799
v 0.0496842794020039 -0.094318504092071306 0.185695550796106
v 0.0496842794020039 -0.094318504092071306 0.20433636859638399
v 0.0496842794020039 -0.094318504092071306 0.222977186396662
v 0.0496842794020039 -0.075677686291793098 0.16705473299582799
v 0.0496842794020039 -0.075677686291793098 0.185695550796106
v 0.0496842794020039 -0.075677686291793098 0.20433636859638399
v 0.0496842794020039 -0.0197552328909587 0.16705473299582799
v 0.0496842794020039 -0.0011144150906804999 0.16705473299582799
v 0.0496842794020039 -0.0197552328909587 0.185695550796106
v 0.0496842794020039 -0.0011144150906804999 0.185695550796106
v 0.031043461601725698 -0.0011144150906804999 0.12977309739527201
v 0.0496842794020039 -0.0011144150906804999 0.12977309739527201
v 0.0496842794020039 0.0175264027095977 0.12977309739527201
v 0.0496842794020039 -0.0011144150906804999 0.14841391519555
v 0.0496842794020039 0.0175264027095977 0.14841391519555
v 0.0496842794020039 0.0175264027095977 0.16705473299582799
v 0.0496842794020039 0.0175264027095977 0.185695550796106
v 0.031043461601725698 -0.0011144150906804999 0.20433636859638399
v 0.0496842794020039 -0.0011144150906804999 0.20433636859638399
v 0.0496842794020039 0.0175264027095977 0.20433636859638399
v 0.031043461601725698 -0.0011144150906804999 0.222977186396662
v 0.0496842794020039 -0.0011144150906804999 0.222977186396662
v 0.0496842794020039 0.0175264027095977 0.222977186396662
v 0.0496842794020039 0.0175264027095977 0.111132279594993
v 0.0496842794020039 0.036167220509875801 0.111132279594993
v 0.0496842794020039 0.036167220509875801 0.12977309739527201
v 0.0496842794020039 0.036167220509875801 0.14841391519555
v 0.0496842794020039 0.036167220509875801 0.16705473299582799
v 0.0496842794020039 0.036167220509875801 0.185695550796106
v 0.0496842794020039 0.036167220509875801 0.20433636859638399
v 0.0496842794020039 0.036167220509875801 0.222977186396662
v 0.031043461601725698 0.0175264027095977 0.24161800419693999
v 0.0496842794020039 0.0175264027095977 0.24161800419693999
v 0.0496842794020039 0.036167220509875801 0.24161800419693999
v 0.0496842794020039 0.036167220509875801 0.092491461794715193
v 0.0496842794020039 0.054808038310153899 0.092491461794715193
v 0.0496842794020039 0.054808038310153899 0.111132279594993
v 0.0496842794020039 0.054808038310153899 0.12977309739527201
v 0.0496842794020039 0.054808038310153899 0.14841391519555
v 0.0496842794020039 0.054808038310153899 0.16705473299582799
v 0.0496842794020039 0.054808038310153899 0.185695550796106
v 0.0496842794020039 0.054808038310153899 0.20433636859638399
v 0.0496842794020039 0.054808038310153899 0.222977186396662
v 0.0496842794020039 0.054808038310153899 0.24161800419693999
v 0.031043461601725698 0.054808038310153899 0.073850643994437096
v 0.0496842794020039 0.054808038310153899 0.073850643994437096
v 0.0496842794020039 0.073448856110432101 0.073850643994437096
v 0.0496842794020039 0.073448856110432101 0.092491461794715193
v 0.0496842794020039 0.073448856110432101 0.111132279594993
v 0.0496842794020039 0.073448856110432101 0.12977309739527201
v 0.0496842794020039 0.073448856110432101 0.14841391519555
v 0.0496842794020039 0.073448856110432101 0.16705473299582799
v 0.0496842794020039 0.073448856110432101 0.185695550796106
v 0.0496842794020039 0.073448856110432101 0.20433636859638399
v 0.0496842794020039 0.073448856110432101 0.222977186396662
v 0.0496842794020039 0.073448856110432101 0.24161800419693999
v 0.031043461601725698 0.054808038310153899 0.260258821997219
v 0.0496842794020039 0.054808038310153899 0.260258821997219
v 0.0496842794020039 0.073448856110432101 0.260258821997219
v 0.0496842794020039 0.092089673910710199 0.073850643994437096
v 0.0496842794020039 0.092089673910710199 0.092491461794715193
v 0.0496842794020039 0.092089673910710199 0.111132279594993
v 0.0496842794020039 0.092089673910710199 0.12977309739527201
v 0.0496842794020039 0.092089673910710199 0.14841391519555
v 0.0496842794020039 0.092089673910710199 0.16705473299582799
v 0.0496842794020039 0.092089673910710199 0.185695550796106
v 0.0496842794020039 0.092089673910710199 0.20433636859638399
v 0.0496842794020039 0.092089673910710199 0.222977186396662
v 0.0496842794020039 0.092089673910710199 0.24161800419693999
v 0.0496842794020039 0.092089673910710199 0.260258821997219
v 0.0496842794020039 0.110730491710988 0.073850643994437096
v 0.0496842794020039 0.110730491710988 0.092491461794715193
v 0.0496842794020039 0.110730491710988 0.111132279594993
v 0.0496842794020039 0.110730491710988 0.12977309739527201
v 0.0496842794020039 0.110730491710988 0.14841391519555
v 0.0496842794020039 0.110730491710988 0.16705473299582799
v 0.0496842794020039 0.110730491710988 0.185695550796106
v 0.0496842794020039 0.110730491710988 0.20433636859638399
v 0.0496842794020039 0.110730491710988 0.222977186396662
v 0.0496842794020039 0.110730491710988 0.24161800419693999
v 0.0496842794020039 0.110730491710988 0.260258821997219
v 0.0496842794020039 0.12937130951126699 0.073850643994437096
v 0.0496842794020039 0.12937130951126699 0.092491461794715193
v 0.0496842794020039 0.12937130951126699 0.111132279594993
v 0.0496842794020039 0.12937130951126699 0.12977309739527201
v 0.0496842794020039 0.12937130951126699 0.14841391519555
v 0.0496842794020039 0.12937130951126699 0.16705473299582799
v 0.0496842794020039 0.12937130951126699 0.185695550796106
v 0.0496842794020039 0.12937130951126699 0.20433636859638399
v 0.0496842794020039 0.12937130951126699 0.222977186396662
v 0.0496842794020039 0.12937130951126699 0.24161800419693999
v 0.0496842794020039 0.14801212731154501 0.092491461794715193
v 0.0496842794020039 0.14801212731154501 0.111132279594993
v 0.0496842794020039 0.14801212731154501 0.12977309739527201
v 0.0496842794020039 0.14801212731154501 0.14841391519555
v 0.0496842794020039 0.14801212731154501 0.16705473299582799
v 0.0496842794020039 0.14801212731154501 0.185695550796106
v 0.0496842794020039 0.14801212731154501 0.20433636859638399
v 0.0496842794020039 0.14801212731154501 0.222977186396662
v 0.0496842794020039 0.16665294511182299 0.111132279594993
v 0.0496842794020039 0.16665294511182299 0.12977309739527201
v 0.0496842794020039 0.16665294511182299 0.14841391519555
v 0.0496842794020039 0.16665294511182299 0.16705473299582799
v 0.0496842794020039 0.16665294511182299 0.185695550796106
v 0.0496842794020039 0.16665294511182299 0.20433636859638399
v 0.031043461601725698 0.24121621631293499 0.12977309739527201
v 0.0496842794020039 0.24121621631293499 0.12977309739527201
v 0.0496842794020039 0.25985703411321398 0.12977309739527201
v 0.031043461601725698 0.24121621631293499 0.14841391519555
v 0.0496842794020039 0.24121621631293499 0.14841391519555
v 0.0496842794020039 0.25985703411321398 0.14841391519555
v 0.031043461601725698 0.24121621631293499 0.16705473299582799
v 0.0496842794020039 0.24121621631293499 0.16705473299582799
v 0.0496842794020039 0.25985703411321398 0.16705473299582799
v 0.031043461601725698 0.24121621631293499 0.185695550796106
v 0.0496842794020039 0.24121621631293499 0.185695550796106
v 0.0496842794020039 0.25985703411321398 0.185695550796106
v 0.031043461601725698 0.25985703411321398 0.092491461794715193
v 0.0496842794020039 0.25985703411321398 0.092491461794715193
v 0.0496842794020039 0.27849785191349202 0.092491461794715193
v 0.0496842794020039 0.25985703411321398 0.111132279594993
v 0.0496842794020039 0.27849785191349202 0.111132279594993
v 0.0496842794020039 0.27849785191349202 0.12977309739527201
v 0.0496842794020039 0.27849785191349202 0.14841391519555
v 0.0496842794020039 0.27849785191349202 0.16705473299582799
v 0.0496842794020039 0.27849785191349202 0.185695550796106
v 0.0496842794020039 0.25985703411321398 0.20433636859638399
v 0.0496842794020039 0.27849785191349202 0.20433636859638399
v 0.0496842794020039 0.29713866971377001 0.092491461794715193
v 0.0496842794020039 0.29713866971377001 0.111132279594993
v 0.0496842794020039 0.29713866971377001 0.12977309739527201
v 0.0496842794020039 0.29713866971377001 0.14841391519555
v 0.0496842794020039 0.29713866971377001 0.16705473299582799
v 0.0496842794020039 0.29713866971377001 0.185695550796106
v 0.0496842794020039 0.29713866971377001 0.20433636859638399
v 0.0496842794020039 0.27849785191349202 0.222977186396662
v 0.0496842794020039 0.29713866971377001 0.222977186396662
v 0.031043461601725698 0.29713866971377001 0.073850643994437096
v 0.0496842794020039 0.29713866971377001 0.073850643994437096
v 0.0496842794020039 0.315779487514048 0.073850643994437096
v 0.0496842794020039 0.315779487514048 0.092491461794715193
v 0.0496842794020039 0.315779487514048 0.111132279594993
v 0.0496842794020039 0.315779487514048 0.12977309739527201
v 0.0496842794020039 0.315779487514048 0.14841391519555
v 0.0496842794020039 0.315779487514048 0.16705473299582799
v 0.0496842794020039 0.315779487514048 0.185695550796106
v 0.0496842794020039 0.315779487514048 0.20433636859638399
v 0.0496842794020039 0.315779487514048 0.222977186396662
v 0.0496842794020039 0.29713866971377001 0.29754045759777498
v 0.0496842794020039 0.315779487514048 0.29754045759777498
v 0.0496842794020039 0.29713866971377001 0.31618127539805302
v 0.0496842794020039 0.315779487514048 0.31618127539805302
v 0.031043461601725698 0.29713866971377001 0.33482209319833101
v 0.0496842794020039 0.29713866971377001 0.33482209319833101
v 0.0496842794020039 0.315779487514048 0.33482209319833101
v 0.0496842794020039 0.33442030531432598 0.073850643994437096
v 0.0496842794020039 0.33442030531432598 0.092491461794715193
v 0.0496842794020039 0.33442030531432598 0.111132279594993
v 0.0496842794020039 0.33442030531432598 0.12977309739527201
v 0.0496842794020039 0.33442030531432598 0.14841391519555
v 0.0496842794020039 0.33442030531432598 0.16705473299582799
v 0.0496842794020039 0.33442030531432598 0.185695550796106
v 0.0496842794020039 0.33442030531432598 0.20433636859638399
v 0.0496842794020039 0.33442030531432598 0.222977186396662
v 0.0496842794020039 0.315779487514048 0.24161800419693999
v 0.0496842794020039 0.33442030531432598 0.24161800419693999
v 0.0496842794020039 0.33442030531432598 0.29754045759777498
v 0.0496842794020039 0.33442030531432598 0.31618127539805302
v 0.0496842794020039 0.33442030531432598 0.33482209319833101
v 0.031043461601725698 0.315779487514048 0.35346291099860899
v 0.0496842794020039 0.315779487514048 0.35346291099860899
v 0.0496842794020039 0.33442030531432598 0.35346291099860899
v 0.031043461601725698 0.33442030531432598 0.35346291099860899
v 0.0496842794020039 0.35306112311460403 0.073850643994437096
v 0.0496842794020039 0.35306112311460403 0.092491461794715193
v 0.0496842794020039 0.35306112311460403 0.111132279594993
v 0.0496842794020039 0.35306112311460403 0.12977309739527201
v 0.0496842794020039 0.35306112311460403 0.14841391519555
v 0.0496842794020039 0.35306112311460403 0.16705473299582799
v 0.0496842794020039 0.35306112311460403 0.185695550796106
v 0.0496842794020039 0.35306112311460403 0.20433636859638399
v 0.0496842794020039 0.35306112311460403 0.222977186396662
v 0.0496842794020039 0.37170194091488301 0.092491461794715193
v 0.0496842794020039 0.37170194091488301 0.111132279594993
v 0.0496842794020039 0.37170194091488301 0.12977309739527201
v 0.0496842794020039 0.37170194091488301 0.14841391519555
v 0.0496842794020039 0.37170194091488301 0.16705473299582799
v 0.0496842794020039 0.37170194091488301 0.185695550796106
v 0.0496842794020039 0.37170194091488301 0.20433636859638399
v 0.0496842794020039 0.37170194091488301 0.222977186396662
v 0.0496842794020039 0.390342758715161 0.092491461794715193
v 0.0496842794020039 0.390342758715161 0.111132279594993
v 0.0496842794020039 0.390342758715161 0.12977309739527201
v 0.0496842794020039 0.390342758715161 0.14841391519555
v 0.0496842794020039 0.390342758715161 0.16705473299582799
v 0.0496842794020039 0.390342758715161 0.185695550796106
v 0.0496842794020039 0.390342758715161 0.20433636859638399
v 0.0496842794020039 0.40898357651543898 0.12977309739527201
v 0.0496842794020039 0.40898357651543898 0.14841391519555
v 0.0496842794020039 0.40898357651543898 0.16705473299582799
v 0.0496842794020039 0.40898357651543898 0.185695550796106
v 0.0496842794020039 0.40898357651543898 0.20433636859638399
v 0.0496842794020039 0.42762439431571703 0.16705473299582799
v 0.0496842794020039 0.42762439431571703 0.185695550796106
v 0.0496842794020039 0.44626521211599501 0.20433636859638399
v 0.0496842794020039 0.464906029916273 0.20433636859638399
v 0.0496842794020039 0.44626521211599501 0.222977186396662
v 0.0496842794020039 0.464906029916273 0.222977186396662
v 0.0496842794020039 0.44626521211599501 0.24161800419693999
v 0.0496842794020039 0.464906029916273 0.24161800419693999
v 0.0496842794020039 0.464906029916273 0.185695550796106
v 0.0496842794020039 0.48354684771655099 0.185695550796106
v 0.0496842794020039 0.48354684771655099 0.20433636859638399
v 0.0496842794020039 0.48354684771655099 0.222977186396662
v 0.0496842794020039 0.48354684771655099 0.24161800419693999
v 0.0496842794020039 0.464906029916273 0.260258821997219
v 0.0496842794020039 0.48354684771655099 0.260258821997219
v 0.031043461601725698 0.464906029916273 0.27889963979749699
v 0.0496842794020039 0.464906029916273 0.27889963979749699
v 0.0496842794020039 0.48354684771655099 0.27889963979749699
v 0.031043461601725698 0.48354684771655099 0.27889963979749699
v 0.0496842794020039 0.50218766551682903 0.185695550796106
v 0.0496842794020039 0.50218766551682903 0.20433636859638399
v 0.0496842794020039 0.50218766551682903 0.222977186396662
v 0.0496842794020039 0.50218766551682903 0.24161800419693999
v 0.0496842794020039 0.50218766551682903 0.260258821997219
v 0.0496842794020039 0.50218766551682903 0.27889963979749699
v 0.031043461601725698 0.50218766551682903 0.27889963979749699
v 0.0496842794020039 0.52082848331710796 0.20433636859638399
v 0.0496842794020039 0.52082848331710796 0.222977186396662
v 0.0496842794020039 0.52082848331710796 0.24161800419693999
v 0.0496842794020039 0.52082848331710796 0.260258821997219
v 0.0496842794020039 0.52082848331710796 0.27889963979749699
v 0.031043461601725698 0.52082848331710796 0.27889963979749699
v 0.0496842794020039 -0.29936749989513101 0.20433636859638399
v 0.068325097202281998 -0.29936749989513101 0.20433636859638399
v 0.068325097202281998 -0.28072668209485302 0.20433636859638399
v 0.0496842794020039 -0.29936749989513101 0.222977186396662
v 0.068325097202281998 -0.29936749989513101 0.222977186396662
v 0.068325097202281998 -0.28072668209485302 0.222977186396662
v 0.0496842794020039 -0.29936749989513101 0.24161800419693999
v 0.068325097202281998 -0.29936749989513101 0.24161800419693999
v 0.068325097202281998 -0.28072668209485302 0.24161800419693999
v 0.068325097202281998 -0.28072668209485302 0.16705473299582799
v 0.068325097202281998 -0.26208586429457498 0.16705473299582799
v 0.068325097202281998 -0.28072668209485302 0.185695550796106
v 0.068325097202281998 -0.26208586429457498 0.185695550796106
v 0.068325097202281998 -0.26208586429457498 0.20433636859638399
v 0.068325097202281998 -0.26208586429457498 0.222977186396662
v 0.068325097202281998 -0.26208586429457498 0.24161800419693999
v 0.068325097202281998 -0.28072668209485302 0.260258821997219
v 0.068325097202281998 -0.26208586429457498 0.260258821997219
v 0.0496842794020039 -0.28072668209485302 0.27889963979749699
v 0.068325097202281998 -0.28072668209485302 0.27889963979749699
v 0.068325097202281998 -0.26208586429457498 0.27889963979749699
v 0.068325097202281998 -0.26208586429457498 0.14841391519555
v 0.068325097202281998 -0.24344504649429599 0.14841391519555
v 0.068325097202281998 -0.24344504649429599 0.16705473299582799
v 0.068325097202281998 -0.24344504649429599 0.185695550796106
v 0.068325097202281998 -0.24344504649429599 0.20433636859638399
v 0.068325097202281998 -0.24344504649429599 0.222977186396662
v 0.068325097202281998 -0.24344504649429599 0.24161800419693999
v 0.068325097202281998 -0.24344504649429599 0.260258821997219
v 0.068325097202281998 -0.24344504649429599 0.27889963979749699
v 0.0496842794020039 -0.26208586429457498 0.29754045759777498
v 0.068325097202281998 -0.26208586429457498 0.29754045759777498
v 0.068325097202281998 -0.24344504649429599 0.29754045759777498
v 0.068325097202281998 -0.224804228694018 0.14841391519555
v 0.068325097202281998 -0.224804228694018 0.16705473299582799
v 0.068325097202281998 -0.224804228694018 0.185695550796106
v 0.068325097202281998 -0.224804228694018 0.20433636859638399
v 0.068325097202281998 -0.224804228694018 0.222977186396662
v 0.068325097202281998 -0.224804228694018 0.24161800419693999
v 0.068325097202281998 -0.224804228694018 0.260258821997219
v 0.068325097202281998 -0.224804228694018 0.27889963979749699
v 0.068325097202281998 -0.224804228694018 0.29754045759777498
v 0.0496842794020039 -0.224804228694018 0.12977309739527201
v 0.068325097202281998 -0.224804228694018 0.12977309739527201
v 0.068325097202281998 -0.20616341089373999 0.12977309739527201
v 0.068325097202281998 -0.20616341089373999 0.14841391519555
v 0.068325097202281998 -0.20616341089373999 0.16705473299582799
v 0.068325097202281998 -0.20616341089373999 0.185695550796106
v 0.068325097202281998 -0.20616341089373999 0.20433636859638399
v 0.068325097202281998 -0.20616341089373999 0.222977186396662
v 0.068325097202281998 -0.20616341089373999 0.24161800419693999
v 0.068325097202281998 -0.20616341089373999 0.260258821997219
v 0.068325097202281998 -0.20616341089373999 0.27889963979749699
v 0.068325097202281998 -0.20616341089373999 0.29754045759777498
v 0.068325097202281998 -0.187522593093462 0.12977309739527201
v 0.068325097202281998 -0.187522593093462 0.14841391519555
v 0.068325097202281998 -0.187522593093462 0.16705473299582799
v 0.068325097202281998 -0.187522593093462 0.185695550796106
v 0.068325097202281998 -0.187522593093462 0.20433636859638399
v 0.068325097202281998 -0.187522593093462 0.222977186396662
v 0.068325097202281998 -0.187522593093462 0.24161800419693999
v 0.068325097202281998 -0.187522593093462 0.260258821997219
v 0.068325097202281998 -0.187522593093462 0.27889963979749699
v 0.068325097202281998 -0.187522593093462 0.29754045759777498
v 0.068325097202281998 -0.16888177529318399 0.12977309739527201
v 0.068325097202281998 -0.16888177529318399 0.14841391519555
v 0.068325097202281998 -0.16888177529318399 0.16705473299582799
v 0.068325097202281998 -0.16888177529318399 0.185695550796106
v 0.068325097202281998 -0.16888177529318399 0.20433636859638399
v 0.068325097202281998 -0.16888177529318399 0.222977186396662
v 0.068325097202281998 -0.16888177529318399 0.24161800419693999
v 0.068325097202281998 -0.16888177529318399 0.260258821997219
v 0.068325097202281998 -0.16888177529318399 0.27889963979749699
v 0.068325097202281998 -0.16888177529318399 0.29754045759777498
v 0.068325097202281998 -0.150240957492906 0.14841391519555
v 0.068325097202281998 -0.150240957492906 0.16705473299582799
v 0.068325097202281998 -0.150240957492906 0.185695550796106
v 0.068325097202281998 -0.150240957492906 0.20433636859638399
v 0.068325097202281998 -0.150240957492906 0.222977186396662
v 0.068325097202281998 -0.150240957492906 0.24161800419693999
v 0.068325097202281998 -0.150240957492906 0.260258821997219
v 0.068325097202281998 -0.150240957492906 0.27889963979749699
v 0.068325097202281998 -0.150240957492906 0.29754045759777498
v 0.068325097202281998 -0.13160013969262799 0.14841391519555
v 0.068325097202281998 -0.13160013969262799 0.16705473299582799
v 0.068325097202281998 -0.13160013969262799 0.185695550796106
v 0.068325097202281998 -0.13160013969262799 0.20433636859638399
v 0.068325097202281998 -0.13160013969262799 0.222977186396662
v 0.068325097202281998 -0.13160013969262799 0.24161800419693999
v 0.068325097202281998 -0.13160013969262799 0.260258821997219
v 0.068325097202281998 -0.13160013969262799 0.27889963979749699
v 0.068325097202281998 -0.13160013969262799 0.29754045759777498
v 0.0496842794020039 -0.13160013969262799 0.29754045759777498
v 0.068325097202281998 -0.112959321892349 0.16705473299582799
v 0.068325097202281998 -0.112959321892349 0.185695550796106
v 0.068325097202281998 -0.112959321892349 0.20433636859638399
v 0.068325097202281998 -0.112959321892349 0.222977186396662
v 0.068325097202281998 -0.112959321892349 0.24161800419693999
v 0.068325097202281998 -0.112959321892349 0.260258821997219
v 0.068325097202281998 -0.094318504092071306 0.16705473299582799
v 0.068325097202281998 -0.094318504092071306 0.185695550796106
v 0.068325097202281998 -0.094318504092071306 0.20433636859638399
v 0.068325097202281998 -0.094318504092071306 0.222977186396662
v 0.0496842794020039 -0.038396050691236798 0.16705473299582799
v 0.068325097202281998 -0.038396050691236798 0.16705473299582799
v 0.068325097202281998 -0.0197552328909587 0.16705473299582799
v 0.0496842794020039 -0.038396050691236798 0.185695550796106
v 0.068325097202281998 -0.038396050691236798 0.185695550796106
v 0.068325097202281998 -0.0197552328909587 0.185695550796106
v 0.0496842794020039 -0.0197552328909587 0.14841391519555
v 0.068325097202281998 -0.0197552328909587 0.14841391519555
v 0.068325097202281998 -0.0011144150906804999 0.14841391519555
v 0.068325097202281998 -0.0011144150906804999 0.16705473299582799
v 0.068325097202281998 -0.0011144150906804999 0.185695550796106
v 0.0496842794020039 -0.0197552328909587 0.20433636859638399
v 0.068325097202281998 -0.0197552328909587 0.20433636859638399
v 0.068325097202281998 -0.0011144150906804999 0.20433636859638399
v 0.0496842794020039 -0.0011144150906804999 0.111132279594993
v 0.068325097202281998 -0.0011144150906804999 0.111132279594993
v 0.068325097202281998 0.0175264027095977 0.111132279594993
v 0.068325097202281998 -0.0011144150906804999 0.12977309739527201
v 0.068325097202281998 0.0175264027095977 0.12977309739527201
v 0.068325097202281998 0.0175264027095977 0.14841391519555
v 0.068325097202281998 0.0175264027095977 0.16705473299582799
v 0.068325097202281998 0.0175264027095977 0.185695550796106
v 0.068325097202281998 0.0175264027095977 0.20433636859638399
v 0.068325097202281998 -0.0011144150906804999 0.222977186396662
v 0.068325097202281998 0.0175264027095977 0.222977186396662
v 0.0496842794020039 -0.0011144150906804999 0.24161800419693999
v 0.068325097202281998 -0.0011144150906804999 0.24161800419693999
v 0.068325097202281998 0.0175264027095977 0.24161800419693999
v 0.0496842794020039 0.0175264027095977 0.092491461794715193
v 0.068325097202281998 0.0175264027095977 0.092491461794715193
v 0.068325097202281998 0.036167220509875801 0.092491461794715193
v 0.068325097202281998 0.036167220509875801 0.111132279594993
v 0.068325097202281998 0.036167220509875801 0.12977309739527201
v 0.068325097202281998 0.036167220509875801 0.14841391519555
v 0.068325097202281998 0.036167220509875801 0.16705473299582799
v 0.068325097202281998 0.036167220509875801 0.185695550796106
v 0.068325097202281998 0.036167220509875801 0.20433636859638399
v 0.068325097202281998 0.036167220509875801 0.222977186396662
v 0.068325097202281998 0.036167220509875801 0.24161800419693999
v 0.068325097202281998 0.054808038310153899 0.092491461794715193
v 0.068325097202281998 0.054808038310153899 0.111132279594993
v 0.068325097202281998 0.054808038310153899 0.12977309739527201
v 0.068325097202281998 0.054808038310153899 0.14841391519555
v 0.068325097202281998 0.054808038310153899 0.16705473299582799
v 0.068325097202281998 0.054808038310153899 0.185695550796106
v 0.068325097202281998 0.054808038310153899 0.20433636859638399
v 0.068325097202281998 0.054808038310153899 0.222977186396662
v 0.068325097202281998 0.054808038310153899 0.24161800419693999
v 0.0496842794020039 0.036167220509875801 0.260258821997219
v 0.068325097202281998 0.036167220509875801 0.260258821997219
v 0.068325097202281998 0.054808038310153899 0.260258821997219
v 0.068325097202281998 0.054808038310153899 0.073850643994437096
v 0.068325097202281998 0.073448856110432101 0.073850643994437096
v 0.068325097202281998 0.073448856110432101 0.092491461794715193
v 0.068325097202281998 0.073448856110432101 0.111132279594993
v 0.068325097202281998 0.073448856110432101 0.12977309739527201
v 0.068325097202281998 0.073448856110432101 0.14841391519555
v 0.068325097202281998 0.073448856110432101 0.16705473299582799
v 0.068325097202281998 0.073448856110432101 0.185695550796106
v 0.068325097202281998 0.073448856110432101 0.20433636859638399
v 0.068325097202281998 0.073448856110432101 0.222977186396662
v 0.068325097202281998 0.073448856110432101 0.24161800419693999
v 0.068325097202281998 0.073448856110432101 0.260258821997219
v 0.068325097202281998 0.092089673910710199 0.073850643994437096
v 0.068325097202281998 0.092089673910710199 0.092491461794715193
v 0.068325097202281998 0.092089673910710199 0.111132279594993
v 0.068325097202281998 0.092089673910710199 0.12977309739527201
v 0.068325097202281998 0.092089673910710199 0.14841391519555
v 0.068325097202281998 0.092089673910710199 0.16705473299582799
v 0.068325097202281998 0.092089673910710199 0.185695550796106
v 0.068325097202281998 0.092089673910710199 0.20433636859638399
v 0.068325097202281998 0.092089673910710199 0.222977186396662
v 0.068325097202281998 0.092089673910710199 0.24161800419693999
v 0.068325097202281998 0.092089673910710199 0.260258821997219
v 0.068325097202281998 0.110730491710988 0.073850643994437096
v 0.068325097202281998 0.110730491710988 0.092491461794715193
v 0.068325097202281998 0.110730491710988 0.111132279594993
v 0.068325097202281998 0.110730491710988 0.12977309739527201
v 0.068325097202281998 0.110730491710988 0.14841391519555
v 0.068325097202281998 0.110730491710988 0.16705473299582799
v 0.068325097202281998 0.110730491710988 0.185695550796106
v 0.068325097202281998 0.110730491710988 0.20433636859638399
v 0.068325097202281998 0.110730491710988 0.222977186396662
v 0.068325097202281998 0.110730491710988 0.24161800419693999
v 0.068325097202281998 0.110730491710988 0.260258821997219
v 0.068325097202281998 0.12937130951126699 0.092491461794715193
v 0.068325097202281998 0.12937130951126699 0.111132279594993
v 0.068325097202281998 0.12937130951126699 0.12977309739527201
v 0.068325097202281998 0.12937130951126699 0.14841391519555
v 0.068325097202281998 0.12937130951126699 0.16705473299582799
v 0.068325097202281998 0.12937130951126699 0.185695550796106
v 0.068325097202281998 0.12937130951126699 0.20433636859638399
v 0.068325097202281998 0.12937130951126699 0.222977186396662
v 0.068325097202281998 0.12937130951126699 0.24161800419693999
v 0.068325097202281998 0.14801212731154501 0.111132279594993
v 0.068325097202281998 0.14801212731154501 0.12977309739527201
v 0.068325097202281998 0.14801212731154501 0.14841391519555
v 0.068325097202281998 0.14801212731154501 0.16705473299582799
v 0.068325097202281998 0.14801212731154501 0.185695550796106
v 0.068325097202281998 0.14801212731154501 0.20433636859638399
v 0.068325097202281998 0.14801212731154501 0.222977186396662
v 0.068325097202281998 0.16665294511182299 0.12977309739527201
v 0.068325097202281998 0.16665294511182299 0.14841391519555
v 0.068325097202281998 0.16665294511182299 0.16705473299582799
v 0.068325097202281998 0.16665294511182299 0.185695550796106
v 0.068325097202281998 0.16665294511182299 0.20433636859638399
v 0.0496842794020039 0.24121621631293499 0.111132279594993
v 0.068325097202281998 0.24121621631293499 0.111132279594993
v 0.068325097202281998 0.25985703411321398 0.111132279594993
v 0.068325097202281998 0.24121621631293499 0.12977309739527201
v 0.068325097202281998 0.25985703411321398 0.12977309739527201
v 0.068325097202281998 0.24121621631293499 0.14841391519555
v 0.068325097202281998 0.25985703411321398 0.14841391519555
v 0.068325097202281998 0.24121621631293499 0.16705473299582799
v 0.068325097202281998 0.25985703411321398 0.16705473299582799
v 0.068325097202281998 0.24121621631293499 0.185695550796106
v 0.068325097202281998 0.25985703411321398 0.185695550796106
v 0.0496842794020039 0.24121621631293499 0.20433636859638399
v 0.068325097202281998 0.24121621631293499 0.20433636859638399
v 0.068325097202281998 0.25985703411321398 0.20433636859638399
v 0.068325097202281998 0.25985703411321398 0.092491461794715193
v 0.068325097202281998 0.27849785191349202 0.092491461794715193
v 0.068325097202281998 0.27849785191349202 0.111132279594993
v 0.068325097202281998 0.27849785191349202 0.12977309739527201
v 0.068325097202281998 0.27849785191349202 0.14841391519555
v 0.068325097202281998 0.27849785191349202 0.16705473299582799
v 0.068325097202281998 0.27849785191349202 0.185695550796106
v 0.068325097202281998 0.27849785191349202 0.20433636859638399
v 0.0496842794020039 0.25985703411321398 0.222977186396662
v 0.068325097202281998 0.25985703411321398 0.222977186396662
v 0.068325097202281998 0.27849785191349202 0.222977186396662
v 0.0496842794020039 0.27849785191349202 0.073850643994437096
v 0.068325097202281998 0.27849785191349202 0.073850643994437096
v 0.068325097202281998 0.29713866971377001 0.073850643994437096
v 0.068325097202281998 0.29713866971377001 0.092491461794715193
v 0.068325097202281998 0.29713866971377001 0.111132279594993
v 0.068325097202281998 0.29713866971377001 0.12977309739527201
v 0.068325097202281998 0.29713866971377001 0.14841391519555
v 0.068325097202281998 0.29713866971377001 0.16705473299582799
v 0.068325097202281998 0.29713866971377001 0.185695550796106
v 0.068325097202281998 0.29713866971377001 0.20433636859638399
v 0.068325097202281998 0.29713866971377001 0.222977186396662
v 0.068325097202281998 0.315779487514048 0.073850643994437096
v 0.068325097202281998 0.315779487514048 0.092491461794715193
v 0.068325097202281998 0.315779487514048 0.111132279594993
v 0.068325097202281998 0.315779487514048 0.12977309739527201
v 0.068325097202281998 0.315779487514048 0.14841391519555
v 0.068325097202281998 0.315779487514048 0.16705473299582799
v 0.068325097202281998 0.315779487514048 0.185695550796106
v 0.068325097202281998 0.315779487514048 0.20433636859638399
v 0.068325097202281998 0.315779487514048 0.222977186396662
v 0.068325097202281998 0.29713866971377001 0.31618127539805302
v 0.068325097202281998 0.315779487514048 0.31618127539805302
v 0.068325097202281998 0.29713866971377001 0.33482209319833101
v 0.068325097202281998 0.315779487514048 0.33482209319833101
v 0.0496842794020039 0.29713866971377001 0.35346291099860899
v 0.068325097202281998 0.29713866971377001 0.35346291099860899
v 0.068325097202281998 0.315779487514048 0.35346291099860899
v 0.068325097202281998 0.33442030531432598 0.073850643994437096
v 0.068325097202281998 0.33442030531432598 0.092491461794715193
v 0.068325097202281998 0.33442030531432598 0.111132279594993
v 0.068325097202281998 0.33442030531432598 0.12977309739527201
v 0.068325097202281998 0.33442030531432598 0.14841391519555
v 0.068325097202281998 0.33442030531432598 0.16705473299582799
v 0.068325097202281998 0.33442030531432598 0.185695550796106
v 0.068325097202281998 0.33442030531432598 0.20433636859638399
v 0.068325097202281998 0.33442030531432598 0.222977186396662
v 0.068325097202281998 0.315779487514048 0.29754045759777498
v 0.068325097202281998 0.33442030531432598 0.29754045759777498
v 0.068325097202281998 0.33442030531432598 0.31618127539805302
v 0.068325097202281998 0.33442030531432598 0.33482209319833101
v 0.068325097202281998 0.33442030531432598 0.35346291099860899
v 0.0496842794020039 0.315779487514048 0.37210372879888698
v 0.068325097202281998 0.315779487514048 0.37210372879888698
v 0.068325097202281998 0.33442030531432598 0.37210372879888698
v 0.0496842794020039 0.33442030531432598 0.37210372879888698
v 0.068325097202281998 0.35306112311460403 0.073850643994437096
v 0.068325097202281998 0.35306112311460403 0.092491461794715193
v 0.068325097202281998 0.35306112311460403 0.111132279594993
v 0.068325097202281998 0.35306112311460403 0.12977309739527201
v 0.068325097202281998 0.35306112311460403 0.14841391519555
v 0.068325097202281998 0.35306112311460403 0.16705473299582799
v 0.068325097202281998 0.35306112311460403 0.185695550796106
v 0.068325097202281998 0.35306112311460403 0.20433636859638399
v 0.068325097202281998 0.35306112311460403 0.222977186396662
v 0.068325097202281998 0.35306112311460403 0.31618127539805302
v 0.0496842794020039 0.35306112311460403 0.31618127539805302
v 0.068325097202281998 0.35306112311460403 0.33482209319833101
v 0.0496842794020039 0.35306112311460403 0.33482209319833101
v 0.068325097202281998 0.35306112311460403 0.35346291099860899
v 0.0496842794020039 0.35306112311460403 0.35346291099860899
v 0.068325097202281998 0.37170194091488301 0.092491461794715193
v 0.068325097202281998 0.37170194091488301 0.111132279594993
v 0.068325097202281998 0.37170194091488301 0.12977309739527201
v 0.068325097202281998 0.37170194091488301 0.14841391519555
v 0.068325097202281998 0.37170194091488301 0.16705473299582799
v 0.068325097202281998 0.37170194091488301 0.185695550796106
v 0.068325097202281998 0.37170194091488301 0.20433636859638399
v 0.068325097202281998 0.37170194091488301 0.222977186396662
v 0.068325097202281998 0.390342758715161 0.111132279594993
v 0.068325097202281998 0.390342758715161 0.12977309739527201
v 0.068325097202281998 0.390342758715161 0.14841391519555
v 0.068325097202281998 0.390342758715161 0.16705473299582799
v 0.068325097202281998 0.390342758715161 0.185695550796106
v 0.068325097202281998 0.390342758715161 0.20433636859638399
v 0.068325097202281998 0.40898357651543898 0.16705473299582799
v 0.068325097202281998 0.40898357651543898 0.185695550796106
v 0.068325097202281998 0.44626521211599501 0.222977186396662
v 0.068325097202281998 0.464906029916273 0.222977186396662
v 0.068325097202281998 0.44626521211599501 0.24161800419693999
v 0.068325097202281998 0.464906029916273 0.24161800419693999
v 0.0496842794020039 0.44626521211599501 0.260258821997219
v 0.068325097202281998 0.44626521211599501 0.260258821997219
v 0.068325097202281998 0.464906029916273 0.260258821997219
v 0.068325097202281998 0.464906029916273 0.20433636859638399
v 0.068325097202281998 0.48354684771655099 0.20433636859638399
v 0.068325097202281998 0.48354684771655099 0.222977186396662
v 0.068325097202281998 0.48354684771655099 0.24161800419693999
v 0.068325097202281998 0.48354684771655099 0.260258821997219
v 0.068325097202281998 0.464906029916273 0.27889963979749699
v 0.068325097202281998 0.48354684771655099 0.27889963979749699
v 0.0496842794020039 0.464906029916273 0.29754045759777498
v 0.068325097202281998 0.464906029916273 0.29754045759777498
v 0.068325097202281998 0.48354684771655099 0.29754045759777498
v 0.0496842794020039 0.48354684771655099 0.29754045759777498
v 0.068325097202281998 0.50218766551682903 0.20433636859638399
v 0.068325097202281998 0.50218766551682903 0.222977186396662
v 0.068325097202281998 0.50218766551682903 0.24161800419693999
v 0.068325097202281998 0.50218766551682903 0.260258821997219
v 0.068325097202281998 0.50218766551682903 0.27889963979749699
v 0.068325097202281998 0.50218766551682903 0.29754045759777498
v 0.0496842794020039 0.50218766551682903 0.29754045759777498
v 0.068325097202281998 0.52082848331710796 0.20433636859638399
v 0.068325097202281998 0.52082848331710796 0.222977186396662
v 0.068325097202281998 0.52082848331710796 0.24161800419693999
v 0.068325097202281998 0.52082848331710796 0.260258821997219
v 0.068325097202281998 0.52082848331710796 0.27889963979749699
v 0.068325097202281998 0.52082848331710796 0.29754045759777498
v 0.0496842794020039 0.52082848331710796 0.29754045759777498
v 0.068325097202281998 0.539469301117386 0.24161800419693999
v 0.0496842794020039 0.539469301117386 0.24161800419693999
v 0.068325097202281998 0.539469301117386 0.260258821997219
v 0.0496842794020039 0.539469301117386 0.260258821997219
v 0.068325097202281998 -0.29936749989513101 0.185695550796106
v 0.086965915002560207 -0.29936749989513101 0.185695550796106
v 0.086965915002560207 -0.28072668209485302 0.185695550796106
v 0.086965915002560207 -0.29936749989513101 0.20433636859638399
v 0.086965915002560207 -0.28072668209485302 0.20433636859638399
v 0.086965915002560207 -0.29936749989513101 0.222977186396662
v 0.086965915002560207 -0.28072668209485302 0.222977186396662
v 0.086965915002560207 -0.29936749989513101 0.24161800419693999
v 0.086965915002560207 -0.28072668209485302 0.24161800419693999
v 0.068325097202281998 -0.29936749989513101 0.260258821997219
v 0.086965915002560207 -0.29936749989513101 0.260258821997219
v 0.086965915002560207 -0.28072668209485302 0.260258821997219
v 0.068325097202281998 -0.28072668209485302 0.14841391519555
v 0.086965915002560207 -0.28072668209485302 0.14841391519555
v 0.086965915002560207 -0.26208586429457498 0.14841391519555
v 0.086965915002560207 -0.28072668209485302 0.16705473299582799
v 0.086965915002560207 -0.26208586429457498 0.16705473299582799
v 0.086965915002560207 -0.26208586429457498 0.185695550796106
v 0.086965915002560207 -0.26208586429457498 0.20433636859638399
v 0.086965915002560207 -0.26208586429457498 0.222977186396662
v 0.086965915002560207 -0.26208586429457498 0.24161800419693999
v 0.086965915002560207 -0.26208586429457498 0.260258821997219
v 0.086965915002560207 -0.28072668209485302 0.27889963979749699
v 0.086965915002560207 -0.26208586429457498 0.27889963979749699
v 0.068325097202281998 -0.28072668209485302 0.29754045759777498
v 0.086965915002560207 -0.28072668209485302 0.29754045759777498
v 0.086965915002560207 -0.26208586429457498 0.29754045759777498
v 0.086965915002560207 -0.24344504649429599 0.14841391519555
v 0.086965915002560207 -0.24344504649429599 0.16705473299582799
v 0.086965915002560207 -0.24344504649429599 0.185695550796106
v 0.086965915002560207 -0.24344504649429599 0.20433636859638399
v 0.086965915002560207 -0.24344504649429599 0.222977186396662
v 0.086965915002560207 -0.24344504649429599 0.24161800419693999
v 0.086965915002560207 -0.24344504649429599 0.260258821997219
v 0.086965915002560207 -0.24344504649429599 0.27889963979749699
v 0.086965915002560207 -0.24344504649429599 0.29754045759777498
v 0.068325097202281998 -0.24344504649429599 0.12977309739527201
v 0.086965915002560207 -0.24344504649429599 0.12977309739527201
v 0.086965915002560207 -0.224804228694018 0.12977309739527201
v 0.086965915002560207 -0.224804228694018 0.14841391519555
v 0.086965915002560207 -0.224804228694018 0.16705473299582799
v 0.086965915002560207 -0.224804228694018 0.185695550796106
v 0.086965915002560207 -0.224804228694018 0.20433636859638399
v 0.086965915002560207 -0.224804228694018 0.222977186396662
v 0.086965915002560207 -0.224804228694018 0.24161800419693999
v 0.086965915002560207 -0.224804228694018 0.260258821997219
v 0.086965915002560207 -0.224804228694018 0.27889963979749699
v 0.086965915002560207 -0.224804228694018 0.29754045759777498
v 0.086965915002560207 -0.20616341089373999 0.12977309739527201
v 0.086965915002560207 -0.20616341089373999 0.14841391519555
v 0.086965915002560207 -0.20616341089373999 0.16705473299582799
v 0.086965915002560207 -0.20616341089373999 0.185695550796106
v 0.086965915002560207 -0.20616341089373999 0.20433636859638399
v 0.086965915002560207 -0.20616341089373999 0.222977186396662
v 0.086965915002560207 -0.20616341089373999 0.24161800419693999
v 0.086965915002560207 -0.20616341089373999 0.260258821997219
v 0.086965915002560207 -0.20616341089373999 0.27889963979749699
v 0.086965915002560207 -0.20616341089373999 0.29754045759777498
v 0.086965915002560207 -0.187522593093462 0.12977309739527201
v 0.086965915002560207 -0.187522593093462 0.14841391519555
v 0.086965915002560207 -0.187522593093462 0.16705473299582799
v 0.086965915002560207 -0.187522593093462 0.185695550796106
v 0.086965915002560207 -0.187522593093462 0.20433636859638399
v 0.086965915002560207 -0.187522593093462 0.222977186396662
v 0.086965915002560207 -0.187522593093462 0.24161800419693999
v 0.086965915002560207 -0.187522593093462 0.260258821997219
v 0.086965915002560207 -0.187522593093462 0.27889963979749699
v 0.086965915002560207 -0.187522593093462 0.29754045759777498
v 0.068325097202281998 -0.20616341089373999 0.31618127539805302
v 0.086965915002560207 -0.20616341089373999 0.31618127539805302
v 0.086965915002560207 -0.187522593093462 0.31618127539805302
v 0.068325097202281998 -0.187522593093462 0.31618127539805302
v 0.086965915002560207 -0.16888177529318399 0.12977309739527201
v 0.086965915002560207 -0.16888177529318399 0.14841391519555
v 0.086965915002560207 -0.16888177529318399 0.16705473299582799
v 0.086965915002560207 -0.16888177529318399 0.185695550796106
v 0.086965915002560207 -0.16888177529318399 0.20433636859638399
v 0.086965915002560207 -0.16888177529318399 0.222977186396662
v 0.086965915002560207 -0.16888177529318399 0.24161800419693999
v 0.086965915002560207 -0.16888177529318399 0.260258821997219
v 0.086965915002560207 -0.16888177529318399 0.27889963979749699
v 0.086965915002560207 -0.16888177529318399 0.29754045759777498
v 0.086965915002560207 -0.16888177529318399 0.31618127539805302
v 0.068325097202281998 -0.16888177529318399 0.31618127539805302
v 0.086965915002560207 -0.150240957492906 0.14841391519555
v 0.086965915002560207 -0.150240957492906 0.16705473299582799
v 0.086965915002560207 -0.150240957492906 0.185695550796106
v 0.086965915002560207 -0.150240957492906 0.20433636859638399
v 0.086965915002560207 -0.150240957492906 0.222977186396662
v 0.086965915002560207 -0.150240957492906 0.24161800419693999
v 0.086965915002560207 -0.150240957492906 0.260258821997219
v 0.086965915002560207 -0.150240957492906 0.27889963979749699
v 0.086965915002560207 -0.150240957492906 0.29754045759777498
v 0.086965915002560207 -0.13160013969262799 0.14841391519555
v 0.086965915002560207 -0.13160013969262799 0.16705473299582799
v 0.086965915002560207 -0.13160013969262799 0.185695550796106
v 0.086965915002560207 -0.13160013969262799 0.20433636859638399
v 0.086965915002560207 -0.13160013969262799 0.222977186396662
v 0.086965915002560207 -0.13160013969262799 0.24161800419693999
v 0.086965915002560207 -0.13160013969262799 0.260258821997219
v 0.086965915002560207 -0.13160013969262799 0.27889963979749699
v 0.086965915002560207 -0.13160013969262799 0.29754045759777498
v 0.086965915002560207 -0.112959321892349 0.16705473299582799
v 0.086965915002560207 -0.112959321892349 0.185695550796106
v 0.086965915002560207 -0.112959321892349 0.20433636859638399
v 0.086965915002560207 -0.112959321892349 0.222977186396662
v 0.086965915002560207 -0.112959321892349 0.24161800419693999
v 0.086965915002560207 -0.112959321892349 0.260258821997219
v 0.086965915002560207 -0.112959321892349 0.27889963979749699
v 0.068325097202281998 -0.112959321892349 0.27889963979749699
v 0.086965915002560207 -0.094318504092071306 0.185695550796106
v 0.086965915002560207 -0.094318504092071306 0.20433636859638399
v 0.086965915002560207 -0.094318504092071306 0.222977186396662
v 0.086965915002560207 -0.075677686291793098 0.185695550796106
v 0.068325097202281998 -0.075677686291793098 0.185695550796106
v 0.086965915002560207 -0.075677686291793098 0.20433636859638399
v 0.068325097202281998 -0.075677686291793098 0.20433636859638399
v 0.086965915002560207 -0.038396050691236798 0.16705473299582799
v 0.086965915002560207 -0.0197552328909587 0.16705473299582799
v 0.086965915002560207 -0.038396050691236798 0.185695550796106
v 0.086965915002560207 -0.0197552328909587 0.185695550796106
v 0.068325097202281998 -0.0197552328909587 0.12977309739527201
v 0.086965915002560207 -0.0197552328909587 0.12977309739527201
v 0.086965915002560207 -0.0011144150906804999 0.12977309739527201
v 0.086965915002560207 -0.0197552328909587 0.14841391519555
v 0.086965915002560207 -0.0011144150906804999 0.14841391519555
v 0.086965915002560207 -0.0011144150906804999 0.16705473299582799
v 0.086965915002560207 -0.0011144150906804999 0.185695550796106
v 0.086965915002560207 -0.0197552328909587 0.20433636859638399
v 0.086965915002560207 -0.0011144150906804999 0.20433636859638399
v 0.068325097202281998 -0.0197552328909587 0.222977186396662
v 0.086965915002560207 -0.0197552328909587 0.222977186396662
v 0.086965915002560207 -0.0011144150906804999 0.222977186396662
v 0.068325097202281998 -0.0197552328909587 0.24161800419693999
v 0.086965915002560207 -0.0197552328909587 0.24161800419693999
v 0.086965915002560207 -0.0011144150906804999 0.24161800419693999
v 0.086965915002560207 -0.0011144150906804999 0.111132279594993
v 0.086965915002560207 0.0175264027095977 0.111132279594993
v 0.086965915002560207 0.0175264027095977 0.12977309739527201
v 0.086965915002560207 0.0175264027095977 0.14841391519555
v 0.086965915002560207 0.0175264027095977 0.16705473299582799
v 0.086965915002560207 0.0175264027095977 0.185695550796106
v 0.086965915002560207 0.0175264027095977 0.20433636859638399
v 0.086965915002560207 0.0175264027095977 0.222977186396662
v 0.086965915002560207 0.0175264027095977 0.24161800419693999
v 0.086965915002560207 0.0175264027095977 0.092491461794715193
v 0.086965915002560207 0.036167220509875801 0.092491461794715193
v 0.086965915002560207 0.036167220509875801 0.111132279594993
v 0.086965915002560207 0.036167220509875801 0.12977309739527201
v 0.086965915002560207 0.036167220509875801 0.14841391519555
v 0.086965915002560207 0.036167220509875801 0.16705473299582799
v 0.086965915002560207 0.036167220509875801 0.185695550796106
v 0.086965915002560207 0.036167220509875801 0.20433636859638399
v 0.086965915002560207 0.036167220509875801 0.222977186396662
v 0.086965915002560207 0.036167220509875801 0.24161800419693999
v 0.068325097202281998 0.0175264027095977 0.260258821997219
v 0.086965915002560207 0.0175264027095977 0.260258821997219
v 0.086965915002560207 0.036167220509875801 0.260258821997219
v 0.086965915002560207 0.054808038310153899 0.092491461794715193
v 0.086965915002560207 0.054808038310153899 0.111132279594993
v 0.086965915002560207 0.054808038310153899 0.12977309739527201
v 0.086965915002560207 0.054808038310153899 0.14841391519555
v 0.086965915002560207 0.054808038310153899 0.16705473299582799
v 0.086965915002560207 0.054808038310153899 0.185695550796106
v 0.086965915002560207 0.054808038310153899 0.20433636859638399
v 0.086965915002560207 0.054808038310153899 0.222977186396662
v 0.086965915002560207 0.054808038310153899 0.24161800419693999
v 0.086965915002560207 0.054808038310153899 0.260258821997219
v 0.086965915002560207 0.054808038310153899 0.073850643994437096
v 0.086965915002560207 0.073448856110432101 0.073850643994437096
v 0.086965915002560207 0.073448856110432101 0.092491461794715193
v 0.086965915002560207 0.073448856110432101 0.111132279594993
v 0.086965915002560207 0.073448856110432101 0.12977309739527201
v 0.086965915002560207 0.073448856110432101 0.14841391519555
v 0.086965915002560207 0.073448856110432101 0.16705473299582799
v 0.086965915002560207 0.073448856110432101 0.185695550796106
v 0.086965915002560207 0.073448856110432101 0.20433636859638399
v 0.086965915002560207 0.073448856110432101 0.222977186396662
v 0.086965915002560207 0.073448856110432101 0.24161800419693999
v 0.086965915002560207 0.073448856110432101 0.260258821997219
v 0.086965915002560207 0.092089673910710199 0.073850643994437096
v 0.086965915002560207 0.092089673910710199 0.092491461794715193
v 0.086965915002560207 0.092089673910710199 0.111132279594993
v 0.086965915002560207 0.092089673910710199 0.12977309739527201
v 0.086965915002560207 0.092089673910710199 0.14841391519555
v 0.086965915002560207 0.092089673910710199 0.16705473299582799
v 0.086965915002560207 0.092089673910710199 0.185695550796106
v 0.086965915002560207 0.092089673910710199 0.20433636859638399
v 0.086965915002560207 0.092089673910710199 0.222977186396662
v 0.086965915002560207 0.092089673910710199 0.24161800419693999
v 0.086965915002560207 0.092089673910710199 0.260258821997219
v 0.086965915002560207 0.110730491710988 0.092491461794715193
v 0.086965915002560207 0.110730491710988 0.111132279594993
v 0.086965915002560207 0.110730491710988 0.12977309739527201
v 0.086965915002560207 0.110730491710988 0.14841391519555
v 0.086965915002560207 0.110730491710988 0.16705473299582799
v 0.086965915002560207 0.110730491710988 0.185695550796106
v 0.086965915002560207 0.110730491710988 0.20433636859638399
v 0.086965915002560207 0.110730491710988 0.222977186396662
v 0.086965915002560207 0.110730491710988 0.24161800419693999
v 0.086965915002560207 0.110730491710988 0.260258821997219
v 0.086965915002560207 0.12937130951126699 0.092491461794715193
v 0.086965915002560207 0.12937130951126699 0.111132279594993
v 0.086965915002560207 0.12937130951126699 0.12977309739527201
v 0.086965915002560207 0.12937130951126699 0.14841391519555
v 0.086965915002560207 0.12937130951126699 0.16705473299582799
v 0.086965915002560207 0.12937130951126699 0.185695550796106
v 0.086965915002560207 0.12937130951126699 0.20433636859638399
v 0.086965915002560207 0.12937130951126699 0.222977186396662
v 0.086965915002560207 0.12937130951126699 0.24161800419693999
v 0.086965915002560207 0.14801212731154501 0.111132279594993
v 0.086965915002560207 0.14801212731154501 0.12977309739527201
v 0.086965915002560207 0.14801212731154501 0.14841391519555
v 0.086965915002560207 0.14801212731154501 0.16705473299582799
v 0.086965915002560207 0.14801212731154501 0.185695550796106
v 0.086965915002560207 0.14801212731154501 0.20433636859638399
v 0.086965915002560207 0.14801212731154501 0.222977186396662
v 0.068325097202281998 0.22257539851265701 0.111132279594993
v 0.086965915002560207 0.22257539851265701 0.111132279594993
v 0.086965915002560207 0.24121621631293499 0.111132279594993
v 0.068325097202281998 0.22257539851265701 0.12977309739527201
v 0.086965915002560207 0.22257539851265701 0.12977309739527201
v 0.086965915002560207 0.24121621631293499 0.12977309739527201
v 0.068325097202281998 0.22257539851265701 0.14841391519555
v 0.086965915002560207 0.22257539851265701 0.14841391519555
v 0.086965915002560207 0.24121621631293499 0.14841391519555
v 0.068325097202281998 0.22257539851265701 0.16705473299582799
v 0.086965915002560207 0.22257539851265701 0.16705473299582799
v 0.086965915002560207 0.24121621631293499 0.16705473299582799
v 0.068325097202281998 0.22257539851265701 0.185695550796106
v 0.086965915002560207 0.22257539851265701 0.185695550796106
v 0.086965915002560207 0.24121621631293499 0.185695550796106
v 0.068325097202281998 0.24121621631293499 0.092491461794715193
v 0.086965915002560207 0.24121621631293499 0.092491461794715193
v 0.086965915002560207 0.25985703411321398 0.092491461794715193
v 0.086965915002560207 0.25985703411321398 0.111132279594993
v 0.086965915002560207 0.25985703411321398 0.12977309739527201
v 0.086965915002560207 0.25985703411321398 0.14841391519555
v 0.086965915002560207 0.25985703411321398 0.16705473299582799
v 0.086965915002560207 0.25985703411321398 0.185695550796106
v 0.086965915002560207 0.24121621631293499 0.20433636859638399
v 0.086965915002560207 0.25985703411321398 0.20433636859638399
v 0.068325097202281998 0.25985703411321398 0.073850643994437096
v 0.086965915002560207 0.25985703411321398 0.073850643994437096
v 0.086965915002560207 0.27849785191349202 0.073850643994437096
v 0.086965915002560207 0.27849785191349202 0.092491461794715193
v 0.086965915002560207 0.27849785191349202 0.111132279594993
v 0.086965915002560207 0.27849785191349202 0.12977309739527201
v 0.086965915002560207 0.27849785191349202 0.14841391519555
v 0.086965915002560207 0.27849785191349202 0.16705473299582799
v 0.086965915002560207 0.27849785191349202 0.185695550796106
v 0.086965915002560207 0.27849785191349202 0.20433636859638399
v 0.086965915002560207 0.25985703411321398 0.222977186396662
v 0.086965915002560207 0.27849785191349202 0.222977186396662
v 0.086965915002560207 0.29713866971377001 0.073850643994437096
v 0.086965915002560207 0.29713866971377001 0.092491461794715193
v 0.086965915002560207 0.29713866971377001 0.111132279594993
v 0.086965915002560207 0.29713866971377001 0.12977309739527201
v 0.086965915002560207 0.29713866971377001 0.14841391519555
v 0.086965915002560207 0.29713866971377001 0.16705473299582799
v 0.086965915002560207 0.29713866971377001 0.185695550796106
v 0.086965915002560207 0.29713866971377001 0.20433636859638399
v 0.086965915002560207 0.29713866971377001 0.222977186396662
v 0.086965915002560207 0.315779487514048 0.073850643994437096
v 0.086965915002560207 0.315779487514048 0.092491461794715193
v 0.086965915002560207 0.315779487514048 0.111132279594993
v 0.086965915002560207 0.315779487514048 0.12977309739527201
v 0.086965915002560207 0.315779487514048 0.14841391519555
v 0.086965915002560207 0.315779487514048 0.16705473299582799
v 0.086965915002560207 0.315779487514048 0.185695550796106
v 0.086965915002560207 0.315779487514048 0.20433636859638399
v 0.086965915002560207 0.315779487514048 0.222977186396662
v 0.086965915002560207 0.29713866971377001 0.31618127539805302
v 0.086965915002560207 0.315779487514048 0.31618127539805302
v 0.086965915002560207 0.29713866971377001 0.33482209319833101
v 0.086965915002560207 0.315779487514048 0.33482209319833101
v 0.086965915002560207 0.29713866971377001 0.35346291099860899
v 0.086965915002560207 0.315779487514048 0.35346291099860899
v 0.086965915002560207 0.33442030531432598 0.073850643994437096
v 0.086965915002560207 0.33442030531432598 0.092491461794715193
v 0.086965915002560207 0.33442030531432598 0.111132279594993
v 0.086965915002560207 0.33442030531432598 0.12977309739527201
v 0.086965915002560207 0.33442030531432598 0.14841391519555
v 0.086965915002560207 0.33442030531432598 0.16705473299582799
v 0.086965915002560207 0.33442030531432598 0.185695550796106
v 0.086965915002560207 0.33442030531432598 0.20433636859638399
v 0.086965915002560207 0.33442030531432598 0.222977186396662
v 0.086965915002560207 0.33442030531432598 0.31618127539805302
v 0.086965915002560207 0.33442030531432598 0.33482209319833101
v 0.086965915002560207 0.33442030531432598 0.35346291099860899
v 0.086965915002560207 0.315779487514048 0.37210372879888698
v 0.086965915002560207 0.33442030531432598 0.37210372879888698
v 0.068325097202281998 0.315779487514048 0.39074454659916602
v 0.086965915002560207 0.315779487514048 0.39074454659916602
v 0.086965915002560207 0.33442030531432598 0.39074454659916602
v 0.068325097202281998 0.33442030531432598 0.39074454659916602
v 0.086965915002560207 0.35306112311460403 0.092491461794715193
v 0.086965915002560207 0.35306112311460403 0.111132279594993
v 0.086965915002560207 0.35306112311460403 0.12977309739527201
v 0.086965915002560207 0.35306112311460403 0.14841391519555
v 0.086965915002560207 0.35306112311460403 0.16705473299582799
v 0.086965915002560207 0.35306112311460403 0.185695550796106
v 0.086965915002560207 0.35306112311460403 0.20433636859638399
v 0.086965915002560207 0.35306112311460403 0.222977186396662
v 0.086965915002560207 0.35306112311460403 0.31618127539805302
v 0.086965915002560207 0.35306112311460403 0.33482209319833101
v 0.086965915002560207 0.35306112311460403 0.35346291099860899
v 0.086965915002560207 0.35306112311460403 0.37210372879888698
v 0.068325097202281998 0.35306112311460403 0.37210372879888698
v 0.086965915002560207 0.37170194091488301 0.111132279594993
v 0.086965915002560207 0.37170194091488301 0.12977309739527201
v 0.086965915002560207 0.37170194091488301 0.14841391519555
v 0.086965915002560207 0.37170194091488301 0.16705473299582799
v 0.086965915002560207 0.37170194091488301 0.185695550796106
v 0.086965915002560207 0.37170194091488301 0.20433636859638399
v 0.086965915002560207 0.390342758715161 0.12977309739527201
v 0.086965915002560207 0.390342758715161 0.14841391519555
v 0.086965915002560207 0.390342758715161 0.16705473299582799
v 0.086965915002560207 0.390342758715161 0.185695550796106
v 0.086965915002560207 0.44626521211599501 0.222977186396662
v 0.086965915002560207 0.464906029916273 0.222977186396662
v 0.086965915002560207 0.44626521211599501 0.24161800419693999
v 0.086965915002560207 0.464906029916273 0.24161800419693999
v 0.086965915002560207 0.44626521211599501 0.260258821997219
v 0.086965915002560207 0.464906029916273 0.260258821997219
v 0.068325097202281998 0.44626521211599501 0.27889963979749699
v 0.086965915002560207 0.44626521211599501 0.27889963979749699
v 0.086965915002560207 0.464906029916273 0.27889963979749699
v 0.068325097202281998 0.44626521211599501 0.29754045759777498
v 0.086965915002560207 0.44626521211599501 0.29754045759777498
v 0.086965915002560207 0.464906029916273 0.29754045759777498
v 0.086965915002560207 0.48354684771655099 0.222977186396662
v 0.086965915002560207 0.48354684771655099 0.24161800419693999
v 0.086965915002560207 0.48354684771655099 0.260258821997219
v 0.086965915002560207 0.48354684771655099 0.27889963979749699
v 0.086965915002560207 0.48354684771655099 0.29754045759777498
v 0.068325097202281998 0.464906029916273 0.31618127539805302
v 0.086965915002560207 0.464906029916273 0.31618127539805302
v 0.086965915002560207 0.48354684771655099 0.31618127539805302
v 0.068325097202281998 0.48354684771655099 0.31618127539805302
v 0.086965915002560207 0.48354684771655099 0.20433636859638399
v 0.086965915002560207 0.50218766551682903 0.20433636859638399
v 0.086965915002560207 0.50218766551682903 0.222977186396662
v 0.086965915002560207 0.50218766551682903 0.24161800419693999
v 0.086965915002560207 0.50218766551682903 0.260258821997219
v 0.086965915002560207 0.50218766551682903 0.27889963979749699
v 0.086965915002560207 0.50218766551682903 0.29754045759777498
v 0.086965915002560207 0.50218766551682903 0.31618127539805302
v 0.068325097202281998 0.50218766551682903 0.31618127539805302
v 0.086965915002560207 0.52082848331710796 0.222977186396662
v 0.086965915002560207 0.52082848331710796 0.24161800419693999
v 0.086965915002560207 0.52082848331710796 0.260258821997219
v 0.086965915002560207 0.52082848331710796 0.27889963979749699
v 0.086965915002560207 0.52082848331710796 0.29754045759777498
v 0.086965915002560207 0.52082848331710796 0.31618127539805302
v 0.068325097202281998 0.52082848331710796 0.31618127539805302
v 0.086965915002560207 0.539469301117386 0.24161800419693999
v 0.086965915002560207 0.539469301117386 0.260258821997219
v 0.086965915002560207 0.539469301117386 0.27889963979749699
v 0.068325097202281998 0.539469301117386 0.27889963979749699
v 0.086965915002560207 -0.29936749989513101 0.16705473299582799
v 0.105606732802838 -0.29936749989513101 0.16705473299582799
v 0.105606732802838 -0.28072668209485302 0.16705473299582799
v 0.105606732802838 -0.29936749989513101 0.185695550796106
v 0.105606732802838 -0.28072668209485302 0.185695550796106
v 0.105606732802838 -0.29936749989513101 0.20433636859638399
v 0.105606732802838 -0.28072668209485302 0.20433636859638399
v 0.105606732802838 -0.29936749989513101 0.222977186396662
v 0.105606732802838 -0.28072668209485302 0.222977186396662
v 0.105606732802838 -0.29936749989513101 0.24161800419693999
v 0.105606732802838 -0.28072668209485302 0.24161800419693999
v 0.105606732802838 -0.29936749989513101 0.260258821997219
v 0.105606732802838 -0.28072668209485302 0.260258821997219
v 0.086965915002560207 -0.29936749989513101 0.27889963979749699
v 0.105606732802838 -0.29936749989513101 0.27889963979749699
v 0.105606732802838 -0.28072668209485302 0.27889963979749699
v 0.105606732802838 -0.28072668209485302 0.14841391519555
v 0.105606732802838 -0.26208586429457498 0.14841391519555
v 0.105606732802838 -0.26208586429457498 0.16705473299582799
v 0.105606732802838 -0.26208586429457498 0.185695550796106
v 0.105606732802838 -0.26208586429457498 0.20433636859638399
v 0.105606732802838 -0.26208586429457498 0.222977186396662
v 0.105606732802838 -0.26208586429457498 0.24161800419693999
v 0.105606732802838 -0.26208586429457498 0.260258821997219
v 0.105606732802838 -0.26208586429457498 0.27889963979749699
v 0.105606732802838 -0.28072668209485302 0.29754045759777498
v 0.105606732802838 -0.26208586429457498 0.29754045759777498
v 0.105606732802838 -0.24344504649429599 0.14841391519555
v 0.105606732802838 -0.24344504649429599 0.16705473299582799
v 0.105606732802838 -0.24344504649429599 0.185695550796106
v 0.105606732802838 -0.24344504649429599 0.20433636859638399
v 0.105606732802838 -0.24344504649429599 0.222977186396662
v 0.105606732802838 -0.24344504649429599 0.24161800419693999
v 0.105606732802838 -0.24344504649429599 0.260258821997219
v 0.105606732802838 -0.24344504649429599 0.27889963979749699
v 0.105606732802838 -0.24344504649429599 0.29754045759777498
v 0.105606732802838 -0.24344504649429599 0.12977309739527201
v 0.105606732802838 -0.224804228694018 0.12977309739527201
v 0.105606732802838 -0.224804228694018 0.14841391519555
v 0.105606732802838 -0.224804228694018 0.16705473299582799
v 0.105606732802838 -0.224804228694018 0.185695550796106
v 0.105606732802838 -0.224804228694018 0.20433636859638399
v 0.105606732802838 -0.224804228694018 0.222977186396662
v 0.105606732802838 -0.224804228694018 0.24161800419693999
v 0.105606732802838 -0.224804228694018 0.260258821997219
v 0.105606732802838 -0.224804228694018 0.27889963979749699
v 0.105606732802838 -0.224804228694018 0.29754045759777498
v 0.086965915002560207 -0.24344504649429599 0.31618127539805302
v 0.105606732802838 -0.24344504649429599 0.31618127539805302
v 0.105606732802838 -0.224804228694018 0.31618127539805302
v 0.086965915002560207 -0.224804228694018 0.31618127539805302
v 0.086965915002560207 -0.224804228694018 0.111132279594993
v 0.105606732802838 -0.224804228694018 0.111132279594993
v 0.105606732802838 -0.20616341089373999 0.111132279594993
v 0.086965915002560207 -0.20616341089373999 0.111132279594993
v 0.105606732802838 -0.20616341089373999 0.12977309739527201
v 0.105606732802838 -0.20616341089373999 0.14841391519555
v 0.105606732802838 -0.20616341089373999 0.16705473299582799
v 0.105606732802838 -0.20616341089373999 0.185695550796106
v 0.105606732802838 -0.20616341089373999 0.20433636859638399
v 0.105606732802838 -0.20616341089373999 0.222977186396662
v 0.105606732802838 -0.20616341089373999 0.24161800419693999
v 0.105606732802838 -0.20616341089373999 0.260258821997219
v 0.105606732802838 -0.20616341089373999 0.27889963979749699
v 0.105606732802838 -0.20616341089373999 0.29754045759777498
v 0.105606732802838 -0.20616341089373999 0.31618127539805302
v 0.105606732802838 -0.187522593093462 0.111132279594993
v 0.086965915002560207 -0.187522593093462 0.111132279594993
v 0.105606732802838 -0.187522593093462 0.12977309739527201
v 0.105606732802838 -0.187522593093462 0.14841391519555
v 0.105606732802838 -0.187522593093462 0.16705473299582799
v 0.105606732802838 -0.187522593093462 0.185695550796106
v 0.105606732802838 -0.187522593093462 0.20433636859638399
v 0.105606732802838 -0.187522593093462 0.222977186396662
v 0.105606732802838 -0.187522593093462 0.24161800419693999
v 0.105606732802838 -0.187522593093462 0.260258821997219
v 0.105606732802838 -0.187522593093462 0.27889963979749699
v 0.105606732802838 -0.187522593093462 0.29754045759777498
v 0.105606732802838 -0.187522593093462 0.31618127539805302
v 0.105606732802838 -0.16888177529318399 0.12977309739527201
v 0.105606732802838 -0.16888177529318399 0.14841391519555
v 0.105606732802838 -0.16888177529318399 0.16705473299582799
v 0.105606732802838 -0.16888177529318399 0.185695550796106
v 0.105606732802838 -0.16888177529318399 0.20433636859638399
v 0.105606732802838 -0.16888177529318399 0.222977186396662
v 0.105606732802838 -0.16888177529318399 0.24161800419693999
v 0.105606732802838 -0.16888177529318399 0.260258821997219
v 0.105606732802838 -0.16888177529318399 0.27889963979749699
v 0.105606732802838 -0.16888177529318399 0.29754045759777498
v 0.105606732802838 -0.16888177529318399 0.31618127539805302
v 0.105606732802838 -0.150240957492906 0.14841391519555
v 0.105606732802838 -0.150240957492906 0.16705473299582799
v 0.105606732802838 -0.150240957492906 0.185695550796106
v 0.105606732802838 -0.150240957492906 0.20433636859638399
v 0.105606732802838 -0.150240957492906 0.222977186396662
v 0.105606732802838 -0.150240957492906 0.24161800419693999
v 0.105606732802838 -0.150240957492906 0.260258821997219
v 0.105606732802838 -0.150240957492906 0.27889963979749699
v 0.105606732802838 -0.150240957492906 0.29754045759777498
v 0.105606732802838 -0.150240957492906 0.31618127539805302
v 0.086965915002560207 -0.150240957492906 0.31618127539805302
v 0.105606732802838 -0.13160013969262799 0.14841391519555
v 0.105606732802838 -0.13160013969262799 0.16705473299582799
v 0.105606732802838 -0.13160013969262799 0.185695550796106
v 0.105606732802838 -0.13160013969262799 0.20433636859638399
v 0.105606732802838 -0.13160013969262799 0.222977186396662
v 0.105606732802838 -0.13160013969262799 0.24161800419693999
v 0.105606732802838 -0.13160013969262799 0.260258821997219
v 0.105606732802838 -0.13160013969262799 0.27889963979749699
v 0.105606732802838 -0.13160013969262799 0.29754045759777498
v 0.105606732802838 -0.13160013969262799 0.31618127539805302
v 0.086965915002560207 -0.13160013969262799 0.31618127539805302
v 0.105606732802838 -0.112959321892349 0.16705473299582799
v 0.105606732802838 -0.112959321892349 0.185695550796106
v 0.105606732802838 -0.112959321892349 0.20433636859638399
v 0.105606732802838 -0.112959321892349 0.222977186396662
v 0.105606732802838 -0.112959321892349 0.24161800419693999
v 0.105606732802838 -0.112959321892349 0.260258821997219
v 0.105606732802838 -0.112959321892349 0.27889963979749699
v 0.105606732802838 -0.112959321892349 0.29754045759777498
v 0.086965915002560207 -0.112959321892349 0.29754045759777498
v 0.105606732802838 -0.094318504092071306 0.185695550796106
v 0.105606732802838 -0.094318504092071306 0.20433636859638399
v 0.105606732802838 -0.094318504092071306 0.222977186396662
v 0.105606732802838 -0.094318504092071306 0.24161800419693999
v 0.086965915002560207 -0.094318504092071306 0.24161800419693999
v 0.105606732802838 -0.094318504092071306 0.260258821997219
v 0.086965915002560207 -0.094318504092071306 0.260258821997219
v 0.105606732802838 -0.094318504092071306 0.27889963979749699
v 0.086965915002560207 -0.094318504092071306 0.27889963979749699
v 0.105606732802838 -0.075677686291793098 0.185695550796106
v 0.105606732802838 -0.075677686291793098 0.20433636859638399
v 0.105606732802838 -0.075677686291793098 0.222977186396662
v 0.086965915002560207 -0.075677686291793098 0.222977186396662
v 0.105606732802838 -0.057036868491515 0.185695550796106
v 0.086965915002560207 -0.057036868491515 0.185695550796106
v 0.105606732802838 -0.057036868491515 0.20433636859638399
v 0.086965915002560207 -0.057036868491515 0.20433636859638399
v 0.086965915002560207 -0.057036868491515 0.16705473299582799
v 0.105606732802838 -0.057036868491515 0.16705473299582799
v 0.105606732802838 -0.038396050691236798 0.16705473299582799
v 0.105606732802838 -0.038396050691236798 0.185695550796106
v 0.105606732802838 -0.038396050691236798 0.20433636859638399
v 0.086965915002560207 -0.038396050691236798 0.20433636859638399
v 0.086965915002560207 -0.038396050691236798 0.12977309739527201
v 0.105606732802838 -0.038396050691236798 0.12977309739527201
v 0.105606732802838 -0.0197552328909587 0.12977309739527201
v 0.086965915002560207 -0.038396050691236798 0.14841391519555
v 0.105606732802838 -0.038396050691236798 0.14841391519555
v 0.105606732802838 -0.0197552328909587 0.14841391519555
v 0.105606732802838 -0.0197552328909587 0.16705473299582799
v 0.105606732802838 -0.0197552328909587 0.185695550796106
v 0.105606732802838 -0.0197552328909587 0.20433636859638399
v 0.086965915002560207 -0.038396050691236798 0.222977186396662
v 0.105606732802838 -0.038396050691236798 0.222977186396662
v 0.105606732802838 -0.0197552328909587 0.222977186396662
v 0.086965915002560207 -0.038396050691236798 0.24161800419693999
v 0.105606732802838 -0.038396050691236798 0.24161800419693999
v 0.105606732802838 -0.0197552328909587 0.24161800419693999
v 0.086965915002560207 -0.0197552328909587 0.111132279594993
v 0.105606732802838 -0.0197552328909587 0.111132279594993
v 0.105606732802838 -0.0011144150906804999 0.111132279594993
v 0.105606732802838 -0.0011144150906804999 0.12977309739527201
v 0.105606732802838 -0.0011144150906804999 0.14841391519555
v 0.105606732802838 -0.0011144150906804999 0.16705473299582799
v 0.105606732802838 -0.0011144150906804999 0.185695550796106
v 0.105606732802838 -0.0011144150906804999 0.20433636859638399
v 0.105606732802838 -0.0011144150906804999 0.222977186396662
v 0.105606732802838 -0.0011144150906804999 0.24161800419693999
v 0.086965915002560207 -0.0197552328909587 0.260258821997219
v 0.105606732802838 -0.0197552328909587 0.260258821997219
v 0.105606732802838 -0.0011144150906804999 0.260258821997219
v 0.086965915002560207 -0.0011144150906804999 0.260258821997219
v 0.086965915002560207 -0.0011144150906804999 0.092491461794715193
v 0.105606732802838 -0.0011144150906804999 0.092491461794715193
v 0.105606732802838 0.0175264027095977 0.092491461794715193
v 0.105606732802838 0.0175264027095977 0.111132279594993
v 0.105606732802838 0.0175264027095977 0.12977309739527201
v 0.105606732802838 0.0175264027095977 0.14841391519555
v 0.105606732802838 0.0175264027095977 0.16705473299582799
v 0.105606732802838 0.0175264027095977 0.185695550796106
v 0.105606732802838 0.0175264027095977 0.20433636859638399
v 0.105606732802838 0.0175264027095977 0.222977186396662
v 0.105606732802838 0.0175264027095977 0.24161800419693999
v 0.105606732802838 0.0175264027095977 0.260258821997219
v 0.105606732802838 0.036167220509875801 0.092491461794715193
v 0.105606732802838 0.036167220509875801 0.111132279594993
v 0.105606732802838 0.036167220509875801 0.12977309739527201
v 0.105606732802838 0.036167220509875801 0.14841391519555
v 0.105606732802838 0.036167220509875801 0.16705473299582799
v 0.105606732802838 0.036167220509875801 0.185695550796106
v 0.105606732802838 0.036167220509875801 0.20433636859638399
v 0.105606732802838 0.036167220509875801 0.222977186396662
v 0.105606732802838 0.036167220509875801 0.24161800419693999
v 0.105606732802838 0.036167220509875801 0.260258821997219
v 0.105606732802838 0.054808038310153899 0.092491461794715193
v 0.105606732802838 0.054808038310153899 0.111132279594993
v 0.105606732802838 0.054808038310153899 0.12977309739527201
v 0.105606732802838 0.054808038310153899 0.14841391519555
v 0.105606732802838 0.054808038310153899 0.16705473299582799
v 0.105606732802838 0.054808038310153899 0.185695550796106
v 0.105606732802838 0.054808038310153899 0.20433636859638399
v 0.105606732802838 0.054808038310153899 0.222977186396662
v 0.105606732802838 0.054808038310153899 0.24161800419693999
v 0.105606732802838 0.054808038310153899 0.260258821997219
v 0.105606732802838 0.073448856110432101 0.092491461794715193
v 0.105606732802838 0.073448856110432101 0.111132279594993
v 0.105606732802838 0.073448856110432101 0.12977309739527201
v 0.105606732802838 0.073448856110432101 0.14841391519555
v 0.105606732802838 0.073448856110432101 0.16705473299582799
v 0.105606732802838 0.073448856110432101 0.185695550796106
v 0.105606732802838 0.073448856110432101 0.20433636859638399
v 0.105606732802838 0.073448856110432101 0.222977186396662
v 0.105606732802838 0.073448856110432101 0.24161800419693999
v 0.105606732802838 0.073448856110432101 0.260258821997219
v 0.105606732802838 0.092089673910710199 0.092491461794715193
v 0.105606732802838 0.092089673910710199 0.111132279594993
v 0.105606732802838 0.092089673910710199 0.12977309739527201
v 0.105606732802838 0.092089673910710199 0.14841391519555
v 0.105606732802838 0.092089673910710199 0.16705473299582799
v 0.105606732802838 0.092089673910710199 0.185695550796106
v 0.105606732802838 0.092089673910710199 0.20433636859638399
v 0.105606732802838 0.092089673910710199 0.222977186396662
v 0.105606732802838 0.092089673910710199 0.24161800419693999
v 0.105606732802838 0.092089673910710199 0.260258821997219
v 0.105606732802838 0.110730491710988 0.092491461794715193
v 0.105606732802838 0.110730491710988 0.111132279594993
v 0.105606732802838 0.110730491710988 0.12977309739527201
v 0.105606732802838 0.110730491710988 0.14841391519555
v 0.105606732802838 0.110730491710988 0.16705473299582799
v 0.105606732802838 0.110730491710988 0.185695550796106
v 0.105606732802838 0.110730491710988 0.20433636859638399
v 0.105606732802838 0.110730491710988 0.222977186396662
v 0.105606732802838 0.110730491710988 0.24161800419693999
v 0.105606732802838 0.110730491710988 0.260258821997219
v 0.105606732802838 0.12937130951126699 0.111132279594993
v 0.105606732802838 0.12937130951126699 0.12977309739527201
v 0.105606732802838 0.12937130951126699 0.14841391519555
v 0.105606732802838 0.12937130951126699 0.16705473299582799
v 0.105606732802838 0.12937130951126699 0.185695550796106
v 0.105606732802838 0.12937130951126699 0.20433636859638399
v 0.105606732802838 0.12937130951126699 0.222977186396662
v 0.105606732802838 0.12937130951126699 0.24161800419693999
v 0.105606732802838 0.14801212731154501 0.12977309739527201
v 0.105606732802838 0.14801212731154501 0.14841391519555
v 0.105606732802838 0.14801212731154501 0.16705473299582799
v 0.105606732802838 0.14801212731154501 0.185695550796106
v 0.105606732802838 0.14801212731154501 0.20433636859638399
v 0.086965915002560207 0.20393458071237899 0.12977309739527201
v 0.105606732802838 0.20393458071237899 0.12977309739527201
v 0.105606732802838 0.22257539851265701 0.12977309739527201
v 0.086965915002560207 0.20393458071237899 0.14841391519555
v 0.105606732802838 0.20393458071237899 0.14841391519555
v 0.105606732802838 0.22257539851265701 0.14841391519555
v 0.086965915002560207 0.20393458071237899 0.16705473299582799
v 0.105606732802838 0.20393458071237899 0.16705473299582799
v 0.105606732802838 0.22257539851265701 0.16705473299582799
v 0.086965915002560207 0.20393458071237899 0.185695550796106
v 0.105606732802838 0.20393458071237899 0.185695550796106
v 0.105606732802838 0.22257539851265701 0.185695550796106
v 0.086965915002560207 0.22257539851265701 0.092491461794715193
v 0.105606732802838 0.22257539851265701 0.092491461794715193
v 0.105606732802838 0.24121621631293499 0.092491461794715193
v 0.105606732802838 0.22257539851265701 0.111132279594993
v 0.105606732802838 0.24121621631293499 0.111132279594993
v 0.105606732802838 0.24121621631293499 0.12977309739527201
v 0.105606732802838 0.24121621631293499 0.14841391519555
v 0.105606732802838 0.24121621631293499 0.16705473299582799
v 0.105606732802838 0.24121621631293499 0.185695550796106
v 0.086965915002560207 0.22257539851265701 0.20433636859638399
v 0.105606732802838 0.22257539851265701 0.20433636859638399
v 0.105606732802838 0.24121621631293499 0.20433636859638399
v 0.105606732802838 0.25985703411321398 0.092491461794715193
v 0.105606732802838 0.25985703411321398 0.111132279594993
v 0.105606732802838 0.25985703411321398 0.12977309739527201
v 0.105606732802838 0.25985703411321398 0.14841391519555
v 0.105606732802838 0.25985703411321398 0.16705473299582799
v 0.105606732802838 0.25985703411321398 0.185695550796106
v 0.105606732802838 0.25985703411321398 0.20433636859638399
v 0.086965915002560207 0.24121621631293499 0.222977186396662
v 0.105606732802838 0.24121621631293499 0.222977186396662
v 0.105606732802838 0.25985703411321398 0.222977186396662
v 0.105606732802838 0.25985703411321398 0.073850643994437096
v 0.105606732802838 0.27849785191349202 0.073850643994437096
v 0.105606732802838 0.27849785191349202 0.092491461794715193
v 0.105606732802838 0.27849785191349202 0.111132279594993
v 0.105606732802838 0.27849785191349202 0.12977309739527201
v 0.105606732802838 0.27849785191349202 0.14841391519555
v 0.105606732802838 0.27849785191349202 0.16705473299582799
v 0.105606732802838 0.27849785191349202 0.185695550796106
v 0.105606732802838 0.27849785191349202 0.20433636859638399
v 0.105606732802838 0.27849785191349202 0.222977186396662
v 0.105606732802838 0.29713866971377001 0.073850643994437096
v 0.105606732802838 0.29713866971377001 0.092491461794715193
v 0.105606732802838 0.29713866971377001 0.111132279594993
v 0.105606732802838 0.29713866971377001 0.12977309739527201
v 0.105606732802838 0.29713866971377001 0.14841391519555
v 0.105606732802838 0.29713866971377001 0.16705473299582799
v 0.105606732802838 0.29713866971377001 0.185695550796106
v 0.105606732802838 0.29713866971377001 0.20433636859638399
v 0.105606732802838 0.29713866971377001 0.222977186396662
v 0.105606732802838 0.315779487514048 0.073850643994437096
v 0.105606732802838 0.315779487514048 0.092491461794715193
v 0.105606732802838 0.315779487514048 0.111132279594993
v 0.105606732802838 0.315779487514048 0.12977309739527201
v 0.105606732802838 0.315779487514048 0.14841391519555
v 0.105606732802838 0.315779487514048 0.16705473299582799
v 0.105606732802838 0.315779487514048 0.185695550796106
v 0.105606732802838 0.315779487514048 0.20433636859638399
v 0.105606732802838 0.315779487514048 0.222977186396662
v 0.105606732802838 0.29713866971377001 0.31618127539805302
v 0.105606732802838 0.315779487514048 0.31618127539805302
v 0.105606732802838 0.29713866971377001 0.33482209319833101
v 0.105606732802838 0.315779487514048 0.33482209319833101
v 0.105606732802838 0.29713866971377001 0.35346291099860899
v 0.105606732802838 0.315779487514048 0.35346291099860899
v 0.086965915002560207 0.29713866971377001 0.37210372879888698
v 0.105606732802838 0.29713866971377001 0.37210372879888698
v 0.105606732802838 0.315779487514048 0.37210372879888698
v 0.105606732802838 0.33442030531432598 0.092491461794715193
v 0.105606732802838 0.33442030531432598 0.111132279594993
v 0.105606732802838 0.33442030531432598 0.12977309739527201
v 0.105606732802838 0.33442030531432598 0.14841391519555
v 0.105606732802838 0.33442030531432598 0.16705473299582799
v 0.105606732802838 0.33442030531432598 0.185695550796106
v 0.105606732802838 0.33442030531432598 0.20433636859638399
v 0.105606732802838 0.33442030531432598 0.222977186396662
v 0.105606732802838 0.33442030531432598 0.31618127539805302
v 0.105606732802838 0.33442030531432598 0.33482209319833101
v 0.105606732802838 0.33442030531432598 0.35346291099860899
v 0.105606732802838 0.33442030531432598 0.37210372879888698
v 0.105606732802838 0.315779487514048 0.39074454659916602
v 0.105606732802838 0.33442030531432598 0.39074454659916602
v 0.105606732802838 0.35306112311460403 0.092491461794715193
v 0.105606732802838 0.35306112311460403 0.111132279594993
v 0.105606732802838 0.35306112311460403 0.12977309739527201
v 0.105606732802838 0.35306112311460403 0.14841391519555
v 0.105606732802838 0.35306112311460403 0.16705473299582799
v 0.105606732802838 0.35306112311460403 0.185695550796106
v 0.105606732802838 0.35306112311460403 0.20433636859638399
v 0.105606732802838 0.35306112311460403 0.33482209319833101
v 0.105606732802838 0.35306112311460403 0.35346291099860899
v 0.105606732802838 0.35306112311460403 0.37210372879888698
v 0.105606732802838 0.35306112311460403 0.39074454659916602
v 0.086965915002560207 0.35306112311460403 0.39074454659916602
v 0.105606732802838 0.37170194091488301 0.111132279594993
v 0.105606732802838 0.37170194091488301 0.12977309739527201
v 0.105606732802838 0.37170194091488301 0.14841391519555
v 0.105606732802838 0.37170194091488301 0.16705473299582799
v 0.105606732802838 0.37170194091488301 0.185695550796106
v 0.105606732802838 0.37170194091488301 0.20433636859638399
v 0.105606732802838 0.390342758715161 0.185695550796106
v 0.105606732802838 0.390342758715161 0.20433636859638399
v 0.086965915002560207 0.390342758715161 0.20433636859638399
v 0.105606732802838 0.44626521211599501 0.24161800419693999
v 0.105606732802838 0.464906029916273 0.24161800419693999
v 0.105606732802838 0.44626521211599501 0.260258821997219
v 0.105606732802838 0.464906029916273 0.260258821997219
v 0.105606732802838 0.44626521211599501 0.27889963979749699
v 0.105606732802838 0.464906029916273 0.27889963979749699
v 0.105606732802838 0.44626521211599501 0.29754045759777498
v 0.105606732802838 0.464906029916273 0.29754045759777498
v 0.086965915002560207 0.44626521211599501 0.31618127539805302
v 0.105606732802838 0.44626521211599501 0.31618127539805302
v 0.105606732802838 0.464906029916273 0.31618127539805302
v 0.105606732802838 0.464906029916273 0.222977186396662
v 0.105606732802838 0.48354684771655099 0.222977186396662
v 0.105606732802838 0.48354684771655099 0.24161800419693999
v 0.105606732802838 0.48354684771655099 0.260258821997219
v 0.105606732802838 0.48354684771655099 0.27889963979749699
v 0.105606732802838 0.48354684771655099 0.29754045759777498
v 0.105606732802838 0.48354684771655099 0.31618127539805302
v 0.086965915002560207 0.464906029916273 0.33482209319833101
v 0.105606732802838 0.464906029916273 0.33482209319833101
v 0.105606732802838 0.48354684771655099 0.33482209319833101
v 0.086965915002560207 0.48354684771655099 0.33482209319833101
v 0.105606732802838 0.50218766551682903 0.222977186396662
v 0.105606732802838 0.50218766551682903 0.24161800419693999
v 0.105606732802838 0.50218766551682903 0.260258821997219
v 0.105606732802838 0.50218766551682903 0.27889963979749699
v 0.105606732802838 0.50218766551682903 0.29754045759777498
v 0.105606732802838 0.50218766551682903 0.31618127539805302
v 0.105606732802838 0.50218766551682903 0.33482209319833101
v 0.086965915002560207 0.50218766551682903 0.33482209319833101
v 0.105606732802838 0.52082848331710796 0.222977186396662
v 0.105606732802838 0.52082848331710796 0.24161800419693999
v 0.105606732802838 0.52082848331710796 0.260258821997219
v 0.105606732802838 0.52082848331710796 0.27889963979749699
v 0.105606732802838 0.52082848331710796 0.29754045759777498
v 0.105606732802838 0.52082848331710796 0.31618127539805302
v 0.105606732802838 0.539469301117386 0.24161800419693999
v 0.105606732802838 0.539469301117386 0.260258821997219
v 0.105606732802838 0.539469301117386 0.27889963979749699
v 0.105606732802838 0.539469301117386 0.29754045759777498
v 0.086965915002560207 0.539469301117386 0.29754045759777498
v 0.105606732802838 -0.31800831769540899 0.222977186396662
v 0.124247550603116 -0.31800831769540899 0.222977186396662
v 0.124247550603116 -0.29936749989513101 0.222977186396662
v 0.105606732802838 -0.31800831769540899 0.24161800419693999
v 0.124247550603116 -0.31800831769540899 0.24161800419693999
v 0.124247550603116 -0.29936749989513101 0.24161800419693999
v 0.124247550603116 -0.29936749989513101 0.16705473299582799
v 0.124247550603116 -0.28072668209485302 0.16705473299582799
v 0.124247550603116 -0.29936749989513101 0.185695550796106
v 0.124247550603116 -0.28072668209485302 0.185695550796106
v 0.124247550603116 -0.29936749989513101 0.20433636859638399
v 0.124247550603116 -0.28072668209485302 0.20433636859638399
v 0.124247550603116 -0.28072668209485302 0.222977186396662
v 0.124247550603116 -0.28072668209485302 0.24161800419693999
v 0.124247550603116 -0.29936749989513101 0.260258821997219
v 0.124247550603116 -0.28072668209485302 0.260258821997219
v 0.124247550603116 -0.29936749989513101 0.27889963979749699
v 0.124247550603116 -0.28072668209485302 0.27889963979749699
v 0.124247550603116 -0.28072668209485302 0.14841391519555
v 0.124247550603116 -0.26208586429457498 0.14841391519555
v 0.124247550603116 -0.26208586429457498 0.16705473299582799
v 0.124247550603116 -0.26208586429457498 0.185695550796106
v 0.124247550603116 -0.26208586429457498 0.20433636859638399
v 0.124247550603116 -0.26208586429457498 0.222977186396662
v 0.124247550603116 -0.26208586429457498 0.24161800419693999
v 0.124247550603116 -0.26208586429457498 0.260258821997219
v 0.124247550603116 -0.26208586429457498 0.27889963979749699
v 0.124247550603116 -0.28072668209485302 0.29754045759777498
v 0.124247550603116 -0.26208586429457498 0.29754045759777498
v 0.105606732802838 -0.26208586429457498 0.12977309739527201
v 0.124247550603116 -0.26208586429457498 0.12977309739527201
v 0.124247550603116 -0.24344504649429599 0.12977309739527201
v 0.124247550603116 -0.24344504649429599 0.14841391519555
v 0.124247550603116 -0.24344504649429599 0.16705473299582799
v 0.124247550603116 -0.24344504649429599 0.185695550796106
v 0.124247550603116 -0.24344504649429599 0.20433636859638399
v 0.124247550603116 -0.24344504649429599 0.222977186396662
v 0.124247550603116 -0.24344504649429599 0.24161800419693999
v 0.124247550603116 -0.24344504649429599 0.260258821997219
v 0.124247550603116 -0.24344504649429599 0.27889963979749699
v 0.124247550603116 -0.24344504649429599 0.29754045759777498
v 0.105606732802838 -0.26208586429457498 0.31618127539805302
v 0.124247550603116 -0.26208586429457498 0.31618127539805302
v 0.124247550603116 -0.24344504649429599 0.31618127539805302
v 0.105606732802838 -0.24344504649429599 0.111132279594993
v 0.124247550603116 -0.24344504649429599 0.111132279594993
v 0.124247550603116 -0.224804228694018 0.111132279594993
v 0.124247550603116 -0.224804228694018 0.12977309739527201
v 0.124247550603116 -0.224804228694018 0.14841391519555
v 0.124247550603116 -0.224804228694018 0.16705473299582799
v 0.124247550603116 -0.224804228694018 0.185695550796106
v 0.124247550603116 -0.224804228694018 0.20433636859638399
v 0.124247550603116 -0.224804228694018 0.222977186396662
v 0.124247550603116 -0.224804228694018 0.24161800419693999
v 0.124247550603116 -0.224804228694018 0.260258821997219
v 0.124247550603116 -0.224804228694018 0.27889963979749699
v 0.124247550603116 -0.224804228694018 0.29754045759777498
v 0.124247550603116 -0.224804228694018 0.31618127539805302
v 0.105606732802838 -0.224804228694018 0.092491461794715193
v 0.124247550603116 -0.224804228694018 0.092491461794715193
v 0.124247550603116 -0.20616341089373999 0.092491461794715193
v 0.105606732802838 -0.20616341089373999 0.092491461794715193
v 0.124247550603116 -0.20616341089373999 0.111132279594993
v 0.124247550603116 -0.20616341089373999 0.12977309739527201
v 0.124247550603116 -0.20616341089373999 0.14841391519555
v 0.124247550603116 -0.20616341089373999 0.16705473299582799
v 0.124247550603116 -0.20616341089373999 0.185695550796106
v 0.124247550603116 -0.20616341089373999 0.20433636859638399
v 0.124247550603116 -0.20616341089373999 0.222977186396662
v 0.124247550603116 -0.20616341089373999 0.24161800419693999
v 0.124247550603116 -0.20616341089373999 0.260258821997219
v 0.124247550603116 -0.20616341089373999 0.27889963979749699
v 0.124247550603116 -0.20616341089373999 0.29754045759777498
v 0.124247550603116 -0.20616341089373999 0.31618127539805302
v 0.124247550603116 -0.187522593093462 0.092491461794715193
v 0.105606732802838 -0.187522593093462 0.092491461794715193
v 0.124247550603116 -0.187522593093462 0.111132279594993
v 0.124247550603116 -0.187522593093462 0.12977309739527201
v 0.124247550603116 -0.187522593093462 0.14841391519555
v 0.124247550603116 -0.187522593093462 0.16705473299582799
v 0.124247550603116 -0.187522593093462 0.185695550796106
v 0.124247550603116 -0.187522593093462 0.20433636859638399
v 0.124247550603116 -0.187522593093462 0.222977186396662
v 0.124247550603116 -0.187522593093462 0.24161800419693999
v 0.124247550603116 -0.187522593093462 0.260258821997219
v 0.124247550603116 -0.187522593093462 0.27889963979749699
v 0.124247550603116 -0.187522593093462 0.29754045759777498
v 0.124247550603116 -0.187522593093462 0.31618127539805302
v 0.124247550603116 -0.16888177529318399 0.092491461794715193
v 0.105606732802838 -0.16888177529318399 0.092491461794715193
v 0.124247550603116 -0.16888177529318399 0.111132279594993
v 0.105606732802838 -0.16888177529318399 0.111132279594993
v 0.124247550603116 -0.16888177529318399 0.12977309739527201
v 0.124247550603116 -0.16888177529318399 0.14841391519555
v 0.124247550603116 -0.16888177529318399 0.16705473299582799
v 0.124247550603116 -0.16888177529318399 0.185695550796106
v 0.124247550603116 -0.16888177529318399 0.20433636859638399
v 0.124247550603116 -0.16888177529318399 0.222977186396662
v 0.124247550603116 -0.16888177529318399 0.24161800419693999
v 0.124247550603116 -0.16888177529318399 0.260258821997219
v 0.124247550603116 -0.16888177529318399 0.27889963979749699
v 0.124247550603116 -0.16888177529318399 0.29754045759777498
v 0.124247550603116 -0.16888177529318399 0.31618127539805302
v 0.105606732802838 -0.187522593093462 0.33482209319833101
v 0.124247550603116 -0.187522593093462 0.33482209319833101
v 0.124247550603116 -0.16888177529318399 0.33482209319833101
v 0.105606732802838 -0.16888177529318399 0.33482209319833101
v 0.124247550603116 -0.150240957492906 0.12977309739527201
v 0.105606732802838 -0.150240957492906 0.12977309739527201
v 0.124247550603116 -0.150240957492906 0.14841391519555
v 0.124247550603116 -0.150240957492906 0.16705473299582799
v 0.124247550603116 -0.150240957492906 0.185695550796106
v 0.124247550603116 -0.150240957492906 0.20433636859638399
v 0.124247550603116 -0.150240957492906 0.222977186396662
v 0.124247550603116 -0.150240957492906 0.24161800419693999
v 0.124247550603116 -0.150240957492906 0.260258821997219
v 0.124247550603116 -0.150240957492906 0.27889963979749699
v 0.124247550603116 -0.150240957492906 0.29754045759777498
v 0.124247550603116 -0.150240957492906 0.31618127539805302
v 0.124247550603116 -0.150240957492906 0.33482209319833101
v 0.105606732802838 -0.150240957492906 0.33482209319833101
v 0.124247550603116 -0.13160013969262799 0.14841391519555
v 0.124247550603116 -0.13160013969262799 0.16705473299582799
v 0.124247550603116 -0.13160013969262799 0.185695550796106
v 0.124247550603116 -0.13160013969262799 0.20433636859638399
v 0.124247550603116 -0.13160013969262799 0.222977186396662
v 0.124247550603116 -0.13160013969262799 0.24161800419693999
v 0.124247550603116 -0.13160013969262799 0.260258821997219
v 0.124247550603116 -0.13160013969262799 0.27889963979749699
v 0.124247550603116 -0.13160013969262799 0.29754045759777498
v 0.124247550603116 -0.13160013969262799 0.31618127539805302
v 0.124247550603116 -0.13160013969262799 0.33482209319833101
v 0.105606732802838 -0.13160013969262799 0.33482209319833101
v 0.124247550603116 -0.112959321892349 0.14841391519555
v 0.105606732802838 -0.112959321892349 0.14841391519555
v 0.124247550603116 -0.112959321892349 0.16705473299582799
v 0.124247550603116 -0.112959321892349 0.185695550796106
v 0.124247550603116 -0.112959321892349 0.20433636859638399
v 0.124247550603116 -0.112959321892349 0.222977186396662
v 0.124247550603116 -0.112959321892349 0.24161800419693999
v 0.124247550603116 -0.112959321892349 0.260258821997219
v 0.124247550603116 -0.112959321892349 0.27889963979749699
v 0.124247550603116 -0.112959321892349 0.29754045759777498
v 0.124247550603116 -0.112959321892349 0.31618127539805302
v 0.105606732802838 -0.112959321892349 0.31618127539805302
v 0.124247550603116 -0.112959321892349 0.33482209319833101
v 0.105606732802838 -0.112959321892349 0.33482209319833101
v 0.124247550603116 -0.094318504092071306 0.16705473299582799
v 0.105606732802838 -0.094318504092071306 0.16705473299582799
v 0.124247550603116 -0.094318504092071306 0.185695550796106
v 0.124247550603116 -0.094318504092071306 0.20433636859638399
v 0.124247550603116 -0.094318504092071306 0.222977186396662
v 0.124247550603116 -0.094318504092071306 0.24161800419693999
v 0.124247550603116 -0.094318504092071306 0.260258821997219
v 0.124247550603116 -0.094318504092071306 0.27889963979749699
v 0.124247550603116 -0.094318504092071306 0.29754045759777498
v 0.105606732802838 -0.094318504092071306 0.29754045759777498
v 0.124247550603116 -0.094318504092071306 0.31618127539805302
v 0.105606732802838 -0.094318504092071306 0.31618127539805302
v 0.124247550603116 -0.094318504092071306 0.33482209319833101
v 0.105606732802838 -0.094318504092071306 0.33482209319833101
v 0.124247550603116 -0.075677686291793098 0.16705473299582799
v 0.105606732802838 -0.075677686291793098 0.16705473299582799
v 0.124247550603116 -0.075677686291793098 0.185695550796106
v 0.124247550603116 -0.075677686291793098 0.20433636859638399
v 0.124247550603116 -0.075677686291793098 0.222977186396662
v 0.124247550603116 -0.075677686291793098 0.24161800419693999
v 0.105606732802838 -0.075677686291793098 0.24161800419693999
v 0.124247550603116 -0.075677686291793098 0.260258821997219
v 0.105606732802838 -0.075677686291793098 0.260258821997219
v 0.124247550603116 -0.075677686291793098 0.27889963979749699
v 0.105606732802838 -0.075677686291793098 0.27889963979749699
v 0.124247550603116 -0.057036868491515 0.16705473299582799
v 0.124247550603116 -0.057036868491515 0.185695550796106
v 0.124247550603116 -0.057036868491515 0.20433636859638399
v 0.124247550603116 -0.057036868491515 0.222977186396662
v 0.105606732802838 -0.057036868491515 0.222977186396662
v 0.124247550603116 -0.057036868491515 0.24161800419693999
v 0.105606732802838 -0.057036868491515 0.24161800419693999
v 0.124247550603116 -0.057036868491515 0.260258821997219
v 0.105606732802838 -0.057036868491515 0.260258821997219
v 0.124247550603116 -0.057036868491515 0.27889963979749699
v 0.105606732802838 -0.057036868491515 0.27889963979749699
v 0.105606732802838 -0.057036868491515 0.12977309739527201
v 0.124247550603116 -0.057036868491515 0.12977309739527201
v 0.124247550603116 -0.038396050691236798 0.12977309739527201
v 0.105606732802838 -0.057036868491515 0.14841391519555
v 0.124247550603116 -0.057036868491515 0.14841391519555
v 0.124247550603116 -0.038396050691236798 0.14841391519555
v 0.124247550603116 -0.038396050691236798 0.16705473299582799
v 0.124247550603116 -0.038396050691236798 0.185695550796106
v 0.124247550603116 -0.038396050691236798 0.20433636859638399
v 0.124247550603116 -0.038396050691236798 0.222977186396662
v 0.124247550603116 -0.038396050691236798 0.24161800419693999
v 0.124247550603116 -0.038396050691236798 0.260258821997219
v 0.105606732802838 -0.038396050691236798 0.260258821997219
v 0.124247550603116 -0.038396050691236798 0.27889963979749699
v 0.105606732802838 -0.038396050691236798 0.27889963979749699
v 0.105606732802838 -0.038396050691236798 0.111132279594993
v 0.124247550603116 -0.038396050691236798 0.111132279594993
v 0.124247550603116 -0.0197552328909587 0.111132279594993
v 0.124247550603116 -0.0197552328909587 0.12977309739527201
v 0.124247550603116 -0.0197552328909587 0.14841391519555
v 0.124247550603116 -0.0197552328909587 0.16705473299582799
v 0.124247550603116 -0.0197552328909587 0.185695550796106
v 0.124247550603116 -0.0197552328909587 0.20433636859638399
v 0.124247550603116 -0.0197552328909587 0.222977186396662
v 0.124247550603116 -0.0197552328909587 0.24161800419693999
v 0.124247550603116 -0.0197552328909587 0.260258821997219
v 0.124247550603116 -0.0197552328909587 0.27889963979749699
v 0.105606732802838 -0.0197552328909587 0.27889963979749699
v 0.105606732802838 -0.0197552328909587 0.092491461794715193
v 0.124247550603116 -0.0197552328909587 0.092491461794715193
v 0.124247550603116 -0.0011144150906804999 0.092491461794715193
v 0.124247550603116 -0.0011144150906804999 0.111132279594993
v 0.124247550603116 -0.0011144150906804999 0.12977309739527201
v 0.124247550603116 -0.0011144150906804999 0.14841391519555
v 0.124247550603116 -0.0011144150906804999 0.16705473299582799
v 0.124247550603116 -0.0011144150906804999 0.185695550796106
v 0.124247550603116 -0.0011144150906804999 0.20433636859638399
v 0.124247550603116 -0.0011144150906804999 0.222977186396662
v 0.124247550603116 -0.0011144150906804999 0.24161800419693999
v 0.124247550603116 -0.0011144150906804999 0.260258821997219
v 0.124247550603116 -0.0011144150906804999 0.27889963979749699
v 0.105606732802838 -0.0011144150906804999 0.27889963979749699
v 0.124247550603116 0.0175264027095977 0.092491461794715193
v 0.124247550603116 0.0175264027095977 0.111132279594993
v 0.124247550603116 0.0175264027095977 0.12977309739527201
v 0.124247550603116 0.0175264027095977 0.14841391519555
v 0.124247550603116 0.0175264027095977 0.16705473299582799
v 0.124247550603116 0.0175264027095977 0.185695550796106
v 0.124247550603116 0.0175264027095977 0.20433636859638399
v 0.124247550603116 0.0175264027095977 0.222977186396662
v 0.124247550603116 0.0175264027095977 0.24161800419693999
v 0.124247550603116 0.0175264027095977 0.260258821997219
v 0.124247550603116 0.0175264027095977 0.27889963979749699
v 0.105606732802838 0.0175264027095977 0.27889963979749699
v 0.124247550603116 0.036167220509875801 0.092491461794715193
v 0.124247550603116 0.036167220509875801 0.111132279594993
v 0.124247550603116 0.036167220509875801 0.12977309739527201
v 0.124247550603116 0.036167220509875801 0.14841391519555
v 0.124247550603116 0.036167220509875801 0.16705473299582799
v 0.124247550603116 0.036167220509875801 0.185695550796106
v 0.124247550603116 0.036167220509875801 0.20433636859638399
v 0.124247550603116 0.036167220509875801 0.222977186396662
v 0.124247550603116 0.036167220509875801 0.24161800419693999
v 0.124247550603116 0.036167220509875801 0.260258821997219
v 0.124247550603116 0.036167220509875801 0.27889963979749699
v 0.105606732802838 0.036167220509875801 0.27889963979749699
v 0.124247550603116 0.054808038310153899 0.092491461794715193
v 0.124247550603116 0.054808038310153899 0.111132279594993
v 0.124247550603116 0.054808038310153899 0.12977309739527201
v 0.124247550603116 0.054808038310153899 0.14841391519555
v 0.124247550603116 0.054808038310153899 0.16705473299582799
v 0.124247550603116 0.054808038310153899 0.185695550796106
v 0.124247550603116 0.054808038310153899 0.20433636859638399
v 0.124247550603116 0.054808038310153899 0.222977186396662
v 0.124247550603116 0.054808038310153899 0.24161800419693999
v 0.124247550603116 0.054808038310153899 0.260258821997219
v 0.124247550603116 0.054808038310153899 0.27889963979749699
v 0.105606732802838 0.054808038310153899 0.27889963979749699
v 0.124247550603116 0.073448856110432101 0.092491461794715193
v 0.124247550603116 0.073448856110432101 0.111132279594993
v 0.124247550603116 0.073448856110432101 0.12977309739527201
v 0.124247550603116 0.073448856110432101 0.14841391519555
v 0.124247550603116 0.073448856110432101 0.16705473299582799
v 0.124247550603116 0.073448856110432101 0.185695550796106
v 0.124247550603116 0.073448856110432101 0.20433636859638399
v 0.124247550603116 0.073448856110432101 0.222977186396662
v 0.124247550603116 0.073448856110432101 0.24161800419693999
v 0.124247550603116 0.073448856110432101 0.260258821997219
v 0.124247550603116 0.073448856110432101 0.27889963979749699
v 0.105606732802838 0.073448856110432101 0.27889963979749699
v 0.124247550603116 0.092089673910710199 0.092491461794715193
v 0.124247550603116 0.092089673910710199 0.111132279594993
v 0.124247550603116 0.092089673910710199 0.12977309739527201
v 0.124247550603116 0.092089673910710199 0.14841391519555
v 0.124247550603116 0.092089673910710199 0.16705473299582799
v 0.124247550603116 0.092089673910710199 0.185695550796106
v 0.124247550603116 0.092089673910710199 0.20433636859638399
v 0.124247550603116 0.092089673910710199 0.222977186396662
v 0.124247550603116 0.092089673910710199 0.24161800419693999
v 0.124247550603116 0.092089673910710199 0.260258821997219
v 0.124247550603116 0.110730491710988 0.092491461794715193
v 0.124247550603116 0.110730491710988 0.111132279594993
v 0.124247550603116 0.110730491710988 0.12977309739527201
v 0.124247550603116 0.110730491710988 0.14841391519555
v 0.124247550603116 0.110730491710988 0.16705473299582799
v 0.124247550603116 0.110730491710988 0.185695550796106
v 0.124247550603116 0.110730491710988 0.20433636859638399
v 0.124247550603116 0.110730491710988 0.222977186396662
v 0.124247550603116 0.110730491710988 0.24161800419693999
v 0.124247550603116 0.110730491710988 0.260258821997219
v 0.124247550603116 0.12937130951126699 0.111132279594993
v 0.124247550603116 0.12937130951126699 0.12977309739527201
v 0.124247550603116 0.12937130951126699 0.14841391519555
v 0.124247550603116 0.12937130951126699 0.16705473299582799
v 0.124247550603116 0.12937130951126699 0.185695550796106
v 0.124247550603116 0.12937130951126699 0.20433636859638399
v 0.124247550603116 0.12937130951126699 0.222977186396662
v 0.124247550603116 0.12937130951126699 0.24161800419693999
v 0.124247550603116 0.14801212731154501 0.14841391519555
v 0.124247550603116 0.14801212731154501 0.16705473299582799
v 0.124247550603116 0.14801212731154501 0.185695550796106
v 0.124247550603116 0.14801212731154501 0.20433636859638399
v 0.105606732802838 0.20393458071237899 0.111132279594993
v 0.124247550603116 0.20393458071237899 0.111132279594993
v 0.124247550603116 0.22257539851265701 0.111132279594993
v 0.124247550603116 0.20393458071237899 0.12977309739527201
v 0.124247550603116 0.22257539851265701 0.12977309739527201
v 0.124247550603116 0.20393458071237899 0.14841391519555
v 0.124247550603116 0.22257539851265701 0.14841391519555
v 0.124247550603116 0.20393458071237899 0.16705473299582799
v 0.124247550603116 0.22257539851265701 0.16705473299582799
v 0.124247550603116 0.20393458071237899 0.185695550796106
v 0.124247550603116 0.22257539851265701 0.185695550796106
v 0.124247550603116 0.22257539851265701 0.092491461794715193
v 0.124247550603116 0.24121621631293499 0.092491461794715193
v 0.124247550603116 0.24121621631293499 0.111132279594993
v 0.124247550603116 0.24121621631293499 0.12977309739527201
v 0.124247550603116 0.24121621631293499 0.14841391519555
v 0.124247550603116 0.24121621631293499 0.16705473299582799
v 0.124247550603116 0.24121621631293499 0.185695550796106
v 0.124247550603116 0.22257539851265701 0.20433636859638399
v 0.124247550603116 0.24121621631293499 0.20433636859638399
v 0.105606732802838 0.24121621631293499 0.073850643994437096
v 0.124247550603116 0.24121621631293499 0.073850643994437096
v 0.124247550603116 0.25985703411321398 0.073850643994437096
v 0.124247550603116 0.25985703411321398 0.092491461794715193
v 0.124247550603116 0.25985703411321398 0.111132279594993
v 0.124247550603116 0.25985703411321398 0.12977309739527201
v 0.124247550603116 0.25985703411321398 0.14841391519555
v 0.124247550603116 0.25985703411321398 0.16705473299582799
v 0.124247550603116 0.25985703411321398 0.185695550796106
v 0.124247550603116 0.25985703411321398 0.20433636859638399
v 0.124247550603116 0.24121621631293499 0.222977186396662
v 0.124247550603116 0.25985703411321398 0.222977186396662
v 0.124247550603116 0.27849785191349202 0.073850643994437096
v 0.124247550603116 0.27849785191349202 0.092491461794715193
v 0.124247550603116 0.27849785191349202 0.111132279594993
v 0.124247550603116 0.27849785191349202 0.12977309739527201
v 0.124247550603116 0.27849785191349202 0.14841391519555
v 0.124247550603116 0.27849785191349202 0.16705473299582799
v 0.124247550603116 0.27849785191349202 0.185695550796106
v 0.124247550603116 0.27849785191349202 0.20433636859638399
v 0.124247550603116 0.27849785191349202 0.222977186396662
v 0.124247550603116 0.29713866971377001 0.073850643994437096
v 0.124247550603116 0.29713866971377001 0.092491461794715193
v 0.124247550603116 0.29713866971377001 0.111132279594993
v 0.124247550603116 0.29713866971377001 0.12977309739527201
v 0.124247550603116 0.29713866971377001 0.14841391519555
v 0.124247550603116 0.29713866971377001 0.16705473299582799
v 0.124247550603116 0.29713866971377001 0.185695550796106
v 0.124247550603116 0.29713866971377001 0.20433636859638399
v 0.124247550603116 0.29713866971377001 0.222977186396662
v 0.105606732802838 0.27849785191349202 0.31618127539805302
v 0.124247550603116 0.27849785191349202 0.31618127539805302
v 0.124247550603116 0.29713866971377001 0.31618127539805302
v 0.105606732802838 0.27849785191349202 0.33482209319833101
v 0.124247550603116 0.27849785191349202 0.33482209319833101
v 0.124247550603116 0.29713866971377001 0.33482209319833101
v 0.105606732802838 0.27849785191349202 0.35346291099860899
v 0.124247550603116 0.27849785191349202 0.35346291099860899
v 0.124247550603116 0.29713866971377001 0.35346291099860899
v 0.124247550603116 0.315779487514048 0.073850643994437096
v 0.124247550603116 0.315779487514048 0.092491461794715193
v 0.124247550603116 0.315779487514048 0.111132279594993
v 0.124247550603116 0.315779487514048 0.12977309739527201
v 0.124247550603116 0.315779487514048 0.14841391519555
v 0.124247550603116 0.315779487514048 0.16705473299582799
v 0.124247550603116 0.315779487514048 0.185695550796106
v 0.124247550603116 0.315779487514048 0.20433636859638399
v 0.124247550603116 0.315779487514048 0.222977186396662
v 0.124247550603116 0.315779487514048 0.31618127539805302
v 0.124247550603116 0.315779487514048 0.33482209319833101
v 0.124247550603116 0.315779487514048 0.35346291099860899
v 0.124247550603116 0.29713866971377001 0.37210372879888698
v 0.124247550603116 0.315779487514048 0.37210372879888698
v 0.105606732802838 0.29713866971377001 0.39074454659916602
v 0.124247550603116 0.29713866971377001 0.39074454659916602
v 0.124247550603116 0.315779487514048 0.39074454659916602
v 0.124247550603116 0.33442030531432598 0.092491461794715193
v 0.124247550603116 0.33442030531432598 0.111132279594993
v 0.124247550603116 0.33442030531432598 0.12977309739527201
v 0.124247550603116 0.33442030531432598 0.14841391519555
v 0.124247550603116 0.33442030531432598 0.16705473299582799
v 0.124247550603116 0.33442030531432598 0.185695550796106
v 0.124247550603116 0.33442030531432598 0.20433636859638399
v 0.124247550603116 0.33442030531432598 0.222977186396662
v 0.124247550603116 0.33442030531432598 0.31618127539805302
v 0.124247550603116 0.33442030531432598 0.33482209319833101
v 0.124247550603116 0.33442030531432598 0.35346291099860899
v 0.124247550603116 0.33442030531432598 0.37210372879888698
v 0.124247550603116 0.33442030531432598 0.39074454659916602
v 0.124247550603116 0.35306112311460403 0.111132279594993
v 0.124247550603116 0.35306112311460403 0.12977309739527201
v 0.124247550603116 0.35306112311460403 0.14841391519555
v 0.124247550603116 0.35306112311460403 0.16705473299582799
v 0.124247550603116 0.35306112311460403 0.185695550796106
v 0.124247550603116 0.35306112311460403 0.20433636859638399
v 0.124247550603116 0.35306112311460403 0.33482209319833101
v 0.124247550603116 0.35306112311460403 0.35346291099860899
v 0.124247550603116 0.35306112311460403 0.37210372879888698
v 0.124247550603116 0.35306112311460403 0.39074454659916602
v 0.124247550603116 0.37170194091488301 0.16705473299582799
v 0.124247550603116 0.37170194091488301 0.185695550796106
v 0.124247550603116 0.37170194091488301 0.20433636859638399
v 0.124247550603116 0.44626521211599501 0.24161800419693999
v 0.124247550603116 0.464906029916273 0.24161800419693999
v 0.124247550603116 0.44626521211599501 0.260258821997219
v 0.124247550603116 0.464906029916273 0.260258821997219
v 0.124247550603116 0.44626521211599501 0.27889963979749699
v 0.124247550603116 0.464906029916273 0.27889963979749699
v 0.124247550603116 0.44626521211599501 0.29754045759777498
v 0.124247550603116 0.464906029916273 0.29754045759777498
v 0.124247550603116 0.44626521211599501 0.31618127539805302
v 0.124247550603116 0.464906029916273 0.31618127539805302
v 0.105606732802838 0.44626521211599501 0.33482209319833101
v 0.124247550603116 0.44626521211599501 0.33482209319833101
v 0.124247550603116 0.464906029916273 0.33482209319833101
v 0.124247550603116 0.48354684771655099 0.24161800419693999
v 0.124247550603116 0.48354684771655099 0.260258821997219
v 0.124247550603116 0.48354684771655099 0.27889963979749699
v 0.124247550603116 0.48354684771655099 0.29754045759777498
v 0.124247550603116 0.48354684771655099 0.31618127539805302
v 0.124247550603116 0.48354684771655099 0.33482209319833101
v 0.124247550603116 0.48354684771655099 0.222977186396662
v 0.124247550603116 0.50218766551682903 0.222977186396662
v 0.124247550603116 0.50218766551682903 0.24161800419693999
v 0.124247550603116 0.50218766551682903 0.260258821997219
v 0.124247550603116 0.50218766551682903 0.27889963979749699
v 0.124247550603116 0.50218766551682903 0.29754045759777498
v 0.124247550603116 0.50218766551682903 0.31618127539805302
v 0.124247550603116 0.50218766551682903 0.33482209319833101
v 0.124247550603116 0.52082848331710796 0.222977186396662
v 0.124247550603116 0.52082848331710796 0.24161800419693999
v 0.124247550603116 0.52082848331710796 0.260258821997219
v 0.124247550603116 0.52082848331710796 0.27889963979749699
v 0.124247550603116 0.52082848331710796 0.29754045759777498
v 0.124247550603116 0.52082848331710796 0.31618127539805302
v 0.124247550603116 0.52082848331710796 0.33482209319833101
v 0.105606732802838 0.52082848331710796 0.33482209319833101
v 0.124247550603116 0.539469301117386 0.24161800419693999
v 0.124247550603116 0.539469301117386 0.260258821997219
v 0.124247550603116 0.539469301117386 0.27889963979749699
v 0.124247550603116 0.539469301117386 0.29754045759777498
v 0.124247550603116 -0.31800831769540899 0.20433636859638399
v 0.142888368403395 -0.31800831769540899 0.20433636859638399
v 0.142888368403395 -0.29936749989513101 0.20433636859638399
v 0.142888368403395 -0.31800831769540899 0.222977186396662
v 0.142888368403395 -0.29936749989513101 0.222977186396662
v 0.142888368403395 -0.31800831769540899 0.24161800419693999
v 0.142888368403395 -0.29936749989513101 0.24161800419693999
v 0.142888368403395 -0.29936749989513101 0.16705473299582799
v 0.142888368403395 -0.28072668209485302 0.16705473299582799
v 0.142888368403395 -0.29936749989513101 0.185695550796106
v 0.142888368403395 -0.28072668209485302 0.185695550796106
v 0.142888368403395 -0.28072668209485302 0.20433636859638399
v 0.142888368403395 -0.28072668209485302 0.222977186396662
v 0.142888368403395 -0.28072668209485302 0.24161800419693999
v 0.142888368403395 -0.29936749989513101 0.260258821997219
v 0.142888368403395 -0.28072668209485302 0.260258821997219
v 0.142888368403395 -0.29936749989513101 0.27889963979749699
v 0.142888368403395 -0.28072668209485302 0.27889963979749699
v 0.142888368403395 -0.28072668209485302 0.14841391519555
v 0.142888368403395 -0.26208586429457498 0.14841391519555
v 0.142888368403395 -0.26208586429457498 0.16705473299582799
v 0.142888368403395 -0.26208586429457498 0.185695550796106
v 0.142888368403395 -0.26208586429457498 0.20433636859638399
v 0.142888368403395 -0.26208586429457498 0.222977186396662
v 0.142888368403395 -0.26208586429457498 0.24161800419693999
v 0.142888368403395 -0.26208586429457498 0.260258821997219
v 0.142888368403395 -0.26208586429457498 0.27889963979749699
v 0.142888368403395 -0.28072668209485302 0.29754045759777498
v 0.142888368403395 -0.26208586429457498 0.29754045759777498
v 0.142888368403395 -0.26208586429457498 0.12977309739527201
v 0.142888368403395 -0.24344504649429599 0.12977309739527201
v 0.142888368403395 -0.24344504649429599 0.14841391519555
v 0.142888368403395 -0.24344504649429599 0.16705473299582799
v 0.142888368403395 -0.24344504649429599 0.185695550796106
v 0.142888368403395 -0.24344504649429599 0.20433636859638399
v 0.142888368403395 -0.24344504649429599 0.222977186396662
v 0.142888368403395 -0.24344504649429599 0.24161800419693999
v 0.142888368403395 -0.24344504649429599 0.260258821997219
v 0.142888368403395 -0.24344504649429599 0.27889963979749699
v 0.142888368403395 -0.24344504649429599 0.29754045759777498
v 0.142888368403395 -0.26208586429457498 0.31618127539805302
v 0.142888368403395 -0.24344504649429599 0.31618127539805302
v 0.124247550603116 -0.24344504649429599 0.092491461794715193
v 0.142888368403395 -0.24344504649429599 0.092491461794715193
v 0.142888368403395 -0.224804228694018 0.092491461794715193
v 0.142888368403395 -0.24344504649429599 0.111132279594993
v 0.142888368403395 -0.224804228694018 0.111132279594993
v 0.142888368403395 -0.224804228694018 0.12977309739527201
v 0.142888368403395 -0.224804228694018 0.14841391519555
v 0.142888368403395 -0.224804228694018 0.16705473299582799
v 0.142888368403395 -0.224804228694018 0.185695550796106
v 0.142888368403395 -0.224804228694018 0.20433636859638399
v 0.142888368403395 -0.224804228694018 0.222977186396662
v 0.142888368403395 -0.224804228694018 0.24161800419693999
v 0.142888368403395 -0.224804228694018 0.260258821997219
v 0.142888368403395 -0.224804228694018 0.27889963979749699
v 0.142888368403395 -0.224804228694018 0.29754045759777498
v 0.142888368403395 -0.224804228694018 0.31618127539805302
v 0.142888368403395 -0.20616341089373999 0.092491461794715193
v 0.142888368403395 -0.20616341089373999 0.111132279594993
v 0.142888368403395 -0.20616341089373999 0.12977309739527201
v 0.142888368403395 -0.20616341089373999 0.14841391519555
v 0.142888368403395 -0.20616341089373999 0.16705473299582799
v 0.142888368403395 -0.20616341089373999 0.185695550796106
v 0.142888368403395 -0.20616341089373999 0.20433636859638399
v 0.142888368403395 -0.20616341089373999 0.222977186396662
v 0.142888368403395 -0.20616341089373999 0.24161800419693999
v 0.142888368403395 -0.20616341089373999 0.260258821997219
v 0.142888368403395 -0.20616341089373999 0.27889963979749699
v 0.142888368403395 -0.20616341089373999 0.29754045759777498
v 0.142888368403395 -0.20616341089373999 0.31618127539805302
v 0.124247550603116 -0.20616341089373999 0.073850643994437096
v 0.142888368403395 -0.20616341089373999 0.073850643994437096
v 0.142888368403395 -0.187522593093462 0.073850643994437096
v 0.124247550603116 -0.187522593093462 0.073850643994437096
v 0.142888368403395 -0.187522593093462 0.092491461794715193
v 0.142888368403395 -0.187522593093462 0.111132279594993
v 0.142888368403395 -0.187522593093462 0.12977309739527201
v 0.142888368403395 -0.187522593093462 0.14841391519555
v 0.142888368403395 -0.187522593093462 0.16705473299582799
v 0.142888368403395 -0.187522593093462 0.185695550796106
v 0.142888368403395 -0.187522593093462 0.20433636859638399
v 0.142888368403395 -0.187522593093462 0.222977186396662
v 0.142888368403395 -0.187522593093462 0.24161800419693999
v 0.142888368403395 -0.187522593093462 0.260258821997219
v 0.142888368403395 -0.187522593093462 0.27889963979749699
v 0.142888368403395 -0.187522593093462 0.29754045759777498
v 0.142888368403395 -0.187522593093462 0.31618127539805302
v 0.124247550603116 -0.20616341089373999 0.33482209319833101
v 0.142888368403395 -0.20616341089373999 0.33482209319833101
v 0.142888368403395 -0.187522593093462 0.33482209319833101
v 0.142888368403395 -0.16888177529318399 0.073850643994437096
v 0.124247550603116 -0.16888177529318399 0.073850643994437096
v 0.142888368403395 -0.16888177529318399 0.092491461794715193
v 0.142888368403395 -0.16888177529318399 0.111132279594993
v 0.142888368403395 -0.16888177529318399 0.12977309739527201
v 0.142888368403395 -0.16888177529318399 0.14841391519555
v 0.142888368403395 -0.16888177529318399 0.16705473299582799
v 0.142888368403395 -0.16888177529318399 0.185695550796106
v 0.142888368403395 -0.16888177529318399 0.20433636859638399
v 0.142888368403395 -0.16888177529318399 0.222977186396662
v 0.142888368403395 -0.16888177529318399 0.24161800419693999
v 0.142888368403395 -0.16888177529318399 0.260258821997219
v 0.142888368403395 -0.16888177529318399 0.27889963979749699
v 0.142888368403395 -0.16888177529318399 0.29754045759777498
v 0.142888368403395 -0.16888177529318399 0.31618127539805302
v 0.142888368403395 -0.16888177529318399 0.33482209319833101
v 0.142888368403395 -0.150240957492906 0.092491461794715193
v 0.124247550603116 -0.150240957492906 0.092491461794715193
v 0.142888368403395 -0.150240957492906 0.111132279594993
v 0.124247550603116 -0.150240957492906 0.111132279594993
v 0.142888368403395 -0.150240957492906 0.12977309739527201
v 0.142888368403395 -0.150240957492906 0.14841391519555
v 0.142888368403395 -0.150240957492906 0.16705473299582799
v 0.142888368403395 -0.150240957492906 0.185695550796106
v 0.142888368403395 -0.150240957492906 0.20433636859638399
v 0.142888368403395 -0.150240957492906 0.222977186396662
v 0.142888368403395 -0.150240957492906 0.24161800419693999
v 0.142888368403395 -0.150240957492906 0.260258821997219
v 0.142888368403395 -0.150240957492906 0.27889963979749699
v 0.142888368403395 -0.150240957492906 0.29754045759777498
v 0.142888368403395 -0.150240957492906 0.31618127539805302
v 0.142888368403395 -0.150240957492906 0.33482209319833101
v 0.142888368403395 -0.13160013969262799 0.111132279594993
v 0.124247550603116 -0.13160013969262799 0.111132279594993
v 0.142888368403395 -0.13160013969262799 0.12977309739527201
v 0.124247550603116 -0.13160013969262799 0.12977309739527201
v 0.142888368403395 -0.13160013969262799 0.14841391519555
v 0.142888368403395 -0.13160013969262799 0.16705473299582799
v 0.142888368403395 -0.13160013969262799 0.185695550796106
v 0.142888368403395 -0.13160013969262799 0.20433636859638399
v 0.142888368403395 -0.13160013969262799 0.222977186396662
v 0.142888368403395 -0.13160013969262799 0.24161800419693999
v 0.142888368403395 -0.13160013969262799 0.260258821997219
v 0.142888368403395 -0.13160013969262799 0.27889963979749699
v 0.142888368403395 -0.13160013969262799 0.29754045759777498
v 0.142888368403395 -0.13160013969262799 0.31618127539805302
v 0.142888368403395 -0.13160013969262799 0.33482209319833101
v 0.124247550603116 -0.150240957492906 0.35346291099860899
v 0.142888368403395 -0.150240957492906 0.35346291099860899
v 0.142888368403395 -0.13160013969262799 0.35346291099860899
v 0.124247550603116 -0.13160013969262799 0.35346291099860899
v 0.142888368403395 -0.112959321892349 0.12977309739527201
v 0.124247550603116 -0.112959321892349 0.12977309739527201
v 0.142888368403395 -0.112959321892349 0.14841391519555
v 0.142888368403395 -0.112959321892349 0.16705473299582799
v 0.142888368403395 -0.112959321892349 0.185695550796106
v 0.142888368403395 -0.112959321892349 0.20433636859638399
v 0.142888368403395 -0.112959321892349 0.222977186396662
v 0.142888368403395 -0.112959321892349 0.24161800419693999
v 0.142888368403395 -0.112959321892349 0.260258821997219
v 0.142888368403395 -0.112959321892349 0.27889963979749699
v 0.142888368403395 -0.112959321892349 0.29754045759777498
v 0.142888368403395 -0.112959321892349 0.31618127539805302
v 0.142888368403395 -0.112959321892349 0.33482209319833101
v 0.142888368403395 -0.112959321892349 0.35346291099860899
v 0.124247550603116 -0.112959321892349 0.35346291099860899
v 0.142888368403395 -0.094318504092071306 0.12977309739527201
v 0.124247550603116 -0.094318504092071306 0.12977309739527201
v 0.142888368403395 -0.094318504092071306 0.14841391519555
v 0.124247550603116 -0.094318504092071306 0.14841391519555
v 0.142888368403395 -0.094318504092071306 0.16705473299582799
v 0.142888368403395 -0.094318504092071306 0.185695550796106
v 0.142888368403395 -0.094318504092071306 0.20433636859638399
v 0.142888368403395 -0.094318504092071306 0.222977186396662
v 0.142888368403395 -0.094318504092071306 0.24161800419693999
v 0.142888368403395 -0.094318504092071306 0.260258821997219
v 0.142888368403395 -0.094318504092071306 0.27889963979749699
v 0.142888368403395 -0.094318504092071306 0.29754045759777498
v 0.142888368403395 -0.094318504092071306 0.31618127539805302
v 0.142888368403395 -0.094318504092071306 0.33482209319833101
v 0.142888368403395 -0.094318504092071306 0.35346291099860899
v 0.124247550603116 -0.094318504092071306 0.35346291099860899
v 0.142888368403395 -0.075677686291793098 0.12977309739527201
v 0.124247550603116 -0.075677686291793098 0.12977309739527201
v 0.142888368403395 -0.075677686291793098 0.14841391519555
v 0.124247550603116 -0.075677686291793098 0.14841391519555
v 0.142888368403395 -0.075677686291793098 0.16705473299582799
v 0.142888368403395 -0.075677686291793098 0.185695550796106
v 0.142888368403395 -0.075677686291793098 0.20433636859638399
v 0.142888368403395 -0.075677686291793098 0.222977186396662
v 0.142888368403395 -0.075677686291793098 0.24161800419693999
v 0.142888368403395 -0.075677686291793098 0.260258821997219
v 0.142888368403395 -0.075677686291793098 0.27889963979749699
v 0.142888368403395 -0.075677686291793098 0.29754045759777498
v 0.124247550603116 -0.075677686291793098 0.29754045759777498
v 0.142888368403395 -0.075677686291793098 0.31618127539805302
v 0.124247550603116 -0.075677686291793098 0.31618127539805302
v 0.142888368403395 -0.075677686291793098 0.33482209319833101
v 0.124247550603116 -0.075677686291793098 0.33482209319833101
v 0.142888368403395 -0.057036868491515 0.12977309739527201
v 0.142888368403395 -0.057036868491515 0.14841391519555
v 0.142888368403395 -0.057036868491515 0.16705473299582799
v 0.142888368403395 -0.057036868491515 0.185695550796106
v 0.142888368403395 -0.057036868491515 0.20433636859638399
v 0.142888368403395 -0.057036868491515 0.222977186396662
v 0.142888368403395 -0.057036868491515 0.24161800419693999
v 0.142888368403395 -0.057036868491515 0.260258821997219
v 0.142888368403395 -0.057036868491515 0.27889963979749699
v 0.142888368403395 -0.057036868491515 0.29754045759777498
v 0.124247550603116 -0.057036868491515 0.29754045759777498
v 0.124247550603116 -0.057036868491515 0.111132279594993
v 0.142888368403395 -0.057036868491515 0.111132279594993
v 0.142888368403395 -0.038396050691236798 0.111132279594993
v 0.142888368403395 -0.038396050691236798 0.12977309739527201
v 0.142888368403395 -0.038396050691236798 0.14841391519555
v 0.142888368403395 -0.038396050691236798 0.16705473299582799
v 0.142888368403395 -0.038396050691236798 0.185695550796106
v 0.142888368403395 -0.038396050691236798 0.20433636859638399
v 0.142888368403395 -0.038396050691236798 0.222977186396662
v 0.142888368403395 -0.038396050691236798 0.24161800419693999
v 0.142888368403395 -0.038396050691236798 0.260258821997219
v 0.142888368403395 -0.038396050691236798 0.27889963979749699
v 0.142888368403395 -0.038396050691236798 0.29754045759777498
v 0.124247550603116 -0.038396050691236798 0.29754045759777498
v 0.142888368403395 -0.0197552328909587 0.111132279594993
v 0.142888368403395 -0.0197552328909587 0.12977309739527201
v 0.142888368403395 -0.0197552328909587 0.14841391519555
v 0.142888368403395 -0.0197552328909587 0.16705473299582799
v 0.142888368403395 -0.0197552328909587 0.185695550796106
v 0.142888368403395 -0.0197552328909587 0.20433636859638399
v 0.142888368403395 -0.0197552328909587 0.222977186396662
v 0.142888368403395 -0.0197552328909587 0.24161800419693999
v 0.142888368403395 -0.0197552328909587 0.260258821997219
v 0.142888368403395 -0.0197552328909587 0.27889963979749699
v 0.142888368403395 -0.0197552328909587 0.092491461794715193
v 0.142888368403395 -0.0011144150906804999 0.092491461794715193
v 0.142888368403395 -0.0011144150906804999 0.111132279594993
v 0.142888368403395 -0.0011144150906804999 0.12977309739527201
v 0.142888368403395 -0.0011144150906804999 0.14841391519555
v 0.142888368403395 -0.0011144150906804999 0.16705473299582799
v 0.142888368403395 -0.0011144150906804999 0.185695550796106
v 0.142888368403395 -0.0011144150906804999 0.20433636859638399
v 0.142888368403395 -0.0011144150906804999 0.222977186396662
v 0.142888368403395 -0.0011144150906804999 0.24161800419693999
v 0.142888368403395 -0.0011144150906804999 0.260258821997219
v 0.142888368403395 -0.0011144150906804999 0.27889963979749699
v 0.124247550603116 -0.0011144150906804999 0.073850643994437096
v 0.142888368403395 -0.0011144150906804999 0.073850643994437096
v 0.142888368403395 0.0175264027095977 0.073850643994437096
v 0.124247550603116 0.0175264027095977 0.073850643994437096
v 0.142888368403395 0.0175264027095977 0.092491461794715193
v 0.142888368403395 0.0175264027095977 0.111132279594993
v 0.142888368403395 0.0175264027095977 0.12977309739527201
v 0.142888368403395 0.0175264027095977 0.14841391519555
v 0.142888368403395 0.0175264027095977 0.16705473299582799
v 0.142888368403395 0.0175264027095977 0.185695550796106
v 0.142888368403395 0.0175264027095977 0.20433636859638399
v 0.142888368403395 0.0175264027095977 0.222977186396662
v 0.142888368403395 0.0175264027095977 0.24161800419693999
v 0.142888368403395 0.0175264027095977 0.260258821997219
v 0.142888368403395 0.0175264027095977 0.27889963979749699
v 0.142888368403395 0.036167220509875801 0.092491461794715193
v 0.142888368403395 0.036167220509875801 0.111132279594993
v 0.142888368403395 0.036167220509875801 0.12977309739527201
v 0.142888368403395 0.036167220509875801 0.14841391519555
v 0.142888368403395 0.036167220509875801 0.16705473299582799
v 0.142888368403395 0.036167220509875801 0.185695550796106
v 0.142888368403395 0.036167220509875801 0.20433636859638399
v 0.142888368403395 0.036167220509875801 0.222977186396662
v 0.142888368403395 0.036167220509875801 0.24161800419693999
v 0.142888368403395 0.036167220509875801 0.260258821997219
v 0.142888368403395 0.036167220509875801 0.27889963979749699
v 0.142888368403395 0.054808038310153899 0.092491461794715193
v 0.142888368403395 0.054808038310153899 0.111132279594993
v 0.142888368403395 0.054808038310153899 0.12977309739527201
v 0.142888368403395 0.054808038310153899 0.14841391519555
v 0.142888368403395 0.054808038310153899 0.16705473299582799
v 0.142888368403395 0.054808038310153899 0.185695550796106
v 0.142888368403395 0.054808038310153899 0.20433636859638399
v 0.142888368403395 0.054808038310153899 0.222977186396662
v 0.142888368403395 0.054808038310153899 0.24161800419693999
v 0.142888368403395 0.054808038310153899 0.260258821997219
v 0.142888368403395 0.054808038310153899 0.27889963979749699
v 0.124247550603116 0.036167220509875801 0.29754045759777498
v 0.142888368403395 0.036167220509875801 0.29754045759777498
v 0.142888368403395 0.054808038310153899 0.29754045759777498
v 0.124247550603116 0.054808038310153899 0.29754045759777498
v 0.142888368403395 0.073448856110432101 0.092491461794715193
v 0.142888368403395 0.073448856110432101 0.111132279594993
v 0.142888368403395 0.073448856110432101 0.12977309739527201
v 0.142888368403395 0.073448856110432101 0.14841391519555
v 0.142888368403395 0.073448856110432101 0.16705473299582799
v 0.142888368403395 0.073448856110432101 0.185695550796106
v 0.142888368403395 0.073448856110432101 0.20433636859638399
v 0.142888368403395 0.073448856110432101 0.222977186396662
v 0.142888368403395 0.073448856110432101 0.24161800419693999
v 0.142888368403395 0.073448856110432101 0.260258821997219
v 0.142888368403395 0.073448856110432101 0.27889963979749699
v 0.142888368403395 0.092089673910710199 0.092491461794715193
v 0.142888368403395 0.092089673910710199 0.111132279594993
v 0.142888368403395 0.092089673910710199 0.12977309739527201
v 0.142888368403395 0.092089673910710199 0.14841391519555
v 0.142888368403395 0.092089673910710199 0.16705473299582799
v 0.142888368403395 0.092089673910710199 0.185695550796106
v 0.142888368403395 0.092089673910710199 0.20433636859638399
v 0.142888368403395 0.092089673910710199 0.222977186396662
v 0.142888368403395 0.092089673910710199 0.24161800419693999
v 0.142888368403395 0.092089673910710199 0.260258821997219
v 0.142888368403395 0.110730491710988 0.111132279594993
v 0.142888368403395 0.110730491710988 0.12977309739527201
v 0.142888368403395 0.110730491710988 0.14841391519555
v 0.142888368403395 0.110730491710988 0.16705473299582799
v 0.142888368403395 0.110730491710988 0.185695550796106
v 0.142888368403395 0.110730491710988 0.20433636859638399
v 0.142888368403395 0.110730491710988 0.222977186396662
v 0.142888368403395 0.110730491710988 0.24161800419693999
v 0.142888368403395 0.110730491710988 0.260258821997219
v 0.142888368403395 0.12937130951126699 0.12977309739527201
v 0.142888368403395 0.12937130951126699 0.14841391519555
v 0.142888368403395 0.12937130951126699 0.16705473299582799
v 0.142888368403395 0.12937130951126699 0.185695550796106
v 0.142888368403395 0.12937130951126699 0.20433636859638399
v 0.142888368403395 0.12937130951126699 0.222977186396662
v 0.124247550603116 0.18529376291210101 0.14841391519555
v 0.142888368403395 0.18529376291210101 0.14841391519555
v 0.142888368403395 0.20393458071237899 0.14841391519555
v 0.124247550603116 0.18529376291210101 0.16705473299582799
v 0.142888368403395 0.18529376291210101 0.16705473299582799
v 0.142888368403395 0.20393458071237899 0.16705473299582799
v 0.124247550603116 0.18529376291210101 0.185695550796106
v 0.142888368403395 0.18529376291210101 0.185695550796106
v 0.142888368403395 0.20393458071237899 0.185695550796106
v 0.124247550603116 0.20393458071237899 0.092491461794715193
v 0.142888368403395 0.20393458071237899 0.092491461794715193
v 0.142888368403395 0.22257539851265701 0.092491461794715193
v 0.142888368403395 0.20393458071237899 0.111132279594993
v 0.142888368403395 0.22257539851265701 0.111132279594993
v 0.142888368403395 0.20393458071237899 0.12977309739527201
v 0.142888368403395 0.22257539851265701 0.12977309739527201
v 0.142888368403395 0.22257539851265701 0.14841391519555
v 0.142888368403395 0.22257539851265701 0.16705473299582799
v 0.142888368403395 0.22257539851265701 0.185695550796106
v 0.124247550603116 0.20393458071237899 0.20433636859638399
v 0.142888368403395 0.20393458071237899 0.20433636859638399
v 0.142888368403395 0.22257539851265701 0.20433636859638399
v 0.142888368403395 0.24121621631293499 0.092491461794715193
v 0.142888368403395 0.24121621631293499 0.111132279594993
v 0.142888368403395 0.24121621631293499 0.12977309739527201
v 0.142888368403395 0.24121621631293499 0.14841391519555
v 0.142888368403395 0.24121621631293499 0.16705473299582799
v 0.142888368403395 0.24121621631293499 0.185695550796106
v 0.142888368403395 0.24121621631293499 0.20433636859638399
v 0.124247550603116 0.22257539851265701 0.222977186396662
v 0.142888368403395 0.22257539851265701 0.222977186396662
v 0.142888368403395 0.24121621631293499 0.222977186396662
v 0.142888368403395 0.24121621631293499 0.073850643994437096
v 0.142888368403395 0.25985703411321398 0.073850643994437096
v 0.142888368403395 0.25985703411321398 0.092491461794715193
v 0.142888368403395 0.25985703411321398 0.111132279594993
v 0.142888368403395 0.25985703411321398 0.12977309739527201
v 0.142888368403395 0.25985703411321398 0.14841391519555
v 0.142888368403395 0.25985703411321398 0.16705473299582799
v 0.142888368403395 0.25985703411321398 0.185695550796106
v 0.142888368403395 0.25985703411321398 0.20433636859638399
v 0.142888368403395 0.25985703411321398 0.222977186396662
v 0.142888368403395 0.27849785191349202 0.073850643994437096
v 0.142888368403395 0.27849785191349202 0.092491461794715193
v 0.142888368403395 0.27849785191349202 0.111132279594993
v 0.142888368403395 0.27849785191349202 0.12977309739527201
v 0.142888368403395 0.27849785191349202 0.14841391519555
v 0.142888368403395 0.27849785191349202 0.16705473299582799
v 0.142888368403395 0.27849785191349202 0.185695550796106
v 0.142888368403395 0.27849785191349202 0.20433636859638399
v 0.142888368403395 0.27849785191349202 0.222977186396662
v 0.124247550603116 0.25985703411321398 0.24161800419693999
v 0.142888368403395 0.25985703411321398 0.24161800419693999
v 0.142888368403395 0.27849785191349202 0.24161800419693999
v 0.124247550603116 0.27849785191349202 0.24161800419693999
v 0.124247550603116 0.25985703411321398 0.27889963979749699
v 0.142888368403395 0.25985703411321398 0.27889963979749699
v 0.142888368403395 0.27849785191349202 0.27889963979749699
v 0.124247550603116 0.27849785191349202 0.27889963979749699
v 0.124247550603116 0.25985703411321398 0.29754045759777498
v 0.142888368403395 0.25985703411321398 0.29754045759777498
v 0.142888368403395 0.27849785191349202 0.29754045759777498
v 0.124247550603116 0.27849785191349202 0.29754045759777498
v 0.124247550603116 0.25985703411321398 0.31618127539805302
v 0.142888368403395 0.25985703411321398 0.31618127539805302
v 0.142888368403395 0.27849785191349202 0.31618127539805302
v 0.124247550603116 0.25985703411321398 0.33482209319833101
v 0.142888368403395 0.25985703411321398 0.33482209319833101
v 0.142888368403395 0.27849785191349202 0.33482209319833101
v 0.142888368403395 0.29713866971377001 0.073850643994437096
v 0.142888368403395 0.29713866971377001 0.092491461794715193
v 0.142888368403395 0.29713866971377001 0.111132279594993
v 0.142888368403395 0.29713866971377001 0.12977309739527201
v 0.142888368403395 0.29713866971377001 0.14841391519555
v 0.142888368403395 0.29713866971377001 0.16705473299582799
v 0.142888368403395 0.29713866971377001 0.185695550796106
v 0.142888368403395 0.29713866971377001 0.20433636859638399
v 0.142888368403395 0.29713866971377001 0.222977186396662
v 0.142888368403395 0.29713866971377001 0.24161800419693999
v 0.124247550603116 0.29713866971377001 0.24161800419693999
v 0.142888368403395 0.29713866971377001 0.29754045759777498
v 0.124247550603116 0.29713866971377001 0.29754045759777498
v 0.142888368403395 0.29713866971377001 0.31618127539805302
v 0.142888368403395 0.29713866971377001 0.33482209319833101
v 0.142888368403395 0.27849785191349202 0.35346291099860899
v 0.142888368403395 0.29713866971377001 0.35346291099860899
v 0.124247550603116 0.27849785191349202 0.37210372879888698
v 0.142888368403395 0.27849785191349202 0.37210372879888698
v 0.142888368403395 0.29713866971377001 0.37210372879888698
v 0.142888368403395 0.315779487514048 0.073850643994437096
v 0.142888368403395 0.315779487514048 0.092491461794715193
v 0.142888368403395 0.315779487514048 0.111132279594993
v 0.142888368403395 0.315779487514048 0.12977309739527201
v 0.142888368403395 0.315779487514048 0.14841391519555
v 0.142888368403395 0.315779487514048 0.16705473299582799
v 0.142888368403395 0.315779487514048 0.185695550796106
v 0.142888368403395 0.315779487514048 0.20433636859638399
v 0.142888368403395 0.315779487514048 0.222977186396662
v 0.142888368403395 0.315779487514048 0.29754045759777498
v 0.124247550603116 0.315779487514048 0.29754045759777498
v 0.142888368403395 0.315779487514048 0.31618127539805302
v 0.142888368403395 0.315779487514048 0.33482209319833101
v 0.142888368403395 0.315779487514048 0.35346291099860899
v 0.142888368403395 0.315779487514048 0.37210372879888698
v 0.142888368403395 0.29713866971377001 0.39074454659916602
v 0.142888368403395 0.315779487514048 0.39074454659916602
v 0.142888368403395 0.33442030531432598 0.073850643994437096
v 0.124247550603116 0.33442030531432598 0.073850643994437096
v 0.142888368403395 0.33442030531432598 0.092491461794715193
v 0.142888368403395 0.33442030531432598 0.111132279594993
v 0.142888368403395 0.33442030531432598 0.12977309739527201
v 0.142888368403395 0.33442030531432598 0.14841391519555
v 0.142888368403395 0.33442030531432598 0.16705473299582799
v 0.142888368403395 0.33442030531432598 0.185695550796106
v 0.142888368403395 0.33442030531432598 0.20433636859638399
v 0.142888368403395 0.33442030531432598 0.222977186396662
v 0.142888368403395 0.33442030531432598 0.31618127539805302
v 0.142888368403395 0.33442030531432598 0.33482209319833101
v 0.142888368403395 0.33442030531432598 0.35346291099860899
v 0.142888368403395 0.33442030531432598 0.37210372879888698
v 0.142888368403395 0.33442030531432598 0.39074454659916602
v 0.142888368403395 0.35306112311460403 0.12977309739527201
v 0.142888368403395 0.35306112311460403 0.14841391519555
v 0.142888368403395 0.35306112311460403 0.16705473299582799
v 0.142888368403395 0.35306112311460403 0.185695550796106
v 0.142888368403395 0.35306112311460403 0.20433636859638399
v 0.142888368403395 0.35306112311460403 0.33482209319833101
v 0.142888368403395 0.35306112311460403 0.35346291099860899
v 0.142888368403395 0.35306112311460403 0.37210372879888698
v 0.142888368403395 0.35306112311460403 0.39074454659916602
v 0.124247550603116 0.42762439431571703 0.260258821997219
v 0.142888368403395 0.42762439431571703 0.260258821997219
v 0.142888368403395 0.44626521211599501 0.260258821997219
v 0.124247550603116 0.42762439431571703 0.27889963979749699
v 0.142888368403395 0.42762439431571703 0.27889963979749699
v 0.142888368403395 0.44626521211599501 0.27889963979749699
v 0.124247550603116 0.42762439431571703 0.29754045759777498
v 0.142888368403395 0.42762439431571703 0.29754045759777498
v 0.142888368403395 0.44626521211599501 0.29754045759777498
v 0.124247550603116 0.42762439431571703 0.31618127539805302
v 0.142888368403395 0.42762439431571703 0.31618127539805302
v 0.142888368403395 0.44626521211599501 0.31618127539805302
v 0.124247550603116 0.42762439431571703 0.33482209319833101
v 0.142888368403395 0.42762439431571703 0.33482209319833101
v 0.142888368403395 0.44626521211599501 0.33482209319833101
v 0.142888368403395 0.464906029916273 0.260258821997219
v 0.142888368403395 0.464906029916273 0.27889963979749699
v 0.142888368403395 0.464906029916273 0.29754045759777498
v 0.142888368403395 0.464906029916273 0.31618127539805302
v 0.142888368403395 0.464906029916273 0.33482209319833101
v 0.124247550603116 0.44626521211599501 0.35346291099860899
v 0.142888368403395 0.44626521211599501 0.35346291099860899
v 0.142888368403395 0.464906029916273 0.35346291099860899
v 0.124247550603116 0.464906029916273 0.35346291099860899
v 0.142888368403395 0.464906029916273 0.24161800419693999
v 0.142888368403395 0.48354684771655099 0.24161800419693999
v 0.142888368403395 0.48354684771655099 0.260258821997219
v 0.142888368403395 0.48354684771655099 0.27889963979749699
v 0.142888368403395 0.48354684771655099 0.29754045759777498
v 0.142888368403395 0.48354684771655099 0.31618127539805302
v 0.142888368403395 0.48354684771655099 0.33482209319833101
v 0.142888368403395 0.48354684771655099 0.35346291099860899
v 0.124247550603116 0.48354684771655099 0.35346291099860899
v 0.142888368403395 0.50218766551682903 0.24161800419693999
v 0.142888368403395 0.50218766551682903 0.260258821997219
v 0.142888368403395 0.50218766551682903 0.27889963979749699
v 0.142888368403395 0.50218766551682903 0.29754045759777498
v 0.142888368403395 0.50218766551682903 0.31618127539805302
v 0.142888368403395 0.50218766551682903 0.33482209319833101
v 0.142888368403395 0.50218766551682903 0.35346291099860899
v 0.124247550603116 0.50218766551682903 0.35346291099860899
v 0.142888368403395 0.52082848331710796 0.24161800419693999
v 0.142888368403395 0.52082848331710796 0.260258821997219
v 0.142888368403395 0.52082848331710796 0.27889963979749699
v 0.142888368403395 0.52082848331710796 0.29754045759777498
v 0.142888368403395 0.52082848331710796 0.31618127539805302
v 0.142888368403395 0.52082848331710796 0.33482209319833101
v 0.142888368403395 0.539469301117386 0.260258821997219
v 0.142888368403395 0.539469301117386 0.27889963979749699
v 0.142888368403395 0.539469301117386 0.29754045759777498
v 0.142888368403395 0.539469301117386 0.31618127539805302
v 0.124247550603116 0.539469301117386 0.31618127539805302
v 0.16152918620367299 -0.31800831769540899 0.20433636859638399
v 0.16152918620367299 -0.29936749989513101 0.20433636859638399
v 0.16152918620367299 -0.31800831769540899 0.222977186396662
v 0.16152918620367299 -0.29936749989513101 0.222977186396662
v 0.16152918620367299 -0.31800831769540899 0.24161800419693999
v 0.16152918620367299 -0.29936749989513101 0.24161800419693999
v 0.16152918620367299 -0.29936749989513101 0.16705473299582799
v 0.16152918620367299 -0.28072668209485302 0.16705473299582799
v 0.16152918620367299 -0.29936749989513101 0.185695550796106
v 0.16152918620367299 -0.28072668209485302 0.185695550796106
v 0.16152918620367299 -0.28072668209485302 0.20433636859638399
v 0.16152918620367299 -0.28072668209485302 0.222977186396662
v 0.16152918620367299 -0.28072668209485302 0.24161800419693999
v 0.16152918620367299 -0.29936749989513101 0.260258821997219
v 0.16152918620367299 -0.28072668209485302 0.260258821997219
v 0.16152918620367299 -0.29936749989513101 0.27889963979749699
v 0.16152918620367299 -0.28072668209485302 0.27889963979749699
v 0.142888368403395 -0.29936749989513101 0.29754045759777498
v 0.16152918620367299 -0.29936749989513101 0.29754045759777498
v 0.16152918620367299 -0.28072668209485302 0.29754045759777498
v 0.16152918620367299 -0.28072668209485302 0.14841391519555
v 0.16152918620367299 -0.26208586429457498 0.14841391519555
v 0.16152918620367299 -0.26208586429457498 0.16705473299582799
v 0.16152918620367299 -0.26208586429457498 0.185695550796106
v 0.16152918620367299 -0.26208586429457498 0.20433636859638399
v 0.16152918620367299 -0.26208586429457498 0.222977186396662
v 0.16152918620367299 -0.26208586429457498 0.24161800419693999
v 0.16152918620367299 -0.26208586429457498 0.260258821997219
v 0.16152918620367299 -0.26208586429457498 0.27889963979749699
v 0.16152918620367299 -0.26208586429457498 0.29754045759777498
v 0.16152918620367299 -0.26208586429457498 0.12977309739527201
v 0.16152918620367299 -0.24344504649429599 0.12977309739527201
v 0.16152918620367299 -0.24344504649429599 0.14841391519555
v 0.16152918620367299 -0.24344504649429599 0.16705473299582799
v 0.16152918620367299 -0.24344504649429599 0.185695550796106
v 0.16152918620367299 -0.24344504649429599 0.20433636859638399
v 0.16152918620367299 -0.24344504649429599 0.222977186396662
v 0.16152918620367299 -0.24344504649429599 0.24161800419693999
v 0.16152918620367299 -0.24344504649429599 0.260258821997219
v 0.16152918620367299 -0.24344504649429599 0.27889963979749699
v 0.16152918620367299 -0.24344504649429599 0.29754045759777498
v 0.16152918620367299 -0.26208586429457498 0.31618127539805302
v 0.16152918620367299 -0.24344504649429599 0.31618127539805302
v 0.16152918620367299 -0.24344504649429599 0.092491461794715193
v 0.16152918620367299 -0.224804228694018 0.092491461794715193
v 0.16152918620367299 -0.24344504649429599 0.111132279594993
v 0.16152918620367299 -0.224804228694018 0.111132279594993
v 0.16152918620367299 -0.224804228694018 0.12977309739527201
v 0.16152918620367299 -0.224804228694018 0.14841391519555
v 0.16152918620367299 -0.224804228694018 0.16705473299582799
v 0.16152918620367299 -0.224804228694018 0.185695550796106
v 0.16152918620367299 -0.224804228694018 0.20433636859638399
v 0.16152918620367299 -0.224804228694018 0.222977186396662
v 0.16152918620367299 -0.224804228694018 0.24161800419693999
v 0.16152918620367299 -0.224804228694018 0.260258821997219
v 0.16152918620367299 -0.224804228694018 0.27889963979749699
v 0.16152918620367299 -0.224804228694018 0.29754045759777498
v 0.16152918620367299 -0.224804228694018 0.31618127539805302
v 0.16152918620367299 -0.20616341089373999 0.092491461794715193
v 0.16152918620367299 -0.20616341089373999 0.111132279594993
v 0.16152918620367299 -0.20616341089373999 0.12977309739527201
v 0.16152918620367299 -0.20616341089373999 0.14841391519555
v 0.16152918620367299 -0.20616341089373999 0.16705473299582799
v 0.16152918620367299 -0.20616341089373999 0.185695550796106
v 0.16152918620367299 -0.20616341089373999 0.20433636859638399
v 0.16152918620367299 -0.20616341089373999 0.222977186396662
v 0.16152918620367299 -0.20616341089373999 0.24161800419693999
v 0.16152918620367299 -0.20616341089373999 0.260258821997219
v 0.16152918620367299 -0.20616341089373999 0.27889963979749699
v 0.16152918620367299 -0.20616341089373999 0.29754045759777498
v 0.16152918620367299 -0.20616341089373999 0.31618127539805302
v 0.16152918620367299 -0.20616341089373999 0.073850643994437096
v 0.16152918620367299 -0.187522593093462 0.073850643994437096
v 0.16152918620367299 -0.187522593093462 0.092491461794715193
v 0.16152918620367299 -0.187522593093462 0.111132279594993
v 0.16152918620367299 -0.187522593093462 0.12977309739527201
v 0.16152918620367299 -0.187522593093462 0.14841391519555
v 0.16152918620367299 -0.187522593093462 0.16705473299582799
v 0.16152918620367299 -0.187522593093462 0.185695550796106
v 0.16152918620367299 -0.187522593093462 0.20433636859638399
v 0.16152918620367299 -0.187522593093462 0.222977186396662
v 0.16152918620367299 -0.187522593093462 0.24161800419693999
v 0.16152918620367299 -0.187522593093462 0.260258821997219
v 0.16152918620367299 -0.187522593093462 0.27889963979749699
v 0.16152918620367299 -0.187522593093462 0.29754045759777498
v 0.16152918620367299 -0.187522593093462 0.31618127539805302
v 0.16152918620367299 -0.20616341089373999 0.33482209319833101
v 0.16152918620367299 -0.187522593093462 0.33482209319833101
v 0.16152918620367299 -0.16888177529318399 0.073850643994437096
v 0.16152918620367299 -0.16888177529318399 0.092491461794715193
v 0.16152918620367299 -0.16888177529318399 0.111132279594993
v 0.16152918620367299 -0.16888177529318399 0.12977309739527201
v 0.16152918620367299 -0.16888177529318399 0.14841391519555
v 0.16152918620367299 -0.16888177529318399 0.16705473299582799
v 0.16152918620367299 -0.16888177529318399 0.185695550796106
v 0.16152918620367299 -0.16888177529318399 0.20433636859638399
v 0.16152918620367299 -0.16888177529318399 0.222977186396662
v 0.16152918620367299 -0.16888177529318399 0.24161800419693999
v 0.16152918620367299 -0.16888177529318399 0.260258821997219
v 0.16152918620367299 -0.16888177529318399 0.27889963979749699
v 0.16152918620367299 -0.16888177529318399 0.29754045759777498
v 0.16152918620367299 -0.16888177529318399 0.31618127539805302
v 0.16152918620367299 -0.16888177529318399 0.33482209319833101
v 0.16152918620367299 -0.150240957492906 0.073850643994437096
v 0.142888368403395 -0.150240957492906 0.073850643994437096
v 0.16152918620367299 -0.150240957492906 0.092491461794715193
v 0.16152918620367299 -0.150240957492906 0.111132279594993
v 0.16152918620367299 -0.150240957492906 0.12977309739527201
v 0.16152918620367299 -0.150240957492906 0.14841391519555
v 0.16152918620367299 -0.150240957492906 0.16705473299582799
v 0.16152918620367299 -0.150240957492906 0.185695550796106
v 0.16152918620367299 -0.150240957492906 0.20433636859638399
v 0.16152918620367299 -0.150240957492906 0.222977186396662
v 0.16152918620367299 -0.150240957492906 0.24161800419693999
v 0.16152918620367299 -0.150240957492906 0.260258821997219
v 0.16152918620367299 -0.150240957492906 0.27889963979749699
v 0.16152918620367299 -0.150240957492906 0.29754045759777498
v 0.16152918620367299 -0.150240957492906 0.31618127539805302
v 0.16152918620367299 -0.150240957492906 0.33482209319833101
v 0.16152918620367299 -0.13160013969262799 0.073850643994437096
v 0.142888368403395 -0.13160013969262799 0.073850643994437096
v 0.16152918620367299 -0.13160013969262799 0.092491461794715193
v 0.142888368403395 -0.13160013969262799 0.092491461794715193
v 0.16152918620367299 -0.13160013969262799 0.111132279594993
v 0.16152918620367299 -0.13160013969262799 0.12977309739527201
v 0.16152918620367299 -0.13160013969262799 0.14841391519555
v 0.16152918620367299 -0.13160013969262799 0.16705473299582799
v 0.16152918620367299 -0.13160013969262799 0.185695550796106
v 0.16152918620367299 -0.13160013969262799 0.20433636859638399
v 0.16152918620367299 -0.13160013969262799 0.222977186396662
v 0.16152918620367299 -0.13160013969262799 0.24161800419693999
v 0.16152918620367299 -0.13160013969262799 0.260258821997219
v 0.16152918620367299 -0.13160013969262799 0.27889963979749699
v 0.16152918620367299 -0.13160013969262799 0.29754045759777498
v 0.16152918620367299 -0.13160013969262799 0.31618127539805302
v 0.16152918620367299 -0.13160013969262799 0.33482209319833101
v 0.16152918620367299 -0.150240957492906 0.35346291099860899
v 0.16152918620367299 -0.13160013969262799 0.35346291099860899
v 0.16152918620367299 -0.112959321892349 0.111132279594993
v 0.142888368403395 -0.112959321892349 0.111132279594993
v 0.16152918620367299 -0.112959321892349 0.12977309739527201
v 0.16152918620367299 -0.112959321892349 0.14841391519555
v 0.16152918620367299 -0.112959321892349 0.16705473299582799
v 0.16152918620367299 -0.112959321892349 0.185695550796106
v 0.16152918620367299 -0.112959321892349 0.20433636859638399
v 0.16152918620367299 -0.112959321892349 0.222977186396662
v 0.16152918620367299 -0.112959321892349 0.24161800419693999
v 0.16152918620367299 -0.112959321892349 0.260258821997219
v 0.16152918620367299 -0.112959321892349 0.27889963979749699
v 0.16152918620367299 -0.112959321892349 0.29754045759777498
v 0.16152918620367299 -0.112959321892349 0.31618127539805302
v 0.16152918620367299 -0.112959321892349 0.33482209319833101
v 0.16152918620367299 -0.112959321892349 0.35346291099860899
v 0.16152918620367299 -0.094318504092071306 0.111132279594993
v 0.142888368403395 -0.094318504092071306 0.111132279594993
v 0.16152918620367299 -0.094318504092071306 0.12977309739527201
v 0.16152918620367299 -0.094318504092071306 0.14841391519555
v 0.16152918620367299 -0.094318504092071306 0.16705473299582799
v 0.16152918620367299 -0.094318504092071306 0.185695550796106
v 0.16152918620367299 -0.094318504092071306 0.20433636859638399
v 0.16152918620367299 -0.094318504092071306 0.222977186396662
v 0.16152918620367299 -0.094318504092071306 0.24161800419693999
v 0.16152918620367299 -0.094318504092071306 0.260258821997219
v 0.16152918620367299 -0.094318504092071306 0.27889963979749699
v 0.16152918620367299 -0.094318504092071306 0.29754045759777498
v 0.16152918620367299 -0.094318504092071306 0.31618127539805302
v 0.16152918620367299 -0.094318504092071306 0.33482209319833101
v 0.16152918620367299 -0.094318504092071306 0.35346291099860899
v 0.16152918620367299 -0.075677686291793098 0.111132279594993
v 0.142888368403395 -0.075677686291793098 0.111132279594993
v 0.16152918620367299 -0.075677686291793098 0.12977309739527201
v 0.16152918620367299 -0.075677686291793098 0.14841391519555
v 0.16152918620367299 -0.075677686291793098 0.16705473299582799
v 0.16152918620367299 -0.075677686291793098 0.185695550796106
v 0.16152918620367299 -0.075677686291793098 0.20433636859638399
v 0.16152918620367299 -0.075677686291793098 0.222977186396662
v 0.16152918620367299 -0.075677686291793098 0.24161800419693999
v 0.16152918620367299 -0.075677686291793098 0.260258821997219
v 0.16152918620367299 -0.075677686291793098 0.27889963979749699
v 0.16152918620367299 -0.075677686291793098 0.29754045759777498
v 0.16152918620367299 -0.075677686291793098 0.31618127539805302
v 0.16152918620367299 -0.075677686291793098 0.33482209319833101
v 0.16152918620367299 -0.075677686291793098 0.35346291099860899
v 0.142888368403395 -0.075677686291793098 0.35346291099860899
v 0.16152918620367299 -0.057036868491515 0.111132279594993
v 0.16152918620367299 -0.057036868491515 0.12977309739527201
v 0.16152918620367299 -0.057036868491515 0.14841391519555
v 0.16152918620367299 -0.057036868491515 0.16705473299582799
v 0.16152918620367299 -0.057036868491515 0.185695550796106
v 0.16152918620367299 -0.057036868491515 0.20433636859638399
v 0.16152918620367299 -0.057036868491515 0.222977186396662
v 0.16152918620367299 -0.057036868491515 0.24161800419693999
v 0.16152918620367299 -0.057036868491515 0.260258821997219
v 0.16152918620367299 -0.057036868491515 0.27889963979749699
v 0.16152918620367299 -0.057036868491515 0.29754045759777498
v 0.16152918620367299 -0.057036868491515 0.31618127539805302
v 0.142888368403395 -0.057036868491515 0.31618127539805302
v 0.16152918620367299 -0.057036868491515 0.33482209319833101
v 0.142888368403395 -0.057036868491515 0.33482209319833101
v 0.16152918620367299 -0.038396050691236798 0.111132279594993
v 0.16152918620367299 -0.038396050691236798 0.12977309739527201
v 0.16152918620367299 -0.038396050691236798 0.14841391519555
v 0.16152918620367299 -0.038396050691236798 0.16705473299582799
v 0.16152918620367299 -0.038396050691236798 0.185695550796106
v 0.16152918620367299 -0.038396050691236798 0.20433636859638399
v 0.16152918620367299 -0.038396050691236798 0.222977186396662
v 0.16152918620367299 -0.038396050691236798 0.24161800419693999
v 0.16152918620367299 -0.038396050691236798 0.260258821997219
v 0.16152918620367299 -0.038396050691236798 0.27889963979749699
v 0.16152918620367299 -0.038396050691236798 0.29754045759777498
v 0.16152918620367299 -0.038396050691236798 0.31618127539805302
v 0.142888368403395 -0.038396050691236798 0.31618127539805302
v 0.142888368403395 -0.038396050691236798 0.092491461794715193
v 0.16152918620367299 -0.038396050691236798 0.092491461794715193
v 0.16152918620367299 -0.0197552328909587 0.092491461794715193
v 0.16152918620367299 -0.0197552328909587 0.111132279594993
v 0.16152918620367299 -0.0197552328909587 0.12977309739527201
v 0.16152918620367299 -0.0197552328909587 0.14841391519555
v 0.16152918620367299 -0.0197552328909587 0.16705473299582799
v 0.16152918620367299 -0.0197552328909587 0.185695550796106
v 0.16152918620367299 -0.0197552328909587 0.20433636859638399
v 0.16152918620367299 -0.0197552328909587 0.222977186396662
v 0.16152918620367299 -0.0197552328909587 0.24161800419693999
v 0.16152918620367299 -0.0197552328909587 0.260258821997219
v 0.16152918620367299 -0.0197552328909587 0.27889963979749699
v 0.16152918620367299 -0.0197552328909587 0.29754045759777498
v 0.142888368403395 -0.0197552328909587 0.29754045759777498
v 0.142888368403395 -0.0197552328909587 0.073850643994437096
v 0.16152918620367299 -0.0197552328909587 0.073850643994437096
v 0.16152918620367299 -0.0011144150906804999 0.073850643994437096
v 0.16152918620367299 -0.0011144150906804999 0.092491461794715193
v 0.16152918620367299 -0.0011144150906804999 0.111132279594993
v 0.16152918620367299 -0.0011144150906804999 0.12977309739527201
v 0.16152918620367299 -0.0011144150906804999 0.14841391519555
v 0.16152918620367299 -0.0011144150906804999 0.16705473299582799
v 0.16152918620367299 -0.0011144150906804999 0.185695550796106
v 0.16152918620367299 -0.0011144150906804999 0.20433636859638399
v 0.16152918620367299 -0.0011144150906804999 0.222977186396662
v 0.16152918620367299 -0.0011144150906804999 0.24161800419693999
v 0.16152918620367299 -0.0011144150906804999 0.260258821997219
v 0.16152918620367299 -0.0011144150906804999 0.27889963979749699
v 0.16152918620367299 -0.0011144150906804999 0.29754045759777498
v 0.142888368403395 -0.0011144150906804999 0.29754045759777498
v 0.16152918620367299 0.0175264027095977 0.073850643994437096
v 0.16152918620367299 0.0175264027095977 0.092491461794715193
v 0.16152918620367299 0.0175264027095977 0.111132279594993
v 0.16152918620367299 0.0175264027095977 0.12977309739527201
v 0.16152918620367299 0.0175264027095977 0.14841391519555
v 0.16152918620367299 0.0175264027095977 0.16705473299582799
v 0.16152918620367299 0.0175264027095977 0.185695550796106
v 0.16152918620367299 0.0175264027095977 0.20433636859638399
v 0.16152918620367299 0.0175264027095977 0.222977186396662
v 0.16152918620367299 0.0175264027095977 0.24161800419693999
v 0.16152918620367299 0.0175264027095977 0.260258821997219
v 0.16152918620367299 0.0175264027095977 0.27889963979749699
v 0.16152918620367299 0.036167220509875801 0.092491461794715193
v 0.16152918620367299 0.036167220509875801 0.111132279594993
v 0.16152918620367299 0.036167220509875801 0.12977309739527201
v 0.16152918620367299 0.036167220509875801 0.14841391519555
v 0.16152918620367299 0.036167220509875801 0.16705473299582799
v 0.16152918620367299 0.036167220509875801 0.185695550796106
v 0.16152918620367299 0.036167220509875801 0.20433636859638399
v 0.16152918620367299 0.036167220509875801 0.222977186396662
v 0.16152918620367299 0.036167220509875801 0.24161800419693999
v 0.16152918620367299 0.036167220509875801 0.260258821997219
v 0.16152918620367299 0.036167220509875801 0.27889963979749699
v 0.142888368403395 0.0175264027095977 0.29754045759777498
v 0.16152918620367299 0.0175264027095977 0.29754045759777498
v 0.16152918620367299 0.036167220509875801 0.29754045759777498
v 0.16152918620367299 0.054808038310153899 0.092491461794715193
v 0.16152918620367299 0.054808038310153899 0.111132279594993
v 0.16152918620367299 0.054808038310153899 0.12977309739527201
v 0.16152918620367299 0.054808038310153899 0.14841391519555
v 0.16152918620367299 0.054808038310153899 0.16705473299582799
v 0.16152918620367299 0.054808038310153899 0.185695550796106
v 0.16152918620367299 0.054808038310153899 0.20433636859638399
v 0.16152918620367299 0.054808038310153899 0.222977186396662
v 0.16152918620367299 0.054808038310153899 0.24161800419693999
v 0.16152918620367299 0.054808038310153899 0.260258821997219
v 0.16152918620367299 0.054808038310153899 0.27889963979749699
v 0.16152918620367299 0.054808038310153899 0.29754045759777498
v 0.16152918620367299 0.073448856110432101 0.092491461794715193
v 0.16152918620367299 0.073448856110432101 0.111132279594993
v 0.16152918620367299 0.073448856110432101 0.12977309739527201
v 0.16152918620367299 0.073448856110432101 0.14841391519555
v 0.16152918620367299 0.073448856110432101 0.16705473299582799
v 0.16152918620367299 0.073448856110432101 0.185695550796106
v 0.16152918620367299 0.073448856110432101 0.20433636859638399
v 0.16152918620367299 0.073448856110432101 0.222977186396662
v 0.16152918620367299 0.073448856110432101 0.24161800419693999
v 0.16152918620367299 0.073448856110432101 0.260258821997219
v 0.16152918620367299 0.073448856110432101 0.27889963979749699
v 0.16152918620367299 0.092089673910710199 0.111132279594993
v 0.16152918620367299 0.092089673910710199 0.12977309739527201
v 0.16152918620367299 0.092089673910710199 0.14841391519555
v 0.16152918620367299 0.092089673910710199 0.16705473299582799
v 0.16152918620367299 0.092089673910710199 0.185695550796106
v 0.16152918620367299 0.092089673910710199 0.20433636859638399
v 0.16152918620367299 0.092089673910710199 0.222977186396662
v 0.16152918620367299 0.092089673910710199 0.24161800419693999
v 0.16152918620367299 0.092089673910710199 0.260258821997219
v 0.16152918620367299 0.110730491710988 0.111132279594993
v 0.16152918620367299 0.110730491710988 0.12977309739527201
v 0.16152918620367299 0.110730491710988 0.14841391519555
v 0.16152918620367299 0.110730491710988 0.16705473299582799
v 0.16152918620367299 0.110730491710988 0.185695550796106
v 0.16152918620367299 0.110730491710988 0.20433636859638399
v 0.16152918620367299 0.110730491710988 0.222977186396662
v 0.16152918620367299 0.110730491710988 0.24161800419693999
v 0.16152918620367299 0.12937130951126699 0.14841391519555
v 0.16152918620367299 0.12937130951126699 0.16705473299582799
v 0.16152918620367299 0.12937130951126699 0.185695550796106
v 0.16152918620367299 0.12937130951126699 0.20433636859638399
v 0.142888368403395 0.18529376291210101 0.12977309739527201
v 0.16152918620367299 0.18529376291210101 0.12977309739527201
v 0.16152918620367299 0.20393458071237899 0.12977309739527201
v 0.16152918620367299 0.18529376291210101 0.14841391519555
v 0.16152918620367299 0.20393458071237899 0.14841391519555
v 0.16152918620367299 0.18529376291210101 0.16705473299582799
v 0.16152918620367299 0.20393458071237899 0.16705473299582799
v 0.16152918620367299 0.18529376291210101 0.185695550796106
v 0.16152918620367299 0.20393458071237899 0.185695550796106
v 0.16152918620367299 0.20393458071237899 0.092491461794715193
v 0.16152918620367299 0.22257539851265701 0.092491461794715193
v 0.16152918620367299 0.20393458071237899 0.111132279594993
v 0.16152918620367299 0.22257539851265701 0.111132279594993
v 0.16152918620367299 0.22257539851265701 0.12977309739527201
v 0.16152918620367299 0.22257539851265701 0.14841391519555
v 0.16152918620367299 0.22257539851265701 0.16705473299582799
v 0.16152918620367299 0.22257539851265701 0.185695550796106
v 0.16152918620367299 0.20393458071237899 0.20433636859638399
v 0.16152918620367299 0.22257539851265701 0.20433636859638399
v 0.16152918620367299 0.24121621631293499 0.092491461794715193
v 0.16152918620367299 0.24121621631293499 0.111132279594993
v 0.16152918620367299 0.24121621631293499 0.12977309739527201
v 0.16152918620367299 0.24121621631293499 0.14841391519555
v 0.16152918620367299 0.24121621631293499 0.16705473299582799
v 0.16152918620367299 0.24121621631293499 0.185695550796106
v 0.16152918620367299 0.24121621631293499 0.20433636859638399
v 0.16152918620367299 0.22257539851265701 0.222977186396662
v 0.16152918620367299 0.24121621631293499 0.222977186396662
v 0.142888368403395 0.22257539851265701 0.24161800419693999
v 0.16152918620367299 0.22257539851265701 0.24161800419693999
v 0.16152918620367299 0.24121621631293499 0.24161800419693999
v 0.142888368403395 0.24121621631293499 0.24161800419693999
v 0.142888368403395 0.22257539851265701 0.260258821997219
v 0.16152918620367299 0.22257539851265701 0.260258821997219
v 0.16152918620367299 0.24121621631293499 0.260258821997219
v 0.142888368403395 0.24121621631293499 0.260258821997219
v 0.142888368403395 0.22257539851265701 0.27889963979749699
v 0.16152918620367299 0.22257539851265701 0.27889963979749699
v 0.16152918620367299 0.24121621631293499 0.27889963979749699
v 0.142888368403395 0.24121621631293499 0.27889963979749699
v 0.142888368403395 0.22257539851265701 0.29754045759777498
v 0.16152918620367299 0.22257539851265701 0.29754045759777498
v 0.16152918620367299 0.24121621631293499 0.29754045759777498
v 0.142888368403395 0.24121621631293499 0.29754045759777498
v 0.16152918620367299 0.24121621631293499 0.073850643994437096
v 0.16152918620367299 0.25985703411321398 0.073850643994437096
v 0.16152918620367299 0.25985703411321398 0.092491461794715193
v 0.16152918620367299 0.25985703411321398 0.111132279594993
v 0.16152918620367299 0.25985703411321398 0.12977309739527201
v 0.16152918620367299 0.25985703411321398 0.14841391519555
v 0.16152918620367299 0.25985703411321398 0.16705473299582799
v 0.16152918620367299 0.25985703411321398 0.185695550796106
v 0.16152918620367299 0.25985703411321398 0.20433636859638399
v 0.16152918620367299 0.25985703411321398 0.222977186396662
v 0.16152918620367299 0.25985703411321398 0.24161800419693999
v 0.16152918620367299 0.25985703411321398 0.260258821997219
v 0.142888368403395 0.25985703411321398 0.260258821997219
v 0.16152918620367299 0.25985703411321398 0.27889963979749699
v 0.16152918620367299 0.25985703411321398 0.29754045759777498
v 0.142888368403395 0.24121621631293499 0.31618127539805302
v 0.16152918620367299 0.24121621631293499 0.31618127539805302
v 0.16152918620367299 0.25985703411321398 0.31618127539805302
v 0.16152918620367299 0.27849785191349202 0.073850643994437096
v 0.16152918620367299 0.27849785191349202 0.092491461794715193
v 0.16152918620367299 0.27849785191349202 0.111132279594993
v 0.16152918620367299 0.27849785191349202 0.12977309739527201
v 0.16152918620367299 0.27849785191349202 0.14841391519555
v 0.16152918620367299 0.27849785191349202 0.16705473299582799
v 0.16152918620367299 0.27849785191349202 0.185695550796106
v 0.16152918620367299 0.27849785191349202 0.20433636859638399
v 0.16152918620367299 0.27849785191349202 0.222977186396662
v 0.16152918620367299 0.27849785191349202 0.24161800419693999
v 0.16152918620367299 0.27849785191349202 0.260258821997219
v 0.142888368403395 0.27849785191349202 0.260258821997219
v 0.16152918620367299 0.27849785191349202 0.27889963979749699
v 0.16152918620367299 0.27849785191349202 0.29754045759777498
v 0.16152918620367299 0.27849785191349202 0.31618127539805302
v 0.16152918620367299 0.25985703411321398 0.33482209319833101
v 0.16152918620367299 0.27849785191349202 0.33482209319833101
v 0.16152918620367299 0.29713866971377001 0.073850643994437096
v 0.16152918620367299 0.29713866971377001 0.092491461794715193
v 0.16152918620367299 0.29713866971377001 0.111132279594993
v 0.16152918620367299 0.29713866971377001 0.12977309739527201
v 0.16152918620367299 0.29713866971377001 0.14841391519555
v 0.16152918620367299 0.29713866971377001 0.16705473299582799
v 0.16152918620367299 0.29713866971377001 0.185695550796106
v 0.16152918620367299 0.29713866971377001 0.20433636859638399
v 0.16152918620367299 0.29713866971377001 0.222977186396662
v 0.16152918620367299 0.29713866971377001 0.24161800419693999
v 0.16152918620367299 0.29713866971377001 0.27889963979749699
v 0.142888368403395 0.29713866971377001 0.27889963979749699
v 0.16152918620367299 0.29713866971377001 0.29754045759777498
v 0.16152918620367299 0.29713866971377001 0.31618127539805302
v 0.16152918620367299 0.29713866971377001 0.33482209319833101
v 0.16152918620367299 0.27849785191349202 0.35346291099860899
v 0.16152918620367299 0.29713866971377001 0.35346291099860899
v 0.16152918620367299 0.315779487514048 0.073850643994437096
v 0.16152918620367299 0.315779487514048 0.092491461794715193
v 0.16152918620367299 0.315779487514048 0.111132279594993
v 0.16152918620367299 0.315779487514048 0.12977309739527201
v 0.16152918620367299 0.315779487514048 0.14841391519555
v 0.16152918620367299 0.315779487514048 0.16705473299582799
v 0.16152918620367299 0.315779487514048 0.185695550796106
v 0.16152918620367299 0.315779487514048 0.20433636859638399
v 0.16152918620367299 0.315779487514048 0.222977186396662
v 0.16152918620367299 0.315779487514048 0.24161800419693999
v 0.142888368403395 0.315779487514048 0.24161800419693999
v 0.16152918620367299 0.315779487514048 0.29754045759777498
v 0.16152918620367299 0.315779487514048 0.31618127539805302
v 0.16152918620367299 0.315779487514048 0.33482209319833101
v 0.16152918620367299 0.315779487514048 0.35346291099860899
v 0.16152918620367299 0.29713866971377001 0.37210372879888698
v 0.16152918620367299 0.315779487514048 0.37210372879888698
v 0.16152918620367299 0.29713866971377001 0.39074454659916602
v 0.16152918620367299 0.315779487514048 0.39074454659916602
v 0.16152918620367299 0.33442030531432598 0.073850643994437096
v 0.16152918620367299 0.33442030531432598 0.092491461794715193
v 0.16152918620367299 0.33442030531432598 0.111132279594993
v 0.16152918620367299 0.33442030531432598 0.12977309739527201
v 0.16152918620367299 0.33442030531432598 0.14841391519555
v 0.16152918620367299 0.33442030531432598 0.16705473299582799
v 0.16152918620367299 0.33442030531432598 0.185695550796106
v 0.16152918620367299 0.33442030531432598 0.20433636859638399
v 0.16152918620367299 0.33442030531432598 0.222977186396662
v 0.16152918620367299 0.33442030531432598 0.31618127539805302
v 0.16152918620367299 0.33442030531432598 0.33482209319833101
v 0.16152918620367299 0.33442030531432598 0.35346291099860899
v 0.16152918620367299 0.33442030531432598 0.37210372879888698
v 0.16152918620367299 0.33442030531432598 0.39074454659916602
v 0.16152918620367299 0.35306112311460403 0.092491461794715193
v 0.142888368403395 0.35306112311460403 0.092491461794715193
v 0.16152918620367299 0.35306112311460403 0.111132279594993
v 0.142888368403395 0.35306112311460403 0.111132279594993
v 0.16152918620367299 0.35306112311460403 0.12977309739527201
v 0.16152918620367299 0.35306112311460403 0.14841391519555
v 0.16152918620367299 0.35306112311460403 0.16705473299582799
v 0.16152918620367299 0.35306112311460403 0.185695550796106
v 0.16152918620367299 0.35306112311460403 0.20433636859638399
v 0.16152918620367299 0.35306112311460403 0.35346291099860899
v 0.16152918620367299 0.35306112311460403 0.37210372879888698
v 0.142888368403395 0.40898357651543898 0.260258821997219
v 0.16152918620367299 0.40898357651543898 0.260258821997219
v 0.16152918620367299 0.42762439431571703 0.260258821997219
v 0.142888368403395 0.40898357651543898 0.27889963979749699
v 0.16152918620367299 0.40898357651543898 0.27889963979749699
v 0.16152918620367299 0.42762439431571703 0.27889963979749699
v 0.16152918620367299 0.44626521211599501 0.260258821997219
v 0.16152918620367299 0.44626521211599501 0.27889963979749699
v 0.16152918620367299 0.42762439431571703 0.29754045759777498
v 0.16152918620367299 0.44626521211599501 0.29754045759777498
v 0.16152918620367299 0.42762439431571703 0.31618127539805302
v 0.16152918620367299 0.44626521211599501 0.31618127539805302
v 0.16152918620367299 0.42762439431571703 0.33482209319833101
v 0.16152918620367299 0.44626521211599501 0.33482209319833101
v 0.142888368403395 0.42762439431571703 0.35346291099860899
v 0.16152918620367299 0.42762439431571703 0.35346291099860899
v 0.16152918620367299 0.44626521211599501 0.35346291099860899
v 0.16152918620367299 0.464906029916273 0.260258821997219
v 0.16152918620367299 0.464906029916273 0.27889963979749699
v 0.16152918620367299 0.464906029916273 0.29754045759777498
v 0.16152918620367299 0.464906029916273 0.31618127539805302
v 0.16152918620367299 0.464906029916273 0.33482209319833101
v 0.16152918620367299 0.464906029916273 0.35346291099860899
v 0.16152918620367299 0.464906029916273 0.24161800419693999
v 0.16152918620367299 0.48354684771655099 0.24161800419693999
v 0.16152918620367299 0.48354684771655099 0.260258821997219
v 0.16152918620367299 0.48354684771655099 0.27889963979749699
v 0.16152918620367299 0.48354684771655099 0.29754045759777498
v 0.16152918620367299 0.48354684771655099 0.31618127539805302
v 0.16152918620367299 0.48354684771655099 0.33482209319833101
v 0.16152918620367299 0.48354684771655099 0.35346291099860899
v 0.16152918620367299 0.50218766551682903 0.24161800419693999
v 0.16152918620367299 0.50218766551682903 0.260258821997219
v 0.16152918620367299 0.50218766551682903 0.27889963979749699
v 0.16152918620367299 0.50218766551682903 0.29754045759777498
v 0.16152918620367299 0.50218766551682903 0.31618127539805302
v 0.16152918620367299 0.50218766551682903 0.33482209319833101
v 0.16152918620367299 0.50218766551682903 0.35346291099860899
v 0.16152918620367299 0.52082848331710796 0.24161800419693999
v 0.16152918620367299 0.52082848331710796 0.260258821997219
v 0.16152918620367299 0.52082848331710796 0.27889963979749699
v 0.16152918620367299 0.52082848331710796 0.29754045759777498
v 0.16152918620367299 0.52082848331710796 0.31618127539805302
v 0.16152918620367299 0.52082848331710796 0.33482209319833101
v 0.16152918620367299 0.539469301117386 0.27889963979749699
v 0.16152918620367299 0.539469301117386 0.29754045759777498
v 0.16152918620367299 0.539469301117386 0.31618127539805302
v 0.180170004003951 -0.29936749989513101 0.16705473299582799
v 0.180170004003951 -0.28072668209485302 0.16705473299582799
v 0.180170004003951 -0.29936749989513101 0.185695550796106
v 0.180170004003951 -0.28072668209485302 0.185695550796106
v 0.180170004003951 -0.29936749989513101 0.20433636859638399
v 0.180170004003951 -0.28072668209485302 0.20433636859638399
v 0.180170004003951 -0.29936749989513101 0.222977186396662
v 0.180170004003951 -0.28072668209485302 0.222977186396662
v 0.180170004003951 -0.29936749989513101 0.24161800419693999
v 0.180170004003951 -0.28072668209485302 0.24161800419693999
v 0.180170004003951 -0.29936749989513101 0.260258821997219
v 0.180170004003951 -0.28072668209485302 0.260258821997219
v 0.180170004003951 -0.29936749989513101 0.27889963979749699
v 0.180170004003951 -0.28072668209485302 0.27889963979749699
v 0.180170004003951 -0.28072668209485302 0.14841391519555
v 0.180170004003951 -0.26208586429457498 0.14841391519555
v 0.180170004003951 -0.26208586429457498 0.16705473299582799
v 0.180170004003951 -0.26208586429457498 0.185695550796106
v 0.180170004003951 -0.26208586429457498 0.20433636859638399
v 0.180170004003951 -0.26208586429457498 0.222977186396662
v 0.180170004003951 -0.26208586429457498 0.24161800419693999
v 0.180170004003951 -0.26208586429457498 0.260258821997219
v 0.180170004003951 -0.26208586429457498 0.27889963979749699
v 0.180170004003951 -0.28072668209485302 0.29754045759777498
v 0.180170004003951 -0.26208586429457498 0.29754045759777498
v 0.180170004003951 -0.24344504649429599 0.14841391519555
v 0.180170004003951 -0.24344504649429599 0.16705473299582799
v 0.180170004003951 -0.24344504649429599 0.185695550796106
v 0.180170004003951 -0.24344504649429599 0.20433636859638399
v 0.180170004003951 -0.24344504649429599 0.222977186396662
v 0.180170004003951 -0.24344504649429599 0.24161800419693999
v 0.180170004003951 -0.24344504649429599 0.260258821997219
v 0.180170004003951 -0.24344504649429599 0.27889963979749699
v 0.180170004003951 -0.24344504649429599 0.29754045759777498
v 0.180170004003951 -0.26208586429457498 0.31618127539805302
v 0.180170004003951 -0.24344504649429599 0.31618127539805302
v 0.180170004003951 -0.24344504649429599 0.111132279594993
v 0.180170004003951 -0.224804228694018 0.111132279594993
v 0.180170004003951 -0.24344504649429599 0.12977309739527201
v 0.180170004003951 -0.224804228694018 0.12977309739527201
v 0.180170004003951 -0.224804228694018 0.14841391519555
v 0.180170004003951 -0.224804228694018 0.16705473299582799
v 0.180170004003951 -0.224804228694018 0.185695550796106
v 0.180170004003951 -0.224804228694018 0.20433636859638399
v 0.180170004003951 -0.224804228694018 0.222977186396662
v 0.180170004003951 -0.224804228694018 0.24161800419693999
v 0.180170004003951 -0.224804228694018 0.260258821997219
v 0.180170004003951 -0.224804228694018 0.27889963979749699
v 0.180170004003951 -0.224804228694018 0.29754045759777498
v 0.180170004003951 -0.224804228694018 0.31618127539805302
v 0.180170004003951 -0.224804228694018 0.092491461794715193
v 0.180170004003951 -0.20616341089373999 0.092491461794715193
v 0.180170004003951 -0.20616341089373999 0.111132279594993
v 0.180170004003951 -0.20616341089373999 0.12977309739527201
v 0.180170004003951 -0.20616341089373999 0.14841391519555
v 0.180170004003951 -0.20616341089373999 0.16705473299582799
v 0.180170004003951 -0.20616341089373999 0.185695550796106
v 0.180170004003951 -0.20616341089373999 0.20433636859638399
v 0.180170004003951 -0.20616341089373999 0.222977186396662
v 0.180170004003951 -0.20616341089373999 0.24161800419693999
v 0.180170004003951 -0.20616341089373999 0.260258821997219
v 0.180170004003951 -0.20616341089373999 0.27889963979749699
v 0.180170004003951 -0.20616341089373999 0.29754045759777498
v 0.180170004003951 -0.20616341089373999 0.31618127539805302
v 0.180170004003951 -0.20616341089373999 0.073850643994437096
v 0.180170004003951 -0.187522593093462 0.073850643994437096
v 0.180170004003951 -0.187522593093462 0.092491461794715193
v 0.180170004003951 -0.187522593093462 0.111132279594993
v 0.180170004003951 -0.187522593093462 0.12977309739527201
v 0.180170004003951 -0.187522593093462 0.14841391519555
v 0.180170004003951 -0.187522593093462 0.16705473299582799
v 0.180170004003951 -0.187522593093462 0.185695550796106
v 0.180170004003951 -0.187522593093462 0.20433636859638399
v 0.180170004003951 -0.187522593093462 0.222977186396662
v 0.180170004003951 -0.187522593093462 0.24161800419693999
v 0.180170004003951 -0.187522593093462 0.260258821997219
v 0.180170004003951 -0.187522593093462 0.27889963979749699
v 0.180170004003951 -0.187522593093462 0.29754045759777498
v 0.180170004003951 -0.187522593093462 0.31618127539805302
v 0.180170004003951 -0.20616341089373999 0.33482209319833101
v 0.180170004003951 -0.187522593093462 0.33482209319833101
v 0.180170004003951 -0.16888177529318399 0.073850643994437096
v 0.180170004003951 -0.16888177529318399 0.092491461794715193
v 0.180170004003951 -0.16888177529318399 0.111132279594993
v 0.180170004003951 -0.16888177529318399 0.12977309739527201
v 0.180170004003951 -0.16888177529318399 0.14841391519555
v 0.180170004003951 -0.16888177529318399 0.16705473299582799
v 0.180170004003951 -0.16888177529318399 0.185695550796106
v 0.180170004003951 -0.16888177529318399 0.20433636859638399
v 0.180170004003951 -0.16888177529318399 0.222977186396662
v 0.180170004003951 -0.16888177529318399 0.24161800419693999
v 0.180170004003951 -0.16888177529318399 0.260258821997219
v 0.180170004003951 -0.16888177529318399 0.27889963979749699
v 0.180170004003951 -0.16888177529318399 0.29754045759777498
v 0.180170004003951 -0.16888177529318399 0.31618127539805302
v 0.180170004003951 -0.16888177529318399 0.33482209319833101
v 0.180170004003951 -0.150240957492906 0.073850643994437096
v 0.180170004003951 -0.150240957492906 0.092491461794715193
v 0.180170004003951 -0.150240957492906 0.111132279594993
v 0.180170004003951 -0.150240957492906 0.12977309739527201
v 0.180170004003951 -0.150240957492906 0.14841391519555
v 0.180170004003951 -0.150240957492906 0.16705473299582799
v 0.180170004003951 -0.150240957492906 0.185695550796106
v 0.180170004003951 -0.150240957492906 0.20433636859638399
v 0.180170004003951 -0.150240957492906 0.222977186396662
v 0.180170004003951 -0.150240957492906 0.24161800419693999
v 0.180170004003951 -0.150240957492906 0.260258821997219
v 0.180170004003951 -0.150240957492906 0.27889963979749699
v 0.180170004003951 -0.150240957492906 0.29754045759777498
v 0.180170004003951 -0.150240957492906 0.31618127539805302
v 0.180170004003951 -0.150240957492906 0.33482209319833101
v 0.180170004003951 -0.13160013969262799 0.073850643994437096
v 0.180170004003951 -0.13160013969262799 0.092491461794715193
v 0.180170004003951 -0.13160013969262799 0.111132279594993
v 0.180170004003951 -0.13160013969262799 0.12977309739527201
v 0.180170004003951 -0.13160013969262799 0.14841391519555
v 0.180170004003951 -0.13160013969262799 0.16705473299582799
v 0.180170004003951 -0.13160013969262799 0.185695550796106
v 0.180170004003951 -0.13160013969262799 0.20433636859638399
v 0.180170004003951 -0.13160013969262799 0.222977186396662
v 0.180170004003951 -0.13160013969262799 0.24161800419693999
v 0.180170004003951 -0.13160013969262799 0.260258821997219
v 0.180170004003951 -0.13160013969262799 0.27889963979749699
v 0.180170004003951 -0.13160013969262799 0.29754045759777498
v 0.180170004003951 -0.13160013969262799 0.31618127539805302
v 0.180170004003951 -0.13160013969262799 0.33482209319833101
v 0.180170004003951 -0.150240957492906 0.35346291099860899
v 0.180170004003951 -0.13160013969262799 0.35346291099860899
v 0.180170004003951 -0.112959321892349 0.073850643994437096
v 0.16152918620367299 -0.112959321892349 0.073850643994437096
v 0.180170004003951 -0.112959321892349 0.092491461794715193
v 0.16152918620367299 -0.112959321892349 0.092491461794715193
v 0.180170004003951 -0.112959321892349 0.111132279594993
v 0.180170004003951 -0.112959321892349 0.12977309739527201
v 0.180170004003951 -0.112959321892349 0.14841391519555
v 0.180170004003951 -0.112959321892349 0.16705473299582799
v 0.180170004003951 -0.112959321892349 0.185695550796106
v 0.180170004003951 -0.112959321892349 0.20433636859638399
v 0.180170004003951 -0.112959321892349 0.222977186396662
v 0.180170004003951 -0.112959321892349 0.24161800419693999
v 0.180170004003951 -0.112959321892349 0.260258821997219
v 0.180170004003951 -0.112959321892349 0.27889963979749699
v 0.180170004003951 -0.112959321892349 0.29754045759777498
v 0.180170004003951 -0.112959321892349 0.31618127539805302
v 0.180170004003951 -0.112959321892349 0.33482209319833101
v 0.180170004003951 -0.112959321892349 0.35346291099860899
v 0.180170004003951 -0.094318504092071306 0.111132279594993
v 0.180170004003951 -0.094318504092071306 0.12977309739527201
v 0.180170004003951 -0.094318504092071306 0.14841391519555
v 0.180170004003951 -0.094318504092071306 0.16705473299582799
v 0.180170004003951 -0.094318504092071306 0.185695550796106
v 0.180170004003951 -0.094318504092071306 0.20433636859638399
v 0.180170004003951 -0.094318504092071306 0.222977186396662
v 0.180170004003951 -0.094318504092071306 0.24161800419693999
v 0.180170004003951 -0.094318504092071306 0.260258821997219
v 0.180170004003951 -0.094318504092071306 0.27889963979749699
v 0.180170004003951 -0.094318504092071306 0.29754045759777498
v 0.180170004003951 -0.094318504092071306 0.31618127539805302
v 0.180170004003951 -0.094318504092071306 0.33482209319833101
v 0.180170004003951 -0.094318504092071306 0.35346291099860899
v 0.180170004003951 -0.075677686291793098 0.111132279594993
v 0.180170004003951 -0.075677686291793098 0.12977309739527201
v 0.180170004003951 -0.075677686291793098 0.14841391519555
v 0.180170004003951 -0.075677686291793098 0.16705473299582799
v 0.180170004003951 -0.075677686291793098 0.185695550796106
v 0.180170004003951 -0.075677686291793098 0.20433636859638399
v 0.180170004003951 -0.075677686291793098 0.222977186396662
v 0.180170004003951 -0.075677686291793098 0.24161800419693999
v 0.180170004003951 -0.075677686291793098 0.260258821997219
v 0.180170004003951 -0.075677686291793098 0.27889963979749699
v 0.180170004003951 -0.075677686291793098 0.29754045759777498
v 0.180170004003951 -0.075677686291793098 0.31618127539805302
v 0.180170004003951 -0.075677686291793098 0.33482209319833101
v 0.180170004003951 -0.075677686291793098 0.35346291099860899
v 0.180170004003951 -0.057036868491515 0.111132279594993
v 0.180170004003951 -0.057036868491515 0.12977309739527201
v 0.180170004003951 -0.057036868491515 0.14841391519555
v 0.180170004003951 -0.057036868491515 0.16705473299582799
v 0.180170004003951 -0.057036868491515 0.185695550796106
v 0.180170004003951 -0.057036868491515 0.20433636859638399
v 0.180170004003951 -0.057036868491515 0.222977186396662
v 0.180170004003951 -0.057036868491515 0.24161800419693999
v 0.180170004003951 -0.057036868491515 0.260258821997219
v 0.180170004003951 -0.057036868491515 0.27889963979749699
v 0.180170004003951 -0.057036868491515 0.29754045759777498
v 0.180170004003951 -0.057036868491515 0.31618127539805302
v 0.180170004003951 -0.057036868491515 0.33482209319833101
v 0.180170004003951 -0.057036868491515 0.35346291099860899
v 0.16152918620367299 -0.057036868491515 0.35346291099860899
v 0.16152918620367299 -0.057036868491515 0.092491461794715193
v 0.180170004003951 -0.057036868491515 0.092491461794715193
v 0.180170004003951 -0.038396050691236798 0.092491461794715193
v 0.180170004003951 -0.038396050691236798 0.111132279594993
v 0.180170004003951 -0.038396050691236798 0.12977309739527201
v 0.180170004003951 -0.038396050691236798 0.14841391519555
v 0.180170004003951 -0.038396050691236798 0.16705473299582799
v 0.180170004003951 -0.038396050691236798 0.185695550796106
v 0.180170004003951 -0.038396050691236798 0.20433636859638399
v 0.180170004003951 -0.038396050691236798 0.222977186396662
v 0.180170004003951 -0.038396050691236798 0.24161800419693999
v 0.180170004003951 -0.038396050691236798 0.260258821997219
v 0.180170004003951 -0.038396050691236798 0.27889963979749699
v 0.180170004003951 -0.038396050691236798 0.29754045759777498
v 0.180170004003951 -0.038396050691236798 0.31618127539805302
v 0.180170004003951 -0.038396050691236798 0.33482209319833101
v 0.16152918620367299 -0.038396050691236798 0.33482209319833101
v 0.180170004003951 -0.0197552328909587 0.092491461794715193
v 0.180170004003951 -0.0197552328909587 0.111132279594993
v 0.180170004003951 -0.0197552328909587 0.12977309739527201
v 0.180170004003951 -0.0197552328909587 0.14841391519555
v 0.180170004003951 -0.0197552328909587 0.16705473299582799
v 0.180170004003951 -0.0197552328909587 0.185695550796106
v 0.180170004003951 -0.0197552328909587 0.20433636859638399
v 0.180170004003951 -0.0197552328909587 0.222977186396662
v 0.180170004003951 -0.0197552328909587 0.24161800419693999
v 0.180170004003951 -0.0197552328909587 0.260258821997219
v 0.180170004003951 -0.0197552328909587 0.27889963979749699
v 0.180170004003951 -0.0197552328909587 0.29754045759777498
v 0.180170004003951 -0.0197552328909587 0.31618127539805302
v 0.16152918620367299 -0.0197552328909587 0.31618127539805302
v 0.180170004003951 -0.0197552328909587 0.073850643994437096
v 0.180170004003951 -0.0011144150906804999 0.073850643994437096
v 0.180170004003951 -0.0011144150906804999 0.092491461794715193
v 0.180170004003951 -0.0011144150906804999 0.111132279594993
v 0.180170004003951 -0.0011144150906804999 0.12977309739527201
v 0.180170004003951 -0.0011144150906804999 0.14841391519555
v 0.180170004003951 -0.0011144150906804999 0.16705473299582799
v 0.180170004003951 -0.0011144150906804999 0.185695550796106
v 0.180170004003951 -0.0011144150906804999 0.20433636859638399
v 0.180170004003951 -0.0011144150906804999 0.222977186396662
v 0.180170004003951 -0.0011144150906804999 0.24161800419693999
v 0.180170004003951 -0.0011144150906804999 0.260258821997219
v 0.180170004003951 -0.0011144150906804999 0.27889963979749699
v 0.180170004003951 -0.0011144150906804999 0.29754045759777498
v 0.180170004003951 0.0175264027095977 0.073850643994437096
v 0.180170004003951 0.0175264027095977 0.092491461794715193
v 0.180170004003951 0.0175264027095977 0.111132279594993
v 0.180170004003951 0.0175264027095977 0.12977309739527201
v 0.180170004003951 0.0175264027095977 0.14841391519555
v 0.180170004003951 0.0175264027095977 0.16705473299582799
v 0.180170004003951 0.0175264027095977 0.185695550796106
v 0.180170004003951 0.0175264027095977 0.20433636859638399
v 0.180170004003951 0.0175264027095977 0.222977186396662
v 0.180170004003951 0.0175264027095977 0.24161800419693999
v 0.180170004003951 0.0175264027095977 0.260258821997219
v 0.180170004003951 0.0175264027095977 0.27889963979749699
v 0.180170004003951 0.0175264027095977 0.29754045759777498
v 0.180170004003951 0.036167220509875801 0.073850643994437096
v 0.16152918620367299 0.036167220509875801 0.073850643994437096
v 0.180170004003951 0.036167220509875801 0.092491461794715193
v 0.180170004003951 0.036167220509875801 0.111132279594993
v 0.180170004003951 0.036167220509875801 0.12977309739527201
v 0.180170004003951 0.036167220509875801 0.14841391519555
v 0.180170004003951 0.036167220509875801 0.16705473299582799
v 0.180170004003951 0.036167220509875801 0.185695550796106
v 0.180170004003951 0.036167220509875801 0.20433636859638399
v 0.180170004003951 0.036167220509875801 0.222977186396662
v 0.180170004003951 0.036167220509875801 0.24161800419693999
v 0.180170004003951 0.036167220509875801 0.260258821997219
v 0.180170004003951 0.036167220509875801 0.27889963979749699
v 0.180170004003951 0.036167220509875801 0.29754045759777498
v 0.180170004003951 0.054808038310153899 0.092491461794715193
v 0.180170004003951 0.054808038310153899 0.111132279594993
v 0.180170004003951 0.054808038310153899 0.12977309739527201
v 0.180170004003951 0.054808038310153899 0.14841391519555
v 0.180170004003951 0.054808038310153899 0.16705473299582799
v 0.180170004003951 0.054808038310153899 0.185695550796106
v 0.180170004003951 0.054808038310153899 0.20433636859638399
v 0.180170004003951 0.054808038310153899 0.222977186396662
v 0.180170004003951 0.054808038310153899 0.24161800419693999
v 0.180170004003951 0.054808038310153899 0.260258821997219
v 0.180170004003951 0.054808038310153899 0.27889963979749699
v 0.180170004003951 0.054808038310153899 0.29754045759777498
v 0.16152918620367299 0.036167220509875801 0.31618127539805302
v 0.180170004003951 0.036167220509875801 0.31618127539805302
v 0.180170004003951 0.054808038310153899 0.31618127539805302
v 0.16152918620367299 0.054808038310153899 0.31618127539805302
v 0.180170004003951 0.073448856110432101 0.092491461794715193
v 0.180170004003951 0.073448856110432101 0.111132279594993
v 0.180170004003951 0.073448856110432101 0.12977309739527201
v 0.180170004003951 0.073448856110432101 0.14841391519555
v 0.180170004003951 0.073448856110432101 0.16705473299582799
v 0.180170004003951 0.073448856110432101 0.185695550796106
v 0.180170004003951 0.073448856110432101 0.20433636859638399
v 0.180170004003951 0.073448856110432101 0.222977186396662
v 0.180170004003951 0.073448856110432101 0.24161800419693999
v 0.180170004003951 0.073448856110432101 0.260258821997219
v 0.180170004003951 0.073448856110432101 0.27889963979749699
v 0.180170004003951 0.092089673910710199 0.111132279594993
v 0.180170004003951 0.092089673910710199 0.12977309739527201
v 0.180170004003951 0.092089673910710199 0.14841391519555
v 0.180170004003951 0.092089673910710199 0.16705473299582799
v 0.180170004003951 0.092089673910710199 0.185695550796106
v 0.180170004003951 0.092089673910710199 0.20433636859638399
v 0.180170004003951 0.092089673910710199 0.222977186396662
v 0.180170004003951 0.092089673910710199 0.24161800419693999
v 0.180170004003951 0.092089673910710199 0.260258821997219
v 0.180170004003951 0.110730491710988 0.12977309739527201
v 0.180170004003951 0.110730491710988 0.14841391519555
v 0.180170004003951 0.110730491710988 0.16705473299582799
v 0.180170004003951 0.110730491710988 0.185695550796106
v 0.180170004003951 0.110730491710988 0.20433636859638399
v 0.180170004003951 0.110730491710988 0.222977186396662
v 0.180170004003951 0.110730491710988 0.24161800419693999
v 0.180170004003951 0.18529376291210101 0.12977309739527201
v 0.180170004003951 0.20393458071237899 0.12977309739527201
v 0.180170004003951 0.18529376291210101 0.14841391519555
v 0.180170004003951 0.20393458071237899 0.14841391519555
v 0.180170004003951 0.18529376291210101 0.16705473299582799
v 0.180170004003951 0.20393458071237899 0.16705473299582799
v 0.180170004003951 0.18529376291210101 0.185695550796106
v 0.180170004003951 0.20393458071237899 0.185695550796106
v 0.16152918620367299 0.18529376291210101 0.20433636859638399
v 0.180170004003951 0.18529376291210101 0.20433636859638399
v 0.180170004003951 0.20393458071237899 0.20433636859638399
v 0.180170004003951 0.20393458071237899 0.092491461794715193
v 0.180170004003951 0.22257539851265701 0.092491461794715193
v 0.180170004003951 0.20393458071237899 0.111132279594993
v 0.180170004003951 0.22257539851265701 0.111132279594993
v 0.180170004003951 0.22257539851265701 0.12977309739527201
v 0.180170004003951 0.22257539851265701 0.14841391519555
v 0.180170004003951 0.22257539851265701 0.16705473299582799
v 0.180170004003951 0.22257539851265701 0.185695550796106
v 0.180170004003951 0.22257539851265701 0.20433636859638399
v 0.16152918620367299 0.20393458071237899 0.222977186396662
v 0.180170004003951 0.20393458071237899 0.222977186396662
v 0.180170004003951 0.22257539851265701 0.222977186396662
v 0.16152918620367299 0.20393458071237899 0.24161800419693999
v 0.180170004003951 0.20393458071237899 0.24161800419693999
v 0.180170004003951 0.22257539851265701 0.24161800419693999
v 0.16152918620367299 0.20393458071237899 0.260258821997219
v 0.180170004003951 0.20393458071237899 0.260258821997219
v 0.180170004003951 0.22257539851265701 0.260258821997219
v 0.16152918620367299 0.20393458071237899 0.27889963979749699
v 0.180170004003951 0.20393458071237899 0.27889963979749699
v 0.180170004003951 0.22257539851265701 0.27889963979749699
v 0.180170004003951 0.24121621631293499 0.092491461794715193
v 0.180170004003951 0.24121621631293499 0.111132279594993
v 0.180170004003951 0.24121621631293499 0.12977309739527201
v 0.180170004003951 0.24121621631293499 0.14841391519555
v 0.180170004003951 0.24121621631293499 0.16705473299582799
v 0.180170004003951 0.24121621631293499 0.185695550796106
v 0.180170004003951 0.24121621631293499 0.20433636859638399
v 0.180170004003951 0.24121621631293499 0.222977186396662
v 0.180170004003951 0.24121621631293499 0.24161800419693999
v 0.180170004003951 0.24121621631293499 0.260258821997219
v 0.180170004003951 0.24121621631293499 0.27889963979749699
v 0.180170004003951 0.22257539851265701 0.29754045759777498
v 0.180170004003951 0.24121621631293499 0.29754045759777498
v 0.180170004003951 0.24121621631293499 0.073850643994437096
v 0.180170004003951 0.25985703411321398 0.073850643994437096
v 0.180170004003951 0.25985703411321398 0.092491461794715193
v 0.180170004003951 0.25985703411321398 0.111132279594993
v 0.180170004003951 0.25985703411321398 0.12977309739527201
v 0.180170004003951 0.25985703411321398 0.14841391519555
v 0.180170004003951 0.25985703411321398 0.16705473299582799
v 0.180170004003951 0.25985703411321398 0.185695550796106
v 0.180170004003951 0.25985703411321398 0.20433636859638399
v 0.180170004003951 0.25985703411321398 0.222977186396662
v 0.180170004003951 0.25985703411321398 0.24161800419693999
v 0.180170004003951 0.25985703411321398 0.260258821997219
v 0.180170004003951 0.25985703411321398 0.27889963979749699
v 0.180170004003951 0.25985703411321398 0.29754045759777498
v 0.180170004003951 0.24121621631293499 0.31618127539805302
v 0.180170004003951 0.25985703411321398 0.31618127539805302
v 0.180170004003951 0.27849785191349202 0.073850643994437096
v 0.180170004003951 0.27849785191349202 0.092491461794715193
v 0.180170004003951 0.27849785191349202 0.111132279594993
v 0.180170004003951 0.27849785191349202 0.12977309739527201
v 0.180170004003951 0.27849785191349202 0.14841391519555
v 0.180170004003951 0.27849785191349202 0.16705473299582799
v 0.180170004003951 0.27849785191349202 0.185695550796106
v 0.180170004003951 0.27849785191349202 0.20433636859638399
v 0.180170004003951 0.27849785191349202 0.222977186396662
v 0.180170004003951 0.27849785191349202 0.24161800419693999
v 0.180170004003951 0.27849785191349202 0.260258821997219
v 0.180170004003951 0.27849785191349202 0.27889963979749699
v 0.180170004003951 0.27849785191349202 0.29754045759777498
v 0.180170004003951 0.27849785191349202 0.31618127539805302
v 0.180170004003951 0.25985703411321398 0.33482209319833101
v 0.180170004003951 0.27849785191349202 0.33482209319833101
v 0.180170004003951 0.29713866971377001 0.073850643994437096
v 0.180170004003951 0.29713866971377001 0.092491461794715193
v 0.180170004003951 0.29713866971377001 0.111132279594993
v 0.180170004003951 0.29713866971377001 0.12977309739527201
v 0.180170004003951 0.29713866971377001 0.14841391519555
v 0.180170004003951 0.29713866971377001 0.16705473299582799
v 0.180170004003951 0.29713866971377001 0.185695550796106
v 0.180170004003951 0.29713866971377001 0.20433636859638399
v 0.180170004003951 0.29713866971377001 0.222977186396662
v 0.180170004003951 0.29713866971377001 0.24161800419693999
v 0.180170004003951 0.29713866971377001 0.260258821997219
v 0.16152918620367299 0.29713866971377001 0.260258821997219
v 0.180170004003951 0.29713866971377001 0.27889963979749699
v 0.180170004003951 0.29713866971377001 0.29754045759777498
v 0.180170004003951 0.29713866971377001 0.31618127539805302
v 0.180170004003951 0.29713866971377001 0.33482209319833101
v 0.180170004003951 0.27849785191349202 0.35346291099860899
v 0.180170004003951 0.29713866971377001 0.35346291099860899
v 0.16152918620367299 0.27849785191349202 0.37210372879888698
v 0.180170004003951 0.27849785191349202 0.37210372879888698
v 0.180170004003951 0.29713866971377001 0.37210372879888698
v 0.180170004003951 0.315779487514048 0.073850643994437096
v 0.180170004003951 0.315779487514048 0.092491461794715193
v 0.180170004003951 0.315779487514048 0.111132279594993
v 0.180170004003951 0.315779487514048 0.12977309739527201
v 0.180170004003951 0.315779487514048 0.14841391519555
v 0.180170004003951 0.315779487514048 0.16705473299582799
v 0.180170004003951 0.315779487514048 0.185695550796106
v 0.180170004003951 0.315779487514048 0.20433636859638399
v 0.180170004003951 0.315779487514048 0.222977186396662
v 0.180170004003951 0.315779487514048 0.24161800419693999
v 0.180170004003951 0.315779487514048 0.260258821997219
v 0.16152918620367299 0.315779487514048 0.260258821997219
v 0.180170004003951 0.315779487514048 0.29754045759777498
v 0.180170004003951 0.315779487514048 0.31618127539805302
v 0.180170004003951 0.315779487514048 0.33482209319833101
v 0.180170004003951 0.315779487514048 0.35346291099860899
v 0.180170004003951 0.315779487514048 0.37210372879888698
v 0.180170004003951 0.29713866971377001 0.39074454659916602
v 0.180170004003951 0.315779487514048 0.39074454659916602
v 0.180170004003951 0.33442030531432598 0.073850643994437096
v 0.180170004003951 0.33442030531432598 0.092491461794715193
v 0.180170004003951 0.33442030531432598 0.111132279594993
v 0.180170004003951 0.33442030531432598 0.12977309739527201
v 0.180170004003951 0.33442030531432598 0.14841391519555
v 0.180170004003951 0.33442030531432598 0.16705473299582799
v 0.180170004003951 0.33442030531432598 0.185695550796106
v 0.180170004003951 0.33442030531432598 0.20433636859638399
v 0.180170004003951 0.33442030531432598 0.222977186396662
v 0.180170004003951 0.33442030531432598 0.24161800419693999
v 0.16152918620367299 0.33442030531432598 0.24161800419693999
v 0.180170004003951 0.33442030531432598 0.31618127539805302
v 0.180170004003951 0.33442030531432598 0.33482209319833101
v 0.180170004003951 0.33442030531432598 0.35346291099860899
v 0.180170004003951 0.33442030531432598 0.37210372879888698
v 0.180170004003951 0.33442030531432598 0.39074454659916602
v 0.180170004003951 0.35306112311460403 0.092491461794715193
v 0.180170004003951 0.35306112311460403 0.111132279594993
v 0.180170004003951 0.35306112311460403 0.12977309739527201
v 0.180170004003951 0.35306112311460403 0.14841391519555
v 0.180170004003951 0.35306112311460403 0.16705473299582799
v 0.180170004003951 0.35306112311460403 0.185695550796106
v 0.180170004003951 0.35306112311460403 0.20433636859638399
v 0.180170004003951 0.35306112311460403 0.222977186396662
v 0.16152918620367299 0.35306112311460403 0.222977186396662
v 0.180170004003951 0.37170194091488301 0.111132279594993
v 0.16152918620367299 0.37170194091488301 0.111132279594993
v 0.180170004003951 0.37170194091488301 0.12977309739527201
v 0.16152918620367299 0.37170194091488301 0.12977309739527201
v 0.16152918620367299 0.390342758715161 0.260258821997219
v 0.180170004003951 0.390342758715161 0.260258821997219
v 0.180170004003951 0.40898357651543898 0.260258821997219
v 0.16152918620367299 0.390342758715161 0.27889963979749699
v 0.180170004003951 0.390342758715161 0.27889963979749699
v 0.180170004003951 0.40898357651543898 0.27889963979749699
v 0.16152918620367299 0.390342758715161 0.29754045759777498
v 0.180170004003951 0.390342758715161 0.29754045759777498
v 0.180170004003951 0.40898357651543898 0.29754045759777498
v 0.16152918620367299 0.40898357651543898 0.29754045759777498
v 0.16152918620367299 0.390342758715161 0.31618127539805302
v 0.180170004003951 0.390342758715161 0.31618127539805302
v 0.180170004003951 0.40898357651543898 0.31618127539805302
v 0.16152918620367299 0.40898357651543898 0.31618127539805302
v 0.180170004003951 0.42762439431571703 0.260258821997219
v 0.180170004003951 0.42762439431571703 0.27889963979749699
v 0.180170004003951 0.42762439431571703 0.29754045759777498
v 0.180170004003951 0.42762439431571703 0.31618127539805302
v 0.16152918620367299 0.40898357651543898 0.33482209319833101
v 0.180170004003951 0.40898357651543898 0.33482209319833101
v 0.180170004003951 0.42762439431571703 0.33482209319833101
v 0.16152918620367299 0.40898357651543898 0.35346291099860899
v 0.180170004003951 0.40898357651543898 0.35346291099860899
v 0.180170004003951 0.42762439431571703 0.35346291099860899
v 0.180170004003951 0.44626521211599501 0.260258821997219
v 0.180170004003951 0.44626521211599501 0.27889963979749699
v 0.180170004003951 0.44626521211599501 0.29754045759777498
v 0.180170004003951 0.44626521211599501 0.31618127539805302
v 0.180170004003951 0.44626521211599501 0.33482209319833101
v 0.180170004003951 0.44626521211599501 0.35346291099860899
v 0.180170004003951 0.464906029916273 0.260258821997219
v 0.180170004003951 0.464906029916273 0.27889963979749699
v 0.180170004003951 0.464906029916273 0.29754045759777498
v 0.180170004003951 0.464906029916273 0.31618127539805302
v 0.180170004003951 0.464906029916273 0.33482209319833101
v 0.180170004003951 0.464906029916273 0.35346291099860899
v 0.180170004003951 0.464906029916273 0.24161800419693999
v 0.180170004003951 0.48354684771655099 0.24161800419693999
v 0.180170004003951 0.48354684771655099 0.260258821997219
v 0.180170004003951 0.48354684771655099 0.27889963979749699
v 0.180170004003951 0.48354684771655099 0.29754045759777498
v 0.180170004003951 0.48354684771655099 0.31618127539805302
v 0.180170004003951 0.48354684771655099 0.33482209319833101
v 0.180170004003951 0.48354684771655099 0.35346291099860899
v 0.180170004003951 0.50218766551682903 0.24161800419693999
v 0.180170004003951 0.50218766551682903 0.260258821997219
v 0.180170004003951 0.50218766551682903 0.27889963979749699
v 0.180170004003951 0.50218766551682903 0.29754045759777498
v 0.180170004003951 0.50218766551682903 0.31618127539805302
v 0.180170004003951 0.50218766551682903 0.33482209319833101
v 0.180170004003951 0.50218766551682903 0.35346291099860899
v 0.180170004003951 0.52082848331710796 0.260258821997219
v 0.180170004003951 0.52082848331710796 0.27889963979749699
v 0.180170004003951 0.52082848331710796 0.29754045759777498
v 0.180170004003951 0.52082848331710796 0.31618127539805302
v 0.180170004003951 0.52082848331710796 0.33482209319833101
v 0.19881082180422899 -0.29936749989513101 0.16705473299582799
v 0.19881082180422899 -0.28072668209485302 0.16705473299582799
v 0.19881082180422899 -0.29936749989513101 0.185695550796106
v 0.19881082180422899 -0.28072668209485302 0.185695550796106
v 0.19881082180422899 -0.29936749989513101 0.20433636859638399
v 0.19881082180422899 -0.28072668209485302 0.20433636859638399
v 0.19881082180422899 -0.29936749989513101 0.222977186396662
v 0.19881082180422899 -0.28072668209485302 0.222977186396662
v 0.19881082180422899 -0.29936749989513101 0.24161800419693999
v 0.19881082180422899 -0.28072668209485302 0.24161800419693999
v 0.19881082180422899 -0.29936749989513101 0.260258821997219
v 0.19881082180422899 -0.28072668209485302 0.260258821997219
v 0.19881082180422899 -0.29936749989513101 0.27889963979749699
v 0.19881082180422899 -0.28072668209485302 0.27889963979749699
v 0.19881082180422899 -0.28072668209485302 0.14841391519555
v 0.19881082180422899 -0.26208586429457498 0.14841391519555
v 0.19881082180422899 -0.26208586429457498 0.16705473299582799
v 0.19881082180422899 -0.26208586429457498 0.185695550796106
v 0.19881082180422899 -0.26208586429457498 0.20433636859638399
v 0.19881082180422899 -0.26208586429457498 0.222977186396662
v 0.19881082180422899 -0.26208586429457498 0.24161800419693999
v 0.19881082180422899 -0.26208586429457498 0.260258821997219
v 0.19881082180422899 -0.26208586429457498 0.27889963979749699
v 0.19881082180422899 -0.28072668209485302 0.29754045759777498
v 0.19881082180422899 -0.26208586429457498 0.29754045759777498
v 0.19881082180422899 -0.24344504649429599 0.14841391519555
v 0.19881082180422899 -0.24344504649429599 0.16705473299582799
v 0.19881082180422899 -0.24344504649429599 0.185695550796106
v 0.19881082180422899 -0.24344504649429599 0.20433636859638399
v 0.19881082180422899 -0.24344504649429599 0.222977186396662
v 0.19881082180422899 -0.24344504649429599 0.24161800419693999
v 0.19881082180422899 -0.24344504649429599 0.260258821997219
v 0.19881082180422899 -0.24344504649429599 0.27889963979749699
v 0.19881082180422899 -0.24344504649429599 0.29754045759777498
v 0.19881082180422899 -0.26208586429457498 0.31618127539805302
v 0.19881082180422899 -0.24344504649429599 0.31618127539805302
v 0.19881082180422899 -0.24344504649429599 0.12977309739527201
v 0.19881082180422899 -0.224804228694018 0.12977309739527201
v 0.19881082180422899 -0.224804228694018 0.14841391519555
v 0.19881082180422899 -0.224804228694018 0.16705473299582799
v 0.19881082180422899 -0.224804228694018 0.185695550796106
v 0.19881082180422899 -0.224804228694018 0.20433636859638399
v 0.19881082180422899 -0.224804228694018 0.222977186396662
v 0.19881082180422899 -0.224804228694018 0.24161800419693999
v 0.19881082180422899 -0.224804228694018 0.260258821997219
v 0.19881082180422899 -0.224804228694018 0.27889963979749699
v 0.19881082180422899 -0.224804228694018 0.29754045759777498
v 0.19881082180422899 -0.224804228694018 0.31618127539805302
v 0.19881082180422899 -0.224804228694018 0.092491461794715193
v 0.19881082180422899 -0.20616341089373999 0.092491461794715193
v 0.19881082180422899 -0.224804228694018 0.111132279594993
v 0.19881082180422899 -0.20616341089373999 0.111132279594993
v 0.19881082180422899 -0.20616341089373999 0.12977309739527201
v 0.19881082180422899 -0.20616341089373999 0.14841391519555
v 0.19881082180422899 -0.20616341089373999 0.16705473299582799
v 0.19881082180422899 -0.20616341089373999 0.185695550796106
v 0.19881082180422899 -0.20616341089373999 0.20433636859638399
v 0.19881082180422899 -0.20616341089373999 0.222977186396662
v 0.19881082180422899 -0.20616341089373999 0.24161800419693999
v 0.19881082180422899 -0.20616341089373999 0.260258821997219
v 0.19881082180422899 -0.20616341089373999 0.27889963979749699
v 0.19881082180422899 -0.20616341089373999 0.29754045759777498
v 0.19881082180422899 -0.20616341089373999 0.31618127539805302
v 0.180170004003951 -0.224804228694018 0.33482209319833101
v 0.19881082180422899 -0.224804228694018 0.33482209319833101
v 0.19881082180422899 -0.20616341089373999 0.33482209319833101
v 0.19881082180422899 -0.187522593093462 0.092491461794715193
v 0.19881082180422899 -0.187522593093462 0.111132279594993
v 0.19881082180422899 -0.187522593093462 0.12977309739527201
v 0.19881082180422899 -0.187522593093462 0.14841391519555
v 0.19881082180422899 -0.187522593093462 0.16705473299582799
v 0.19881082180422899 -0.187522593093462 0.185695550796106
v 0.19881082180422899 -0.187522593093462 0.20433636859638399
v 0.19881082180422899 -0.187522593093462 0.222977186396662
v 0.19881082180422899 -0.187522593093462 0.24161800419693999
v 0.19881082180422899 -0.187522593093462 0.260258821997219
v 0.19881082180422899 -0.187522593093462 0.27889963979749699
v 0.19881082180422899 -0.187522593093462 0.29754045759777498
v 0.19881082180422899 -0.187522593093462 0.31618127539805302
v 0.19881082180422899 -0.187522593093462 0.33482209319833101
v 0.180170004003951 -0.20616341089373999 0.35346291099860899
v 0.19881082180422899 -0.20616341089373999 0.35346291099860899
v 0.19881082180422899 -0.187522593093462 0.35346291099860899
v 0.180170004003951 -0.187522593093462 0.35346291099860899
v 0.19881082180422899 -0.187522593093462 0.073850643994437096
v 0.19881082180422899 -0.16888177529318399 0.073850643994437096
v 0.19881082180422899 -0.16888177529318399 0.092491461794715193
v 0.19881082180422899 -0.16888177529318399 0.111132279594993
v 0.19881082180422899 -0.16888177529318399 0.12977309739527201
v 0.19881082180422899 -0.16888177529318399 0.14841391519555
v 0.19881082180422899 -0.16888177529318399 0.16705473299582799
v 0.19881082180422899 -0.16888177529318399 0.185695550796106
v 0.19881082180422899 -0.16888177529318399 0.20433636859638399
v 0.19881082180422899 -0.16888177529318399 0.222977186396662
v 0.19881082180422899 -0.16888177529318399 0.24161800419693999
v 0.19881082180422899 -0.16888177529318399 0.260258821997219
v 0.19881082180422899 -0.16888177529318399 0.27889963979749699
v 0.19881082180422899 -0.16888177529318399 0.29754045759777498
v 0.19881082180422899 -0.16888177529318399 0.31618127539805302
v 0.19881082180422899 -0.16888177529318399 0.33482209319833101
v 0.19881082180422899 -0.16888177529318399 0.35346291099860899
v 0.180170004003951 -0.16888177529318399 0.35346291099860899
v 0.19881082180422899 -0.150240957492906 0.073850643994437096
v 0.19881082180422899 -0.150240957492906 0.092491461794715193
v 0.19881082180422899 -0.150240957492906 0.111132279594993
v 0.19881082180422899 -0.150240957492906 0.12977309739527201
v 0.19881082180422899 -0.150240957492906 0.14841391519555
v 0.19881082180422899 -0.150240957492906 0.16705473299582799
v 0.19881082180422899 -0.150240957492906 0.185695550796106
v 0.19881082180422899 -0.150240957492906 0.20433636859638399
v 0.19881082180422899 -0.150240957492906 0.222977186396662
v 0.19881082180422899 -0.150240957492906 0.24161800419693999
v 0.19881082180422899 -0.150240957492906 0.260258821997219
v 0.19881082180422899 -0.150240957492906 0.27889963979749699
v 0.19881082180422899 -0.150240957492906 0.29754045759777498
v 0.19881082180422899 -0.150240957492906 0.31618127539805302
v 0.19881082180422899 -0.150240957492906 0.33482209319833101
v 0.19881082180422899 -0.150240957492906 0.35346291099860899
v 0.180170004003951 -0.16888177529318399 0.37210372879888698
v 0.19881082180422899 -0.16888177529318399 0.37210372879888698
v 0.19881082180422899 -0.150240957492906 0.37210372879888698
v 0.180170004003951 -0.150240957492906 0.37210372879888698
v 0.19881082180422899 -0.13160013969262799 0.073850643994437096
v 0.19881082180422899 -0.13160013969262799 0.092491461794715193
v 0.19881082180422899 -0.13160013969262799 0.111132279594993
v 0.19881082180422899 -0.13160013969262799 0.12977309739527201
v 0.19881082180422899 -0.13160013969262799 0.14841391519555
v 0.19881082180422899 -0.13160013969262799 0.16705473299582799
v 0.19881082180422899 -0.13160013969262799 0.185695550796106
v 0.19881082180422899 -0.13160013969262799 0.20433636859638399
v 0.19881082180422899 -0.13160013969262799 0.222977186396662
v 0.19881082180422899 -0.13160013969262799 0.24161800419693999
v 0.19881082180422899 -0.13160013969262799 0.260258821997219
v 0.19881082180422899 -0.13160013969262799 0.27889963979749699
v 0.19881082180422899 -0.13160013969262799 0.29754045759777498
v 0.19881082180422899 -0.13160013969262799 0.31618127539805302
v 0.19881082180422899 -0.13160013969262799 0.33482209319833101
v 0.19881082180422899 -0.13160013969262799 0.35346291099860899
v 0.19881082180422899 -0.13160013969262799 0.37210372879888698
v 0.180170004003951 -0.13160013969262799 0.37210372879888698
v 0.180170004003951 -0.150240957492906 0.39074454659916602
v 0.19881082180422899 -0.150240957492906 0.39074454659916602
v 0.19881082180422899 -0.13160013969262799 0.39074454659916602
v 0.180170004003951 -0.13160013969262799 0.39074454659916602
v 0.180170004003951 -0.150240957492906 0.40938536439944401
v 0.19881082180422899 -0.150240957492906 0.40938536439944401
v 0.19881082180422899 -0.13160013969262799 0.40938536439944401
v 0.180170004003951 -0.13160013969262799 0.40938536439944401
v 0.19881082180422899 -0.112959321892349 0.073850643994437096
v 0.19881082180422899 -0.112959321892349 0.092491461794715193
v 0.19881082180422899 -0.112959321892349 0.111132279594993
v 0.19881082180422899 -0.112959321892349 0.12977309739527201
v 0.19881082180422899 -0.112959321892349 0.14841391519555
v 0.19881082180422899 -0.112959321892349 0.16705473299582799
v 0.19881082180422899 -0.112959321892349 0.185695550796106
v 0.19881082180422899 -0.112959321892349 0.20433636859638399
v 0.19881082180422899 -0.112959321892349 0.222977186396662
v 0.19881082180422899 -0.112959321892349 0.24161800419693999
v 0.19881082180422899 -0.112959321892349 0.260258821997219
v 0.19881082180422899 -0.112959321892349 0.27889963979749699
v 0.19881082180422899 -0.112959321892349 0.29754045759777498
v 0.19881082180422899 -0.112959321892349 0.31618127539805302
v 0.19881082180422899 -0.112959321892349 0.33482209319833101
v 0.19881082180422899 -0.112959321892349 0.35346291099860899
v 0.19881082180422899 -0.112959321892349 0.37210372879888698
v 0.180170004003951 -0.112959321892349 0.37210372879888698
v 0.19881082180422899 -0.112959321892349 0.39074454659916602
v 0.180170004003951 -0.112959321892349 0.39074454659916602
v 0.19881082180422899 -0.112959321892349 0.40938536439944401
v 0.180170004003951 -0.112959321892349 0.40938536439944401
v 0.19881082180422899 -0.094318504092071306 0.092491461794715193
v 0.180170004003951 -0.094318504092071306 0.092491461794715193
v 0.19881082180422899 -0.094318504092071306 0.111132279594993
v 0.19881082180422899 -0.094318504092071306 0.12977309739527201
v 0.19881082180422899 -0.094318504092071306 0.14841391519555
v 0.19881082180422899 -0.094318504092071306 0.16705473299582799
v 0.19881082180422899 -0.094318504092071306 0.185695550796106
v 0.19881082180422899 -0.094318504092071306 0.20433636859638399
v 0.19881082180422899 -0.094318504092071306 0.222977186396662
v 0.19881082180422899 -0.094318504092071306 0.24161800419693999
v 0.19881082180422899 -0.094318504092071306 0.260258821997219
v 0.19881082180422899 -0.094318504092071306 0.27889963979749699
v 0.19881082180422899 -0.094318504092071306 0.29754045759777498
v 0.19881082180422899 -0.094318504092071306 0.31618127539805302
v 0.19881082180422899 -0.094318504092071306 0.33482209319833101
v 0.19881082180422899 -0.094318504092071306 0.35346291099860899
v 0.19881082180422899 -0.094318504092071306 0.37210372879888698
v 0.180170004003951 -0.094318504092071306 0.37210372879888698
v 0.19881082180422899 -0.094318504092071306 0.39074454659916602
v 0.180170004003951 -0.094318504092071306 0.39074454659916602
v 0.19881082180422899 -0.075677686291793098 0.111132279594993
v 0.19881082180422899 -0.075677686291793098 0.12977309739527201
v 0.19881082180422899 -0.075677686291793098 0.14841391519555
v 0.19881082180422899 -0.075677686291793098 0.16705473299582799
v 0.19881082180422899 -0.075677686291793098 0.185695550796106
v 0.19881082180422899 -0.075677686291793098 0.20433636859638399
v 0.19881082180422899 -0.075677686291793098 0.222977186396662
v 0.19881082180422899 -0.075677686291793098 0.24161800419693999
v 0.19881082180422899 -0.075677686291793098 0.260258821997219
v 0.19881082180422899 -0.075677686291793098 0.27889963979749699
v 0.19881082180422899 -0.075677686291793098 0.29754045759777498
v 0.19881082180422899 -0.075677686291793098 0.31618127539805302
v 0.19881082180422899 -0.075677686291793098 0.33482209319833101
v 0.19881082180422899 -0.075677686291793098 0.35346291099860899
v 0.19881082180422899 -0.075677686291793098 0.37210372879888698
v 0.180170004003951 -0.075677686291793098 0.37210372879888698
v 0.19881082180422899 -0.057036868491515 0.111132279594993
v 0.19881082180422899 -0.057036868491515 0.12977309739527201
v 0.19881082180422899 -0.057036868491515 0.14841391519555
v 0.19881082180422899 -0.057036868491515 0.16705473299582799
v 0.19881082180422899 -0.057036868491515 0.185695550796106
v 0.19881082180422899 -0.057036868491515 0.20433636859638399
v 0.19881082180422899 -0.057036868491515 0.222977186396662
v 0.19881082180422899 -0.057036868491515 0.24161800419693999
v 0.19881082180422899 -0.057036868491515 0.260258821997219
v 0.19881082180422899 -0.057036868491515 0.27889963979749699
v 0.19881082180422899 -0.057036868491515 0.29754045759777498
v 0.19881082180422899 -0.057036868491515 0.31618127539805302
v 0.19881082180422899 -0.057036868491515 0.33482209319833101
v 0.19881082180422899 -0.057036868491515 0.35346291099860899
v 0.19881082180422899 -0.057036868491515 0.092491461794715193
v 0.19881082180422899 -0.038396050691236798 0.092491461794715193
v 0.19881082180422899 -0.038396050691236798 0.111132279594993
v 0.19881082180422899 -0.038396050691236798 0.12977309739527201
v 0.19881082180422899 -0.038396050691236798 0.14841391519555
v 0.19881082180422899 -0.038396050691236798 0.16705473299582799
v 0.19881082180422899 -0.038396050691236798 0.185695550796106
v 0.19881082180422899 -0.038396050691236798 0.20433636859638399
v 0.19881082180422899 -0.038396050691236798 0.222977186396662
v 0.19881082180422899 -0.038396050691236798 0.24161800419693999
v 0.19881082180422899 -0.038396050691236798 0.260258821997219
v 0.19881082180422899 -0.038396050691236798 0.27889963979749699
v 0.19881082180422899 -0.038396050691236798 0.29754045759777498
v 0.19881082180422899 -0.038396050691236798 0.31618127539805302
v 0.19881082180422899 -0.038396050691236798 0.33482209319833101
v 0.19881082180422899 -0.038396050691236798 0.35346291099860899
v 0.180170004003951 -0.038396050691236798 0.35346291099860899
v 0.19881082180422899 -0.0197552328909587 0.092491461794715193
v 0.19881082180422899 -0.0197552328909587 0.111132279594993
v 0.19881082180422899 -0.0197552328909587 0.12977309739527201
v 0.19881082180422899 -0.0197552328909587 0.14841391519555
v 0.19881082180422899 -0.0197552328909587 0.16705473299582799
v 0.19881082180422899 -0.0197552328909587 0.185695550796106
v 0.19881082180422899 -0.0197552328909587 0.20433636859638399
v 0.19881082180422899 -0.0197552328909587 0.222977186396662
v 0.19881082180422899 -0.0197552328909587 0.24161800419693999
v 0.19881082180422899 -0.0197552328909587 0.260258821997219
v 0.19881082180422899 -0.0197552328909587 0.27889963979749699
v 0.19881082180422899 -0.0197552328909587 0.29754045759777498
v 0.19881082180422899 -0.0197552328909587 0.31618127539805302
v 0.19881082180422899 -0.0197552328909587 0.33482209319833101
v 0.180170004003951 -0.0197552328909587 0.33482209319833101
v 0.19881082180422899 -0.0197552328909587 0.073850643994437096
v 0.19881082180422899 -0.0011144150906804999 0.073850643994437096
v 0.19881082180422899 -0.0011144150906804999 0.092491461794715193
v 0.19881082180422899 -0.0011144150906804999 0.111132279594993
v 0.19881082180422899 -0.0011144150906804999 0.12977309739527201
v 0.19881082180422899 -0.0011144150906804999 0.14841391519555
v 0.19881082180422899 -0.0011144150906804999 0.16705473299582799
v 0.19881082180422899 -0.0011144150906804999 0.185695550796106
v 0.19881082180422899 -0.0011144150906804999 0.20433636859638399
v 0.19881082180422899 -0.0011144150906804999 0.222977186396662
v 0.19881082180422899 -0.0011144150906804999 0.24161800419693999
v 0.19881082180422899 -0.0011144150906804999 0.260258821997219
v 0.19881082180422899 -0.0011144150906804999 0.27889963979749699
v 0.19881082180422899 -0.0011144150906804999 0.29754045759777498
v 0.19881082180422899 -0.0011144150906804999 0.31618127539805302
v 0.180170004003951 -0.0011144150906804999 0.31618127539805302
v 0.19881082180422899 0.0175264027095977 0.073850643994437096
v 0.19881082180422899 0.0175264027095977 0.092491461794715193
v 0.19881082180422899 0.0175264027095977 0.111132279594993
v 0.19881082180422899 0.0175264027095977 0.12977309739527201
v 0.19881082180422899 0.0175264027095977 0.14841391519555
v 0.19881082180422899 0.0175264027095977 0.16705473299582799
v 0.19881082180422899 0.0175264027095977 0.185695550796106
v 0.19881082180422899 0.0175264027095977 0.20433636859638399
v 0.19881082180422899 0.0175264027095977 0.222977186396662
v 0.19881082180422899 0.0175264027095977 0.24161800419693999
v 0.19881082180422899 0.0175264027095977 0.260258821997219
v 0.19881082180422899 0.0175264027095977 0.27889963979749699
v 0.19881082180422899 0.0175264027095977 0.29754045759777498
v 0.19881082180422899 0.036167220509875801 0.073850643994437096
v 0.19881082180422899 0.036167220509875801 0.092491461794715193
v 0.19881082180422899 0.036167220509875801 0.111132279594993
v 0.19881082180422899 0.036167220509875801 0.12977309739527201
v 0.19881082180422899 0.036167220509875801 0.14841391519555
v 0.19881082180422899 0.036167220509875801 0.16705473299582799
v 0.19881082180422899 0.036167220509875801 0.185695550796106
v 0.19881082180422899 0.036167220509875801 0.20433636859638399
v 0.19881082180422899 0.036167220509875801 0.222977186396662
v 0.19881082180422899 0.036167220509875801 0.24161800419693999
v 0.19881082180422899 0.036167220509875801 0.260258821997219
v 0.19881082180422899 0.036167220509875801 0.27889963979749699
v 0.19881082180422899 0.036167220509875801 0.29754045759777498
v 0.19881082180422899 0.054808038310153899 0.092491461794715193
v 0.19881082180422899 0.054808038310153899 0.111132279594993
v 0.19881082180422899 0.054808038310153899 0.12977309739527201
v 0.19881082180422899 0.054808038310153899 0.14841391519555
v 0.19881082180422899 0.054808038310153899 0.16705473299582799
v 0.19881082180422899 0.054808038310153899 0.185695550796106
v 0.19881082180422899 0.054808038310153899 0.20433636859638399
v 0.19881082180422899 0.054808038310153899 0.222977186396662
v 0.19881082180422899 0.054808038310153899 0.24161800419693999
v 0.19881082180422899 0.054808038310153899 0.260258821997219
v 0.19881082180422899 0.054808038310153899 0.27889963979749699
v 0.19881082180422899 0.054808038310153899 0.29754045759777498
v 0.19881082180422899 0.036167220509875801 0.31618127539805302
v 0.19881082180422899 0.054808038310153899 0.31618127539805302
v 0.19881082180422899 0.073448856110432101 0.111132279594993
v 0.19881082180422899 0.073448856110432101 0.12977309739527201
v 0.19881082180422899 0.073448856110432101 0.14841391519555
v 0.19881082180422899 0.073448856110432101 0.16705473299582799
v 0.19881082180422899 0.073448856110432101 0.185695550796106
v 0.19881082180422899 0.073448856110432101 0.20433636859638399
v 0.19881082180422899 0.073448856110432101 0.222977186396662
v 0.19881082180422899 0.073448856110432101 0.24161800419693999
v 0.19881082180422899 0.073448856110432101 0.260258821997219
v 0.19881082180422899 0.073448856110432101 0.27889963979749699
v 0.19881082180422899 0.073448856110432101 0.29754045759777498
v 0.180170004003951 0.073448856110432101 0.29754045759777498
v 0.19881082180422899 0.092089673910710199 0.12977309739527201
v 0.19881082180422899 0.092089673910710199 0.14841391519555
v 0.19881082180422899 0.092089673910710199 0.16705473299582799
v 0.19881082180422899 0.092089673910710199 0.185695550796106
v 0.19881082180422899 0.092089673910710199 0.20433636859638399
v 0.19881082180422899 0.092089673910710199 0.222977186396662
v 0.19881082180422899 0.092089673910710199 0.24161800419693999
v 0.19881082180422899 0.092089673910710199 0.260258821997219
v 0.19881082180422899 0.110730491710988 0.14841391519555
v 0.19881082180422899 0.110730491710988 0.16705473299582799
v 0.19881082180422899 0.110730491710988 0.185695550796106
v 0.19881082180422899 0.110730491710988 0.20433636859638399
v 0.19881082180422899 0.110730491710988 0.222977186396662
v 0.19881082180422899 0.18529376291210101 0.12977309739527201
v 0.19881082180422899 0.20393458071237899 0.12977309739527201
v 0.19881082180422899 0.18529376291210101 0.14841391519555
v 0.19881082180422899 0.20393458071237899 0.14841391519555
v 0.19881082180422899 0.18529376291210101 0.16705473299582799
v 0.19881082180422899 0.20393458071237899 0.16705473299582799
v 0.19881082180422899 0.18529376291210101 0.185695550796106
v 0.19881082180422899 0.20393458071237899 0.185695550796106
v 0.19881082180422899 0.18529376291210101 0.20433636859638399
v 0.19881082180422899 0.20393458071237899 0.20433636859638399
v 0.19881082180422899 0.20393458071237899 0.092491461794715193
v 0.19881082180422899 0.22257539851265701 0.092491461794715193
v 0.19881082180422899 0.20393458071237899 0.111132279594993
v 0.19881082180422899 0.22257539851265701 0.111132279594993
v 0.19881082180422899 0.22257539851265701 0.12977309739527201
v 0.19881082180422899 0.22257539851265701 0.14841391519555
v 0.19881082180422899 0.22257539851265701 0.16705473299582799
v 0.19881082180422899 0.22257539851265701 0.185695550796106
v 0.19881082180422899 0.22257539851265701 0.20433636859638399
v 0.19881082180422899 0.20393458071237899 0.222977186396662
v 0.19881082180422899 0.22257539851265701 0.222977186396662
v 0.19881082180422899 0.20393458071237899 0.24161800419693999
v 0.19881082180422899 0.22257539851265701 0.24161800419693999
v 0.19881082180422899 0.20393458071237899 0.260258821997219
v 0.19881082180422899 0.22257539851265701 0.260258821997219
v 0.19881082180422899 0.20393458071237899 0.27889963979749699
v 0.19881082180422899 0.22257539851265701 0.27889963979749699
v 0.19881082180422899 0.24121621631293499 0.092491461794715193
v 0.19881082180422899 0.24121621631293499 0.111132279594993
v 0.19881082180422899 0.24121621631293499 0.12977309739527201
v 0.19881082180422899 0.24121621631293499 0.14841391519555
v 0.19881082180422899 0.24121621631293499 0.16705473299582799
v 0.19881082180422899 0.24121621631293499 0.185695550796106
v 0.19881082180422899 0.24121621631293499 0.20433636859638399
v 0.19881082180422899 0.24121621631293499 0.222977186396662
v 0.19881082180422899 0.24121621631293499 0.24161800419693999
v 0.19881082180422899 0.24121621631293499 0.260258821997219
v 0.19881082180422899 0.24121621631293499 0.27889963979749699
v 0.19881082180422899 0.22257539851265701 0.29754045759777498
v 0.19881082180422899 0.24121621631293499 0.29754045759777498
v 0.180170004003951 0.22257539851265701 0.31618127539805302
v 0.19881082180422899 0.22257539851265701 0.31618127539805302
v 0.19881082180422899 0.24121621631293499 0.31618127539805302
v 0.180170004003951 0.24121621631293499 0.036569008393880803
v 0.19881082180422899 0.24121621631293499 0.036569008393880803
v 0.19881082180422899 0.25985703411321398 0.036569008393880803
v 0.180170004003951 0.25985703411321398 0.036569008393880803
v 0.180170004003951 0.24121621631293499 0.055209826194158901
v 0.19881082180422899 0.24121621631293499 0.055209826194158901
v 0.19881082180422899 0.25985703411321398 0.055209826194158901
v 0.180170004003951 0.25985703411321398 0.055209826194158901
v 0.19881082180422899 0.24121621631293499 0.073850643994437096
v 0.19881082180422899 0.25985703411321398 0.073850643994437096
v 0.19881082180422899 0.25985703411321398 0.092491461794715193
v 0.19881082180422899 0.25985703411321398 0.111132279594993
v 0.19881082180422899 0.25985703411321398 0.12977309739527201
v 0.19881082180422899 0.25985703411321398 0.14841391519555
v 0.19881082180422899 0.25985703411321398 0.16705473299582799
v 0.19881082180422899 0.25985703411321398 0.185695550796106
v 0.19881082180422899 0.25985703411321398 0.20433636859638399
v 0.19881082180422899 0.25985703411321398 0.222977186396662
v 0.19881082180422899 0.25985703411321398 0.24161800419693999
v 0.19881082180422899 0.25985703411321398 0.260258821997219
v 0.19881082180422899 0.25985703411321398 0.27889963979749699
v 0.19881082180422899 0.25985703411321398 0.29754045759777498
v 0.19881082180422899 0.25985703411321398 0.31618127539805302
v 0.19881082180422899 0.27849785191349202 0.055209826194158901
v 0.180170004003951 0.27849785191349202 0.055209826194158901
v 0.19881082180422899 0.27849785191349202 0.073850643994437096
v 0.19881082180422899 0.27849785191349202 0.092491461794715193
v 0.19881082180422899 0.27849785191349202 0.111132279594993
v 0.19881082180422899 0.27849785191349202 0.12977309739527201
v 0.19881082180422899 0.27849785191349202 0.14841391519555
v 0.19881082180422899 0.27849785191349202 0.16705473299582799
v 0.19881082180422899 0.27849785191349202 0.185695550796106
v 0.19881082180422899 0.27849785191349202 0.20433636859638399
v 0.19881082180422899 0.27849785191349202 0.222977186396662
v 0.19881082180422899 0.27849785191349202 0.24161800419693999
v 0.19881082180422899 0.27849785191349202 0.260258821997219
v 0.19881082180422899 0.27849785191349202 0.27889963979749699
v 0.19881082180422899 0.27849785191349202 0.29754045759777498
v 0.19881082180422899 0.27849785191349202 0.31618127539805302
v 0.19881082180422899 0.25985703411321398 0.33482209319833101
v 0.19881082180422899 0.27849785191349202 0.33482209319833101
v 0.19881082180422899 0.29713866971377001 0.073850643994437096
v 0.19881082180422899 0.29713866971377001 0.092491461794715193
v 0.19881082180422899 0.29713866971377001 0.111132279594993
v 0.19881082180422899 0.29713866971377001 0.12977309739527201
v 0.19881082180422899 0.29713866971377001 0.14841391519555
v 0.19881082180422899 0.29713866971377001 0.16705473299582799
v 0.19881082180422899 0.29713866971377001 0.185695550796106
v 0.19881082180422899 0.29713866971377001 0.20433636859638399
v 0.19881082180422899 0.29713866971377001 0.222977186396662
v 0.19881082180422899 0.29713866971377001 0.24161800419693999
v 0.19881082180422899 0.29713866971377001 0.260258821997219
v 0.19881082180422899 0.29713866971377001 0.27889963979749699
v 0.19881082180422899 0.29713866971377001 0.29754045759777498
v 0.19881082180422899 0.29713866971377001 0.31618127539805302
v 0.19881082180422899 0.29713866971377001 0.33482209319833101
v 0.19881082180422899 0.27849785191349202 0.35346291099860899
v 0.19881082180422899 0.29713866971377001 0.35346291099860899
v 0.19881082180422899 0.27849785191349202 0.37210372879888698
v 0.19881082180422899 0.29713866971377001 0.37210372879888698
v 0.19881082180422899 0.315779487514048 0.073850643994437096
v 0.19881082180422899 0.315779487514048 0.092491461794715193
v 0.19881082180422899 0.315779487514048 0.111132279594993
v 0.19881082180422899 0.315779487514048 0.12977309739527201
v 0.19881082180422899 0.315779487514048 0.14841391519555
v 0.19881082180422899 0.315779487514048 0.16705473299582799
v 0.19881082180422899 0.315779487514048 0.185695550796106
v 0.19881082180422899 0.315779487514048 0.20433636859638399
v 0.19881082180422899 0.315779487514048 0.222977186396662
v 0.19881082180422899 0.315779487514048 0.24161800419693999
v 0.19881082180422899 0.315779487514048 0.260258821997219
v 0.19881082180422899 0.315779487514048 0.27889963979749699
v 0.180170004003951 0.315779487514048 0.27889963979749699
v 0.19881082180422899 0.315779487514048 0.29754045759777498
v 0.19881082180422899 0.315779487514048 0.31618127539805302
v 0.19881082180422899 0.315779487514048 0.33482209319833101
v 0.19881082180422899 0.315779487514048 0.35346291099860899
v 0.19881082180422899 0.315779487514048 0.37210372879888698
v 0.19881082180422899 0.33442030531432598 0.073850643994437096
v 0.19881082180422899 0.33442030531432598 0.092491461794715193
v 0.19881082180422899 0.33442030531432598 0.111132279594993
v 0.19881082180422899 0.33442030531432598 0.12977309739527201
v 0.19881082180422899 0.33442030531432598 0.14841391519555
v 0.19881082180422899 0.33442030531432598 0.16705473299582799
v 0.19881082180422899 0.33442030531432598 0.185695550796106
v 0.19881082180422899 0.33442030531432598 0.20433636859638399
v 0.19881082180422899 0.33442030531432598 0.222977186396662
v 0.19881082180422899 0.33442030531432598 0.24161800419693999
v 0.19881082180422899 0.33442030531432598 0.260258821997219
v 0.180170004003951 0.33442030531432598 0.260258821997219
v 0.19881082180422899 0.33442030531432598 0.27889963979749699
v 0.180170004003951 0.33442030531432598 0.27889963979749699
v 0.19881082180422899 0.33442030531432598 0.29754045759777498
v 0.180170004003951 0.33442030531432598 0.29754045759777498
v 0.19881082180422899 0.33442030531432598 0.33482209319833101
v 0.19881082180422899 0.33442030531432598 0.35346291099860899
v 0.19881082180422899 0.33442030531432598 0.37210372879888698
v 0.19881082180422899 0.35306112311460403 0.092491461794715193
v 0.19881082180422899 0.35306112311460403 0.111132279594993
v 0.19881082180422899 0.35306112311460403 0.12977309739527201
v 0.19881082180422899 0.35306112311460403 0.14841391519555
v 0.19881082180422899 0.35306112311460403 0.16705473299582799
v 0.19881082180422899 0.35306112311460403 0.185695550796106
v 0.19881082180422899 0.35306112311460403 0.20433636859638399
v 0.19881082180422899 0.35306112311460403 0.222977186396662
v 0.19881082180422899 0.35306112311460403 0.24161800419693999
v 0.180170004003951 0.35306112311460403 0.24161800419693999
v 0.19881082180422899 0.35306112311460403 0.260258821997219
v 0.180170004003951 0.35306112311460403 0.260258821997219
v 0.19881082180422899 0.35306112311460403 0.27889963979749699
v 0.180170004003951 0.35306112311460403 0.27889963979749699
v 0.19881082180422899 0.35306112311460403 0.29754045759777498
v 0.180170004003951 0.35306112311460403 0.29754045759777498
v 0.19881082180422899 0.37170194091488301 0.111132279594993
v 0.19881082180422899 0.37170194091488301 0.12977309739527201
v 0.19881082180422899 0.37170194091488301 0.14841391519555
v 0.180170004003951 0.37170194091488301 0.14841391519555
v 0.19881082180422899 0.37170194091488301 0.16705473299582799
v 0.180170004003951 0.37170194091488301 0.16705473299582799
v 0.19881082180422899 0.37170194091488301 0.185695550796106
v 0.180170004003951 0.37170194091488301 0.185695550796106
v 0.19881082180422899 0.37170194091488301 0.20433636859638399
v 0.180170004003951 0.37170194091488301 0.20433636859638399
v 0.19881082180422899 0.37170194091488301 0.222977186396662
v 0.180170004003951 0.37170194091488301 0.222977186396662
v 0.19881082180422899 0.37170194091488301 0.24161800419693999
v 0.180170004003951 0.37170194091488301 0.24161800419693999
v 0.19881082180422899 0.37170194091488301 0.260258821997219
v 0.180170004003951 0.37170194091488301 0.260258821997219
v 0.19881082180422899 0.37170194091488301 0.27889963979749699
v 0.180170004003951 0.37170194091488301 0.27889963979749699
v 0.19881082180422899 0.37170194091488301 0.29754045759777498
v 0.180170004003951 0.37170194091488301 0.29754045759777498
v 0.180170004003951 0.35306112311460403 0.31618127539805302
v 0.19881082180422899 0.35306112311460403 0.31618127539805302
v 0.19881082180422899 0.37170194091488301 0.31618127539805302
v 0.180170004003951 0.37170194091488301 0.31618127539805302
v 0.19881082180422899 0.390342758715161 0.222977186396662
v 0.180170004003951 0.390342758715161 0.222977186396662
v 0.19881082180422899 0.390342758715161 0.24161800419693999
v 0.180170004003951 0.390342758715161 0.24161800419693999
v 0.19881082180422899 0.390342758715161 0.260258821997219
v 0.19881082180422899 0.390342758715161 0.27889963979749699
v 0.19881082180422899 0.390342758715161 0.29754045759777498
v 0.19881082180422899 0.390342758715161 0.31618127539805302
v 0.180170004003951 0.37170194091488301 0.33482209319833101
v 0.19881082180422899 0.37170194091488301 0.33482209319833101
v 0.19881082180422899 0.390342758715161 0.33482209319833101
v 0.180170004003951 0.390342758715161 0.33482209319833101
v 0.19881082180422899 0.40898357651543898 0.24161800419693999
v 0.180170004003951 0.40898357651543898 0.24161800419693999
v 0.19881082180422899 0.40898357651543898 0.260258821997219
v 0.19881082180422899 0.40898357651543898 0.27889963979749699
v 0.19881082180422899 0.40898357651543898 0.29754045759777498
v 0.19881082180422899 0.40898357651543898 0.31618127539805302
v 0.19881082180422899 0.40898357651543898 0.33482209319833101
v 0.180170004003951 0.390342758715161 0.35346291099860899
v 0.19881082180422899 0.390342758715161 0.35346291099860899
v 0.19881082180422899 0.40898357651543898 0.35346291099860899
v 0.19881082180422899 0.42762439431571703 0.260258821997219
v 0.19881082180422899 0.42762439431571703 0.27889963979749699
v 0.19881082180422899 0.42762439431571703 0.29754045759777498
v 0.19881082180422899 0.42762439431571703 0.31618127539805302
v 0.19881082180422899 0.42762439431571703 0.33482209319833101
v 0.19881082180422899 0.42762439431571703 0.35346291099860899
v 0.19881082180422899 0.44626521211599501 0.260258821997219
v 0.19881082180422899 0.44626521211599501 0.27889963979749699
v 0.19881082180422899 0.44626521211599501 0.29754045759777498
v 0.19881082180422899 0.44626521211599501 0.31618127539805302
v 0.19881082180422899 0.44626521211599501 0.33482209319833101
v 0.19881082180422899 0.44626521211599501 0.35346291099860899
v 0.180170004003951 0.42762439431571703 0.37210372879888698
v 0.19881082180422899 0.42762439431571703 0.37210372879888698
v 0.19881082180422899 0.44626521211599501 0.37210372879888698
v 0.180170004003951 0.44626521211599501 0.37210372879888698
v 0.19881082180422899 0.464906029916273 0.260258821997219
v 0.19881082180422899 0.464906029916273 0.27889963979749699
v 0.19881082180422899 0.464906029916273 0.29754045759777498
v 0.19881082180422899 0.464906029916273 0.31618127539805302
v 0.19881082180422899 0.464906029916273 0.33482209319833101
v 0.19881082180422899 0.464906029916273 0.35346291099860899
v 0.19881082180422899 0.464906029916273 0.37210372879888698
v 0.180170004003951 0.464906029916273 0.37210372879888698
v 0.19881082180422899 0.464906029916273 0.24161800419693999
v 0.19881082180422899 0.48354684771655099 0.24161800419693999
v 0.19881082180422899 0.48354684771655099 0.260258821997219
v 0.19881082180422899 0.48354684771655099 0.27889963979749699
v 0.19881082180422899 0.48354684771655099 0.29754045759777498
v 0.19881082180422899 0.48354684771655099 0.31618127539805302
v 0.19881082180422899 0.48354684771655099 0.33482209319833101
v 0.19881082180422899 0.48354684771655099 0.35346291099860899
v 0.19881082180422899 0.48354684771655099 0.37210372879888698
v 0.180170004003951 0.48354684771655099 0.37210372879888698
v 0.19881082180422899 0.50218766551682903 0.24161800419693999
v 0.19881082180422899 0.50218766551682903 0.260258821997219
v 0.19881082180422899 0.50218766551682903 0.27889963979749699
v 0.19881082180422899 0.50218766551682903 0.29754045759777498
v 0.19881082180422899 0.50218766551682903 0.31618127539805302
v 0.19881082180422899 0.50218766551682903 0.33482209319833101
v 0.19881082180422899 0.50218766551682903 0.35346291099860899
v 0.19881082180422899 0.52082848331710796 0.260258821997219
v 0.19881082180422899 0.52082848331710796 0.27889963979749699
v 0.19881082180422899 0.52082848331710796 0.29754045759777498
v 0.19881082180422899 0.52082848331710796 0.31618127539805302
v 0.19881082180422899 0.52082848331710796 0.33482209319833101
v 0.217451639604507 -0.29936749989513101 0.185695550796106
v 0.217451639604507 -0.28072668209485302 0.185695550796106
v 0.217451639604507 -0.29936749989513101 0.20433636859638399
v 0.217451639604507 -0.28072668209485302 0.20433636859638399
v 0.217451639604507 -0.29936749989513101 0.222977186396662
v 0.217451639604507 -0.28072668209485302 0.222977186396662
v 0.217451639604507 -0.29936749989513101 0.24161800419693999
v 0.217451639604507 -0.28072668209485302 0.24161800419693999
v 0.217451639604507 -0.29936749989513101 0.260258821997219
v 0.217451639604507 -0.28072668209485302 0.260258821997219
v 0.217451639604507 -0.28072668209485302 0.16705473299582799
v 0.217451639604507 -0.26208586429457498 0.16705473299582799
v 0.217451639604507 -0.26208586429457498 0.185695550796106
v 0.217451639604507 -0.26208586429457498 0.20433636859638399
v 0.217451639604507 -0.26208586429457498 0.222977186396662
v 0.217451639604507 -0.26208586429457498 0.24161800419693999
v 0.217451639604507 -0.26208586429457498 0.260258821997219
v 0.217451639604507 -0.28072668209485302 0.27889963979749699
v 0.217451639604507 -0.26208586429457498 0.27889963979749699
v 0.217451639604507 -0.28072668209485302 0.29754045759777498
v 0.217451639604507 -0.26208586429457498 0.29754045759777498
v 0.217451639604507 -0.26208586429457498 0.14841391519555
v 0.217451639604507 -0.24344504649429599 0.14841391519555
v 0.217451639604507 -0.24344504649429599 0.16705473299582799
v 0.217451639604507 -0.24344504649429599 0.185695550796106
v 0.217451639604507 -0.24344504649429599 0.20433636859638399
v 0.217451639604507 -0.24344504649429599 0.222977186396662
v 0.217451639604507 -0.24344504649429599 0.24161800419693999
v 0.217451639604507 -0.24344504649429599 0.260258821997219
v 0.217451639604507 -0.24344504649429599 0.27889963979749699
v 0.217451639604507 -0.24344504649429599 0.29754045759777498
v 0.217451639604507 -0.26208586429457498 0.31618127539805302
v 0.217451639604507 -0.24344504649429599 0.31618127539805302
v 0.217451639604507 -0.224804228694018 0.14841391519555
v 0.217451639604507 -0.224804228694018 0.16705473299582799
v 0.217451639604507 -0.224804228694018 0.185695550796106
v 0.217451639604507 -0.224804228694018 0.20433636859638399
v 0.217451639604507 -0.224804228694018 0.222977186396662
v 0.217451639604507 -0.224804228694018 0.24161800419693999
v 0.217451639604507 -0.224804228694018 0.260258821997219
v 0.217451639604507 -0.224804228694018 0.27889963979749699
v 0.217451639604507 -0.224804228694018 0.29754045759777498
v 0.217451639604507 -0.224804228694018 0.31618127539805302
v 0.217451639604507 -0.224804228694018 0.12977309739527201
v 0.217451639604507 -0.20616341089373999 0.12977309739527201
v 0.217451639604507 -0.20616341089373999 0.14841391519555
v 0.217451639604507 -0.20616341089373999 0.16705473299582799
v 0.217451639604507 -0.20616341089373999 0.185695550796106
v 0.217451639604507 -0.20616341089373999 0.20433636859638399
v 0.217451639604507 -0.20616341089373999 0.222977186396662
v 0.217451639604507 -0.20616341089373999 0.24161800419693999
v 0.217451639604507 -0.20616341089373999 0.260258821997219
v 0.217451639604507 -0.20616341089373999 0.27889963979749699
v 0.217451639604507 -0.20616341089373999 0.29754045759777498
v 0.217451639604507 -0.20616341089373999 0.31618127539805302
v 0.217451639604507 -0.224804228694018 0.33482209319833101
v 0.217451639604507 -0.20616341089373999 0.33482209319833101
v 0.217451639604507 -0.20616341089373999 0.092491461794715193
v 0.217451639604507 -0.187522593093462 0.092491461794715193
v 0.217451639604507 -0.20616341089373999 0.111132279594993
v 0.217451639604507 -0.187522593093462 0.111132279594993
v 0.217451639604507 -0.187522593093462 0.12977309739527201
v 0.217451639604507 -0.187522593093462 0.14841391519555
v 0.217451639604507 -0.187522593093462 0.16705473299582799
v 0.217451639604507 -0.187522593093462 0.185695550796106
v 0.217451639604507 -0.187522593093462 0.20433636859638399
v 0.217451639604507 -0.187522593093462 0.222977186396662
v 0.217451639604507 -0.187522593093462 0.24161800419693999
v 0.217451639604507 -0.187522593093462 0.260258821997219
v 0.217451639604507 -0.187522593093462 0.27889963979749699
v 0.217451639604507 -0.187522593093462 0.29754045759777498
v 0.217451639604507 -0.187522593093462 0.31618127539805302
v 0.217451639604507 -0.187522593093462 0.33482209319833101
v 0.217451639604507 -0.20616341089373999 0.35346291099860899
v 0.217451639604507 -0.187522593093462 0.35346291099860899
v 0.217451639604507 -0.16888177529318399 0.092491461794715193
v 0.217451639604507 -0.16888177529318399 0.111132279594993
v 0.217451639604507 -0.16888177529318399 0.12977309739527201
v 0.217451639604507 -0.16888177529318399 0.14841391519555
v 0.217451639604507 -0.16888177529318399 0.16705473299582799
v 0.217451639604507 -0.16888177529318399 0.185695550796106
v 0.217451639604507 -0.16888177529318399 0.20433636859638399
v 0.217451639604507 -0.16888177529318399 0.222977186396662
v 0.217451639604507 -0.16888177529318399 0.24161800419693999
v 0.217451639604507 -0.16888177529318399 0.260258821997219
v 0.217451639604507 -0.16888177529318399 0.27889963979749699
v 0.217451639604507 -0.16888177529318399 0.29754045759777498
v 0.217451639604507 -0.16888177529318399 0.31618127539805302
v 0.217451639604507 -0.16888177529318399 0.33482209319833101
v 0.217451639604507 -0.16888177529318399 0.35346291099860899
v 0.19881082180422899 -0.187522593093462 0.37210372879888698
v 0.217451639604507 -0.187522593093462 0.37210372879888698
v 0.217451639604507 -0.16888177529318399 0.37210372879888698
v 0.19881082180422899 -0.187522593093462 0.39074454659916602
v 0.217451639604507 -0.187522593093462 0.39074454659916602
v 0.217451639604507 -0.16888177529318399 0.39074454659916602
v 0.19881082180422899 -0.16888177529318399 0.39074454659916602
v 0.19881082180422899 -0.187522593093462 0.40938536439944401
v 0.217451639604507 -0.187522593093462 0.40938536439944401
v 0.217451639604507 -0.16888177529318399 0.40938536439944401
v 0.19881082180422899 -0.16888177529318399 0.40938536439944401
v 0.19881082180422899 -0.187522593093462 0.42802618219972199
v 0.217451639604507 -0.187522593093462 0.42802618219972199
v 0.217451639604507 -0.16888177529318399 0.42802618219972199
v 0.19881082180422899 -0.16888177529318399 0.42802618219972199
v 0.19881082180422899 -0.187522593093462 0.44666699999999998
v 0.217451639604507 -0.187522593093462 0.44666699999999998
v 0.217451639604507 -0.16888177529318399 0.44666699999999998
v 0.19881082180422899 -0.16888177529318399 0.44666699999999998
v 0.217451639604507 -0.16888177529318399 0.073850643994437096
v 0.217451639604507 -0.150240957492906 0.073850643994437096
v 0.217451639604507 -0.150240957492906 0.092491461794715193
v 0.217451639604507 -0.150240957492906 0.111132279594993
v 0.217451639604507 -0.150240957492906 0.12977309739527201
v 0.217451639604507 -0.150240957492906 0.14841391519555
v 0.217451639604507 -0.150240957492906 0.16705473299582799
v 0.217451639604507 -0.150240957492906 0.185695550796106
v 0.217451639604507 -0.150240957492906 0.20433636859638399
v 0.217451639604507 -0.150240957492906 0.222977186396662
v 0.217451639604507 -0.150240957492906 0.24161800419693999
v 0.217451639604507 -0.150240957492906 0.260258821997219
v 0.217451639604507 -0.150240957492906 0.27889963979749699
v 0.217451639604507 -0.150240957492906 0.29754045759777498
v 0.217451639604507 -0.150240957492906 0.31618127539805302
v 0.217451639604507 -0.150240957492906 0.33482209319833101
v 0.217451639604507 -0.150240957492906 0.35346291099860899
v 0.217451639604507 -0.150240957492906 0.37210372879888698
v 0.217451639604507 -0.150240957492906 0.39074454659916602
v 0.217451639604507 -0.150240957492906 0.40938536439944401
v 0.217451639604507 -0.150240957492906 0.42802618219972199
v 0.19881082180422899 -0.150240957492906 0.42802618219972199
v 0.217451639604507 -0.13160013969262799 0.073850643994437096
v 0.217451639604507 -0.13160013969262799 0.092491461794715193
v 0.217451639604507 -0.13160013969262799 0.111132279594993
v 0.217451639604507 -0.13160013969262799 0.12977309739527201
v 0.217451639604507 -0.13160013969262799 0.14841391519555
v 0.217451639604507 -0.13160013969262799 0.16705473299582799
v 0.217451639604507 -0.13160013969262799 0.185695550796106
v 0.217451639604507 -0.13160013969262799 0.20433636859638399
v 0.217451639604507 -0.13160013969262799 0.222977186396662
v 0.217451639604507 -0.13160013969262799 0.24161800419693999
v 0.217451639604507 -0.13160013969262799 0.260258821997219
v 0.217451639604507 -0.13160013969262799 0.27889963979749699
v 0.217451639604507 -0.13160013969262799 0.29754045759777498
v 0.217451639604507 -0.13160013969262799 0.31618127539805302
v 0.217451639604507 -0.13160013969262799 0.33482209319833101
v 0.217451639604507 -0.13160013969262799 0.35346291099860899
v 0.217451639604507 -0.13160013969262799 0.37210372879888698
v 0.217451639604507 -0.13160013969262799 0.39074454659916602
v 0.217451639604507 -0.13160013969262799 0.40938536439944401
v 0.217451639604507 -0.112959321892349 0.073850643994437096
v 0.217451639604507 -0.112959321892349 0.092491461794715193
v 0.217451639604507 -0.112959321892349 0.111132279594993
v 0.217451639604507 -0.112959321892349 0.12977309739527201
v 0.217451639604507 -0.112959321892349 0.14841391519555
v 0.217451639604507 -0.112959321892349 0.16705473299582799
v 0.217451639604507 -0.112959321892349 0.185695550796106
v 0.217451639604507 -0.112959321892349 0.20433636859638399
v 0.217451639604507 -0.112959321892349 0.222977186396662
v 0.217451639604507 -0.112959321892349 0.24161800419693999
v 0.217451639604507 -0.112959321892349 0.260258821997219
v 0.217451639604507 -0.112959321892349 0.27889963979749699
v 0.217451639604507 -0.112959321892349 0.29754045759777498
v 0.217451639604507 -0.112959321892349 0.31618127539805302
v 0.217451639604507 -0.112959321892349 0.33482209319833101
v 0.217451639604507 -0.112959321892349 0.35346291099860899
v 0.217451639604507 -0.112959321892349 0.37210372879888698
v 0.217451639604507 -0.112959321892349 0.39074454659916602
v 0.217451639604507 -0.112959321892349 0.40938536439944401
v 0.217451639604507 -0.094318504092071306 0.073850643994437096
v 0.19881082180422899 -0.094318504092071306 0.073850643994437096
v 0.217451639604507 -0.094318504092071306 0.092491461794715193
v 0.217451639604507 -0.094318504092071306 0.111132279594993
v 0.217451639604507 -0.094318504092071306 0.12977309739527201
v 0.217451639604507 -0.094318504092071306 0.14841391519555
v 0.217451639604507 -0.094318504092071306 0.16705473299582799
v 0.217451639604507 -0.094318504092071306 0.185695550796106
v 0.217451639604507 -0.094318504092071306 0.20433636859638399
v 0.217451639604507 -0.094318504092071306 0.222977186396662
v 0.217451639604507 -0.094318504092071306 0.24161800419693999
v 0.217451639604507 -0.094318504092071306 0.260258821997219
v 0.217451639604507 -0.094318504092071306 0.27889963979749699
v 0.217451639604507 -0.094318504092071306 0.29754045759777498
v 0.217451639604507 -0.094318504092071306 0.31618127539805302
v 0.217451639604507 -0.094318504092071306 0.33482209319833101
v 0.217451639604507 -0.094318504092071306 0.35346291099860899
v 0.217451639604507 -0.094318504092071306 0.37210372879888698
v 0.217451639604507 -0.094318504092071306 0.39074454659916602
v 0.217451639604507 -0.075677686291793098 0.073850643994437096
v 0.19881082180422899 -0.075677686291793098 0.073850643994437096
v 0.217451639604507 -0.075677686291793098 0.092491461794715193
v 0.19881082180422899 -0.075677686291793098 0.092491461794715193
v 0.217451639604507 -0.075677686291793098 0.111132279594993
v 0.217451639604507 -0.075677686291793098 0.12977309739527201
v 0.217451639604507 -0.075677686291793098 0.14841391519555
v 0.217451639604507 -0.075677686291793098 0.16705473299582799
v 0.217451639604507 -0.075677686291793098 0.185695550796106
v 0.217451639604507 -0.075677686291793098 0.20433636859638399
v 0.217451639604507 -0.075677686291793098 0.222977186396662
v 0.217451639604507 -0.075677686291793098 0.24161800419693999
v 0.217451639604507 -0.075677686291793098 0.260258821997219
v 0.217451639604507 -0.075677686291793098 0.27889963979749699
v 0.217451639604507 -0.075677686291793098 0.29754045759777498
v 0.217451639604507 -0.075677686291793098 0.31618127539805302
v 0.217451639604507 -0.075677686291793098 0.33482209319833101
v 0.217451639604507 -0.075677686291793098 0.35346291099860899
v 0.217451639604507 -0.075677686291793098 0.37210372879888698
v 0.217451639604507 -0.075677686291793098 0.39074454659916602
v 0.19881082180422899 -0.075677686291793098 0.39074454659916602
v 0.217451639604507 -0.057036868491515 0.092491461794715193
v 0.217451639604507 -0.057036868491515 0.111132279594993
v 0.217451639604507 -0.057036868491515 0.12977309739527201
v 0.217451639604507 -0.057036868491515 0.14841391519555
v 0.217451639604507 -0.057036868491515 0.16705473299582799
v 0.217451639604507 -0.057036868491515 0.185695550796106
v 0.217451639604507 -0.057036868491515 0.20433636859638399
v 0.217451639604507 -0.057036868491515 0.222977186396662
v 0.217451639604507 -0.057036868491515 0.24161800419693999
v 0.217451639604507 -0.057036868491515 0.260258821997219
v 0.217451639604507 -0.057036868491515 0.27889963979749699
v 0.217451639604507 -0.057036868491515 0.29754045759777498
v 0.217451639604507 -0.057036868491515 0.31618127539805302
v 0.217451639604507 -0.057036868491515 0.33482209319833101
v 0.217451639604507 -0.057036868491515 0.35346291099860899
v 0.217451639604507 -0.057036868491515 0.37210372879888698
v 0.19881082180422899 -0.057036868491515 0.37210372879888698
v 0.217451639604507 -0.038396050691236798 0.092491461794715193
v 0.217451639604507 -0.038396050691236798 0.111132279594993
v 0.217451639604507 -0.038396050691236798 0.12977309739527201
v 0.217451639604507 -0.038396050691236798 0.14841391519555
v 0.217451639604507 -0.038396050691236798 0.16705473299582799
v 0.217451639604507 -0.038396050691236798 0.185695550796106
v 0.217451639604507 -0.038396050691236798 0.20433636859638399
v 0.217451639604507 -0.038396050691236798 0.222977186396662
v 0.217451639604507 -0.038396050691236798 0.24161800419693999
v 0.217451639604507 -0.038396050691236798 0.260258821997219
v 0.217451639604507 -0.038396050691236798 0.27889963979749699
v 0.217451639604507 -0.038396050691236798 0.29754045759777498
v 0.217451639604507 -0.038396050691236798 0.31618127539805302
v 0.217451639604507 -0.038396050691236798 0.33482209319833101
v 0.217451639604507 -0.038396050691236798 0.35346291099860899
v 0.19881082180422899 -0.038396050691236798 0.073850643994437096
v 0.217451639604507 -0.038396050691236798 0.073850643994437096
v 0.217451639604507 -0.0197552328909587 0.073850643994437096
v 0.217451639604507 -0.0197552328909587 0.092491461794715193
v 0.217451639604507 -0.0197552328909587 0.111132279594993
v 0.217451639604507 -0.0197552328909587 0.12977309739527201
v 0.217451639604507 -0.0197552328909587 0.14841391519555
v 0.217451639604507 -0.0197552328909587 0.16705473299582799
v 0.217451639604507 -0.0197552328909587 0.185695550796106
v 0.217451639604507 -0.0197552328909587 0.20433636859638399
v 0.217451639604507 -0.0197552328909587 0.222977186396662
v 0.217451639604507 -0.0197552328909587 0.24161800419693999
v 0.217451639604507 -0.0197552328909587 0.260258821997219
v 0.217451639604507 -0.0197552328909587 0.27889963979749699
v 0.217451639604507 -0.0197552328909587 0.29754045759777498
v 0.217451639604507 -0.0197552328909587 0.31618127539805302
v 0.217451639604507 -0.0197552328909587 0.33482209319833101
v 0.217451639604507 -0.0197552328909587 0.35346291099860899
v 0.19881082180422899 -0.0197552328909587 0.35346291099860899
v 0.217451639604507 -0.0011144150906804999 0.073850643994437096
v 0.217451639604507 -0.0011144150906804999 0.092491461794715193
v 0.217451639604507 -0.0011144150906804999 0.111132279594993
v 0.217451639604507 -0.0011144150906804999 0.12977309739527201
v 0.217451639604507 -0.0011144150906804999 0.14841391519555
v 0.217451639604507 -0.0011144150906804999 0.16705473299582799
v 0.217451639604507 -0.0011144150906804999 0.185695550796106
v 0.217451639604507 -0.0011144150906804999 0.20433636859638399
v 0.217451639604507 -0.0011144150906804999 0.222977186396662
v 0.217451639604507 -0.0011144150906804999 0.24161800419693999
v 0.217451639604507 -0.0011144150906804999 0.260258821997219
v 0.217451639604507 -0.0011144150906804999 0.27889963979749699
v 0.217451639604507 -0.0011144150906804999 0.29754045759777498
v 0.217451639604507 -0.0011144150906804999 0.31618127539805302
v 0.217451639604507 -0.0011144150906804999 0.33482209319833101
v 0.19881082180422899 -0.0011144150906804999 0.33482209319833101
v 0.217451639604507 0.0175264027095977 0.073850643994437096
v 0.217451639604507 0.0175264027095977 0.092491461794715193
v 0.217451639604507 0.0175264027095977 0.111132279594993
v 0.217451639604507 0.0175264027095977 0.12977309739527201
v 0.217451639604507 0.0175264027095977 0.14841391519555
v 0.217451639604507 0.0175264027095977 0.16705473299582799
v 0.217451639604507 0.0175264027095977 0.185695550796106
v 0.217451639604507 0.0175264027095977 0.20433636859638399
v 0.217451639604507 0.0175264027095977 0.222977186396662
v 0.217451639604507 0.0175264027095977 0.24161800419693999
v 0.217451639604507 0.0175264027095977 0.260258821997219
v 0.217451639604507 0.0175264027095977 0.27889963979749699
v 0.217451639604507 0.0175264027095977 0.29754045759777498
v 0.217451639604507 0.0175264027095977 0.31618127539805302
v 0.19881082180422899 0.0175264027095977 0.31618127539805302
v 0.217451639604507 0.036167220509875801 0.073850643994437096
v 0.217451639604507 0.036167220509875801 0.092491461794715193
v 0.217451639604507 0.036167220509875801 0.111132279594993
v 0.217451639604507 0.036167220509875801 0.12977309739527201
v 0.217451639604507 0.036167220509875801 0.14841391519555
v 0.217451639604507 0.036167220509875801 0.16705473299582799
v 0.217451639604507 0.036167220509875801 0.185695550796106
v 0.217451639604507 0.036167220509875801 0.20433636859638399
v 0.217451639604507 0.036167220509875801 0.222977186396662
v 0.217451639604507 0.036167220509875801 0.24161800419693999
v 0.217451639604507 0.036167220509875801 0.260258821997219
v 0.217451639604507 0.036167220509875801 0.27889963979749699
v 0.217451639604507 0.036167220509875801 0.29754045759777498
v 0.217451639604507 0.036167220509875801 0.31618127539805302
v 0.19881082180422899 0.0175264027095977 0.33482209319833101
v 0.217451639604507 0.0175264027095977 0.33482209319833101
v 0.217451639604507 0.036167220509875801 0.33482209319833101
v 0.19881082180422899 0.036167220509875801 0.33482209319833101
v 0.217451639604507 0.054808038310153899 0.111132279594993
v 0.217451639604507 0.054808038310153899 0.12977309739527201
v 0.217451639604507 0.054808038310153899 0.14841391519555
v 0.217451639604507 0.054808038310153899 0.16705473299582799
v 0.217451639604507 0.054808038310153899 0.185695550796106
v 0.217451639604507 0.054808038310153899 0.20433636859638399
v 0.217451639604507 0.054808038310153899 0.222977186396662
v 0.217451639604507 0.054808038310153899 0.24161800419693999
v 0.217451639604507 0.054808038310153899 0.260258821997219
v 0.217451639604507 0.054808038310153899 0.27889963979749699
v 0.217451639604507 0.054808038310153899 0.29754045759777498
v 0.217451639604507 0.054808038310153899 0.31618127539805302
v 0.217451639604507 0.054808038310153899 0.33482209319833101
v 0.19881082180422899 0.054808038310153899 0.33482209319833101
v 0.217451639604507 0.073448856110432101 0.12977309739527201
v 0.217451639604507 0.073448856110432101 0.14841391519555
v 0.217451639604507 0.073448856110432101 0.16705473299582799
v 0.217451639604507 0.073448856110432101 0.185695550796106
v 0.217451639604507 0.073448856110432101 0.20433636859638399
v 0.217451639604507 0.073448856110432101 0.222977186396662
v 0.217451639604507 0.073448856110432101 0.24161800419693999
v 0.217451639604507 0.073448856110432101 0.260258821997219
v 0.217451639604507 0.073448856110432101 0.27889963979749699
v 0.217451639604507 0.073448856110432101 0.29754045759777498
v 0.217451639604507 0.073448856110432101 0.31618127539805302
v 0.19881082180422899 0.073448856110432101 0.31618127539805302
v 0.217451639604507 0.073448856110432101 0.33482209319833101
v 0.19881082180422899 0.073448856110432101 0.33482209319833101
v 0.217451639604507 0.092089673910710199 0.14841391519555
v 0.217451639604507 0.092089673910710199 0.16705473299582799
v 0.217451639604507 0.092089673910710199 0.185695550796106
v 0.217451639604507 0.092089673910710199 0.20433636859638399
v 0.217451639604507 0.092089673910710199 0.222977186396662
v 0.217451639604507 0.092089673910710199 0.24161800419693999
v 0.217451639604507 0.18529376291210101 0.12977309739527201
v 0.217451639604507 0.20393458071237899 0.12977309739527201
v 0.217451639604507 0.18529376291210101 0.14841391519555
v 0.217451639604507 0.20393458071237899 0.14841391519555
v 0.217451639604507 0.18529376291210101 0.16705473299582799
v 0.217451639604507 0.20393458071237899 0.16705473299582799
v 0.217451639604507 0.18529376291210101 0.185695550796106
v 0.217451639604507 0.20393458071237899 0.185695550796106
v 0.217451639604507 0.18529376291210101 0.20433636859638399
v 0.217451639604507 0.20393458071237899 0.20433636859638399
v 0.217451639604507 0.20393458071237899 0.092491461794715193
v 0.217451639604507 0.22257539851265701 0.092491461794715193
v 0.217451639604507 0.20393458071237899 0.111132279594993
v 0.217451639604507 0.22257539851265701 0.111132279594993
v 0.217451639604507 0.22257539851265701 0.12977309739527201
v 0.217451639604507 0.22257539851265701 0.14841391519555
v 0.217451639604507 0.22257539851265701 0.16705473299582799
v 0.217451639604507 0.22257539851265701 0.185695550796106
v 0.217451639604507 0.22257539851265701 0.20433636859638399
v 0.217451639604507 0.20393458071237899 0.222977186396662
v 0.217451639604507 0.22257539851265701 0.222977186396662
v 0.217451639604507 0.20393458071237899 0.24161800419693999
v 0.217451639604507 0.22257539851265701 0.24161800419693999
v 0.217451639604507 0.20393458071237899 0.260258821997219
v 0.217451639604507 0.22257539851265701 0.260258821997219
v 0.217451639604507 0.20393458071237899 0.27889963979749699
v 0.217451639604507 0.22257539851265701 0.27889963979749699
v 0.19881082180422899 0.20393458071237899 0.29754045759777498
v 0.217451639604507 0.20393458071237899 0.29754045759777498
v 0.217451639604507 0.22257539851265701 0.29754045759777498
v 0.19881082180422899 0.22257539851265701 0.055209826194158901
v 0.217451639604507 0.22257539851265701 0.055209826194158901
v 0.217451639604507 0.24121621631293499 0.055209826194158901
v 0.19881082180422899 0.22257539851265701 0.073850643994437096
v 0.217451639604507 0.22257539851265701 0.073850643994437096
v 0.217451639604507 0.24121621631293499 0.073850643994437096
v 0.217451639604507 0.24121621631293499 0.092491461794715193
v 0.217451639604507 0.24121621631293499 0.111132279594993
v 0.217451639604507 0.24121621631293499 0.12977309739527201
v 0.217451639604507 0.24121621631293499 0.14841391519555
v 0.217451639604507 0.24121621631293499 0.16705473299582799
v 0.217451639604507 0.24121621631293499 0.185695550796106
v 0.217451639604507 0.24121621631293499 0.20433636859638399
v 0.217451639604507 0.24121621631293499 0.222977186396662
v 0.217451639604507 0.24121621631293499 0.24161800419693999
v 0.217451639604507 0.24121621631293499 0.260258821997219
v 0.217451639604507 0.24121621631293499 0.27889963979749699
v 0.217451639604507 0.24121621631293499 0.29754045759777498
v 0.217451639604507 0.24121621631293499 0.036569008393880803
v 0.217451639604507 0.25985703411321398 0.036569008393880803
v 0.217451639604507 0.25985703411321398 0.055209826194158901
v 0.217451639604507 0.25985703411321398 0.073850643994437096
v 0.217451639604507 0.25985703411321398 0.092491461794715193
v 0.217451639604507 0.25985703411321398 0.111132279594993
v 0.217451639604507 0.25985703411321398 0.12977309739527201
v 0.217451639604507 0.25985703411321398 0.14841391519555
v 0.217451639604507 0.25985703411321398 0.16705473299582799
v 0.217451639604507 0.25985703411321398 0.185695550796106
v 0.217451639604507 0.25985703411321398 0.20433636859638399
v 0.217451639604507 0.25985703411321398 0.222977186396662
v 0.217451639604507 0.25985703411321398 0.24161800419693999
v 0.217451639604507 0.25985703411321398 0.260258821997219
v 0.217451639604507 0.25985703411321398 0.27889963979749699
v 0.217451639604507 0.25985703411321398 0.29754045759777498
v 0.217451639604507 0.24121621631293499 0.31618127539805302
v 0.217451639604507 0.25985703411321398 0.31618127539805302
v 0.217451639604507 0.27849785191349202 0.036569008393880803
v 0.19881082180422899 0.27849785191349202 0.036569008393880803
v 0.217451639604507 0.27849785191349202 0.055209826194158901
v 0.217451639604507 0.27849785191349202 0.073850643994437096
v 0.217451639604507 0.27849785191349202 0.092491461794715193
v 0.217451639604507 0.27849785191349202 0.111132279594993
v 0.217451639604507 0.27849785191349202 0.12977309739527201
v 0.217451639604507 0.27849785191349202 0.14841391519555
v 0.217451639604507 0.27849785191349202 0.16705473299582799
v 0.217451639604507 0.27849785191349202 0.185695550796106
v 0.217451639604507 0.27849785191349202 0.20433636859638399
v 0.217451639604507 0.27849785191349202 0.222977186396662
v 0.217451639604507 0.27849785191349202 0.24161800419693999
v 0.217451639604507 0.27849785191349202 0.260258821997219
v 0.217451639604507 0.27849785191349202 0.27889963979749699
v 0.217451639604507 0.27849785191349202 0.29754045759777498
v 0.217451639604507 0.27849785191349202 0.31618127539805302
v 0.217451639604507 0.25985703411321398 0.33482209319833101
v 0.217451639604507 0.27849785191349202 0.33482209319833101
v 0.19881082180422899 0.25985703411321398 0.35346291099860899
v 0.217451639604507 0.25985703411321398 0.35346291099860899
v 0.217451639604507 0.27849785191349202 0.35346291099860899
v 0.217451639604507 0.29713866971377001 0.055209826194158901
v 0.19881082180422899 0.29713866971377001 0.055209826194158901
v 0.217451639604507 0.29713866971377001 0.073850643994437096
v 0.217451639604507 0.29713866971377001 0.092491461794715193
v 0.217451639604507 0.29713866971377001 0.111132279594993
v 0.217451639604507 0.29713866971377001 0.12977309739527201
v 0.217451639604507 0.29713866971377001 0.14841391519555
v 0.217451639604507 0.29713866971377001 0.16705473299582799
v 0.217451639604507 0.29713866971377001 0.185695550796106
v 0.217451639604507 0.29713866971377001 0.20433636859638399
v 0.217451639604507 0.29713866971377001 0.222977186396662
v 0.217451639604507 0.29713866971377001 0.24161800419693999
v 0.217451639604507 0.29713866971377001 0.260258821997219
v 0.217451639604507 0.29713866971377001 0.27889963979749699
v 0.217451639604507 0.29713866971377001 0.29754045759777498
v 0.217451639604507 0.29713866971377001 0.31618127539805302
v 0.217451639604507 0.29713866971377001 0.33482209319833101
v 0.217451639604507 0.29713866971377001 0.35346291099860899
v 0.217451639604507 0.27849785191349202 0.37210372879888698
v 0.217451639604507 0.29713866971377001 0.37210372879888698
v 0.217451639604507 0.315779487514048 0.055209826194158901
v 0.19881082180422899 0.315779487514048 0.055209826194158901
v 0.217451639604507 0.315779487514048 0.073850643994437096
v 0.217451639604507 0.315779487514048 0.092491461794715193
v 0.217451639604507 0.315779487514048 0.111132279594993
v 0.217451639604507 0.315779487514048 0.12977309739527201
v 0.217451639604507 0.315779487514048 0.14841391519555
v 0.217451639604507 0.315779487514048 0.16705473299582799
v 0.217451639604507 0.315779487514048 0.185695550796106
v 0.217451639604507 0.315779487514048 0.20433636859638399
v 0.217451639604507 0.315779487514048 0.222977186396662
v 0.217451639604507 0.315779487514048 0.24161800419693999
v 0.217451639604507 0.315779487514048 0.260258821997219
v 0.217451639604507 0.315779487514048 0.27889963979749699
v 0.217451639604507 0.315779487514048 0.29754045759777498
v 0.217451639604507 0.315779487514048 0.31618127539805302
v 0.217451639604507 0.315779487514048 0.33482209319833101
v 0.217451639604507 0.315779487514048 0.35346291099860899
v 0.217451639604507 0.315779487514048 0.37210372879888698
v 0.217451639604507 0.33442030531432598 0.073850643994437096
v 0.217451639604507 0.33442030531432598 0.092491461794715193
v 0.217451639604507 0.33442030531432598 0.111132279594993
v 0.217451639604507 0.33442030531432598 0.12977309739527201
v 0.217451639604507 0.33442030531432598 0.14841391519555
v 0.217451639604507 0.33442030531432598 0.16705473299582799
v 0.217451639604507 0.33442030531432598 0.185695550796106
v 0.217451639604507 0.33442030531432598 0.20433636859638399
v 0.217451639604507 0.33442030531432598 0.222977186396662
v 0.217451639604507 0.33442030531432598 0.24161800419693999
v 0.217451639604507 0.33442030531432598 0.260258821997219
v 0.217451639604507 0.33442030531432598 0.27889963979749699
v 0.217451639604507 0.33442030531432598 0.29754045759777498
v 0.217451639604507 0.33442030531432598 0.31618127539805302
v 0.19881082180422899 0.33442030531432598 0.31618127539805302
v 0.217451639604507 0.35306112311460403 0.092491461794715193
v 0.217451639604507 0.35306112311460403 0.111132279594993
v 0.217451639604507 0.35306112311460403 0.12977309739527201
v 0.217451639604507 0.35306112311460403 0.14841391519555
v 0.217451639604507 0.35306112311460403 0.16705473299582799
v 0.217451639604507 0.35306112311460403 0.185695550796106
v 0.217451639604507 0.35306112311460403 0.20433636859638399
v 0.217451639604507 0.35306112311460403 0.222977186396662
v 0.217451639604507 0.35306112311460403 0.24161800419693999
v 0.217451639604507 0.35306112311460403 0.260258821997219
v 0.217451639604507 0.35306112311460403 0.27889963979749699
v 0.217451639604507 0.35306112311460403 0.29754045759777498
v 0.217451639604507 0.35306112311460403 0.31618127539805302
v 0.217451639604507 0.33442030531432598 0.33482209319833101
v 0.217451639604507 0.35306112311460403 0.33482209319833101
v 0.19881082180422899 0.35306112311460403 0.33482209319833101
v 0.217451639604507 0.37170194091488301 0.111132279594993
v 0.217451639604507 0.37170194091488301 0.12977309739527201
v 0.217451639604507 0.37170194091488301 0.14841391519555
v 0.217451639604507 0.37170194091488301 0.16705473299582799
v 0.217451639604507 0.37170194091488301 0.185695550796106
v 0.217451639604507 0.37170194091488301 0.20433636859638399
v 0.217451639604507 0.37170194091488301 0.222977186396662
v 0.217451639604507 0.37170194091488301 0.24161800419693999
v 0.217451639604507 0.37170194091488301 0.260258821997219
v 0.217451639604507 0.37170194091488301 0.27889963979749699
v 0.217451639604507 0.37170194091488301 0.29754045759777498
v 0.217451639604507 0.37170194091488301 0.31618127539805302
v 0.217451639604507 0.37170194091488301 0.33482209319833101
v 0.19881082180422899 0.35306112311460403 0.35346291099860899
v 0.217451639604507 0.35306112311460403 0.35346291099860899
v 0.217451639604507 0.37170194091488301 0.35346291099860899
v 0.19881082180422899 0.37170194091488301 0.35346291099860899
v 0.217451639604507 0.390342758715161 0.12977309739527201
v 0.19881082180422899 0.390342758715161 0.12977309739527201
v 0.217451639604507 0.390342758715161 0.14841391519555
v 0.19881082180422899 0.390342758715161 0.14841391519555
v 0.217451639604507 0.390342758715161 0.16705473299582799
v 0.19881082180422899 0.390342758715161 0.16705473299582799
v 0.217451639604507 0.390342758715161 0.185695550796106
v 0.19881082180422899 0.390342758715161 0.185695550796106
v 0.217451639604507 0.390342758715161 0.20433636859638399
v 0.19881082180422899 0.390342758715161 0.20433636859638399
v 0.217451639604507 0.390342758715161 0.222977186396662
v 0.217451639604507 0.390342758715161 0.24161800419693999
v 0.217451639604507 0.390342758715161 0.260258821997219
v 0.217451639604507 0.390342758715161 0.27889963979749699
v 0.217451639604507 0.390342758715161 0.29754045759777498
v 0.217451639604507 0.390342758715161 0.31618127539805302
v 0.217451639604507 0.390342758715161 0.33482209319833101
v 0.217451639604507 0.390342758715161 0.35346291099860899
v 0.217451639604507 0.40898357651543898 0.222977186396662
v 0.19881082180422899 0.40898357651543898 0.222977186396662
v 0.217451639604507 0.40898357651543898 0.24161800419693999
v 0.217451639604507 0.40898357651543898 0.260258821997219
v 0.217451639604507 0.40898357651543898 0.27889963979749699
v 0.217451639604507 0.40898357651543898 0.29754045759777498
v 0.217451639604507 0.40898357651543898 0.31618127539805302
v 0.217451639604507 0.40898357651543898 0.33482209319833101
v 0.217451639604507 0.40898357651543898 0.35346291099860899
v 0.19881082180422899 0.390342758715161 0.37210372879888698
v 0.217451639604507 0.390342758715161 0.37210372879888698
v 0.217451639604507 0.40898357651543898 0.37210372879888698
v 0.19881082180422899 0.40898357651543898 0.37210372879888698
v 0.217451639604507 0.42762439431571703 0.24161800419693999
v 0.19881082180422899 0.42762439431571703 0.24161800419693999
v 0.217451639604507 0.42762439431571703 0.260258821997219
v 0.217451639604507 0.42762439431571703 0.27889963979749699
v 0.217451639604507 0.42762439431571703 0.29754045759777498
v 0.217451639604507 0.42762439431571703 0.31618127539805302
v 0.217451639604507 0.42762439431571703 0.33482209319833101
v 0.217451639604507 0.42762439431571703 0.35346291099860899
v 0.217451639604507 0.42762439431571703 0.37210372879888698
v 0.217451639604507 0.44626521211599501 0.24161800419693999
v 0.19881082180422899 0.44626521211599501 0.24161800419693999
v 0.217451639604507 0.44626521211599501 0.260258821997219
v 0.217451639604507 0.44626521211599501 0.27889963979749699
v 0.217451639604507 0.44626521211599501 0.29754045759777498
v 0.217451639604507 0.44626521211599501 0.31618127539805302
v 0.217451639604507 0.44626521211599501 0.33482209319833101
v 0.217451639604507 0.44626521211599501 0.35346291099860899
v 0.217451639604507 0.44626521211599501 0.37210372879888698
v 0.19881082180422899 0.44626521211599501 0.20433636859638399
v 0.217451639604507 0.44626521211599501 0.20433636859638399
v 0.217451639604507 0.464906029916273 0.20433636859638399
v 0.19881082180422899 0.464906029916273 0.20433636859638399
v 0.19881082180422899 0.44626521211599501 0.222977186396662
v 0.217451639604507 0.44626521211599501 0.222977186396662
v 0.217451639604507 0.464906029916273 0.222977186396662
v 0.19881082180422899 0.464906029916273 0.222977186396662
v 0.217451639604507 0.464906029916273 0.24161800419693999
v 0.217451639604507 0.464906029916273 0.260258821997219
v 0.217451639604507 0.464906029916273 0.27889963979749699
v 0.217451639604507 0.464906029916273 0.29754045759777498
v 0.217451639604507 0.464906029916273 0.31618127539805302
v 0.217451639604507 0.464906029916273 0.33482209319833101
v 0.217451639604507 0.464906029916273 0.35346291099860899
v 0.217451639604507 0.464906029916273 0.37210372879888698
v 0.217451639604507 0.48354684771655099 0.24161800419693999
v 0.217451639604507 0.48354684771655099 0.260258821997219
v 0.217451639604507 0.48354684771655099 0.27889963979749699
v 0.217451639604507 0.48354684771655099 0.29754045759777498
v 0.217451639604507 0.48354684771655099 0.31618127539805302
v 0.217451639604507 0.48354684771655099 0.33482209319833101
v 0.217451639604507 0.48354684771655099 0.35346291099860899
v 0.217451639604507 0.48354684771655099 0.37210372879888698
v 0.217451639604507 0.50218766551682903 0.24161800419693999
v 0.217451639604507 0.50218766551682903 0.260258821997219
v 0.217451639604507 0.50218766551682903 0.27889963979749699
v 0.217451639604507 0.50218766551682903 0.29754045759777498
v 0.217451639604507 0.50218766551682903 0.31618127539805302
v 0.217451639604507 0.50218766551682903 0.33482209319833101
v 0.217451639604507 0.50218766551682903 0.35346291099860899
v 0.217451639604507 0.52082848331710796 0.29754045759777498
v 0.217451639604507 0.52082848331710796 0.31618127539805302
v 0.217451639604507 -0.29936749989513101 0.092491461794715193
v 0.23609245740478499 -0.29936749989513101 0.092491461794715193
v 0.23609245740478499 -0.28072668209485302 0.092491461794715193
v 0.217451639604507 -0.28072668209485302 0.092491461794715193
v 0.217451639604507 -0.29936749989513101 0.111132279594993
v 0.23609245740478499 -0.29936749989513101 0.111132279594993
v 0.23609245740478499 -0.28072668209485302 0.111132279594993
v 0.217451639604507 -0.28072668209485302 0.111132279594993
v 0.23609245740478499 -0.29936749989513101 0.20433636859638399
v 0.23609245740478499 -0.28072668209485302 0.20433636859638399
v 0.23609245740478499 -0.29936749989513101 0.222977186396662
v 0.23609245740478499 -0.28072668209485302 0.222977186396662
v 0.23609245740478499 -0.29936749989513101 0.24161800419693999
v 0.23609245740478499 -0.28072668209485302 0.24161800419693999
v 0.23609245740478499 -0.26208586429457498 0.092491461794715193
v 0.217451639604507 -0.26208586429457498 0.092491461794715193
v 0.23609245740478499 -0.26208586429457498 0.111132279594993
v 0.217451639604507 -0.26208586429457498 0.111132279594993
v 0.23609245740478499 -0.28072668209485302 0.16705473299582799
v 0.23609245740478499 -0.26208586429457498 0.16705473299582799
v 0.23609245740478499 -0.28072668209485302 0.185695550796106
v 0.23609245740478499 -0.26208586429457498 0.185695550796106
v 0.23609245740478499 -0.26208586429457498 0.20433636859638399
v 0.23609245740478499 -0.26208586429457498 0.222977186396662
v 0.23609245740478499 -0.26208586429457498 0.24161800419693999
v 0.23609245740478499 -0.28072668209485302 0.260258821997219
v 0.23609245740478499 -0.26208586429457498 0.260258821997219
v 0.23609245740478499 -0.28072668209485302 0.27889963979749699
v 0.23609245740478499 -0.26208586429457498 0.27889963979749699
v 0.23609245740478499 -0.28072668209485302 0.29754045759777498
v 0.23609245740478499 -0.26208586429457498 0.29754045759777498
v 0.23609245740478499 -0.24344504649429599 0.092491461794715193
v 0.217451639604507 -0.24344504649429599 0.092491461794715193
v 0.23609245740478499 -0.24344504649429599 0.111132279594993
v 0.217451639604507 -0.24344504649429599 0.111132279594993
v 0.23609245740478499 -0.26208586429457498 0.14841391519555
v 0.23609245740478499 -0.24344504649429599 0.14841391519555
v 0.23609245740478499 -0.24344504649429599 0.16705473299582799
v 0.23609245740478499 -0.24344504649429599 0.185695550796106
v 0.23609245740478499 -0.24344504649429599 0.20433636859638399
v 0.23609245740478499 -0.24344504649429599 0.222977186396662
v 0.23609245740478499 -0.24344504649429599 0.24161800419693999
v 0.23609245740478499 -0.24344504649429599 0.260258821997219
v 0.23609245740478499 -0.24344504649429599 0.27889963979749699
v 0.23609245740478499 -0.24344504649429599 0.29754045759777498
v 0.23609245740478499 -0.224804228694018 0.092491461794715193
v 0.217451639604507 -0.224804228694018 0.092491461794715193
v 0.23609245740478499 -0.224804228694018 0.111132279594993
v 0.217451639604507 -0.224804228694018 0.111132279594993
v 0.217451639604507 -0.24344504649429599 0.12977309739527201
v 0.23609245740478499 -0.24344504649429599 0.12977309739527201
v 0.23609245740478499 -0.224804228694018 0.12977309739527201
v 0.23609245740478499 -0.224804228694018 0.14841391519555
v 0.23609245740478499 -0.224804228694018 0.16705473299582799
v 0.23609245740478499 -0.224804228694018 0.185695550796106
v 0.23609245740478499 -0.224804228694018 0.20433636859638399
v 0.23609245740478499 -0.224804228694018 0.222977186396662
v 0.23609245740478499 -0.224804228694018 0.24161800419693999
v 0.23609245740478499 -0.224804228694018 0.260258821997219
v 0.23609245740478499 -0.224804228694018 0.27889963979749699
v 0.23609245740478499 -0.224804228694018 0.29754045759777498
v 0.23609245740478499 -0.24344504649429599 0.31618127539805302
v 0.23609245740478499 -0.224804228694018 0.31618127539805302
v 0.217451639604507 -0.224804228694018 0.073850643994437096
v 0.23609245740478499 -0.224804228694018 0.073850643994437096
v 0.23609245740478499 -0.20616341089373999 0.073850643994437096
v 0.217451639604507 -0.20616341089373999 0.073850643994437096
v 0.23609245740478499 -0.20616341089373999 0.092491461794715193
v 0.23609245740478499 -0.20616341089373999 0.111132279594993
v 0.23609245740478499 -0.20616341089373999 0.12977309739527201
v 0.23609245740478499 -0.20616341089373999 0.14841391519555
v 0.23609245740478499 -0.20616341089373999 0.16705473299582799
v 0.23609245740478499 -0.20616341089373999 0.185695550796106
v 0.23609245740478499 -0.20616341089373999 0.20433636859638399
v 0.23609245740478499 -0.20616341089373999 0.222977186396662
v 0.23609245740478499 -0.20616341089373999 0.24161800419693999
v 0.23609245740478499 -0.20616341089373999 0.260258821997219
v 0.23609245740478499 -0.20616341089373999 0.27889963979749699
v 0.23609245740478499 -0.20616341089373999 0.29754045759777498
v 0.23609245740478499 -0.20616341089373999 0.31618127539805302
v 0.23609245740478499 -0.187522593093462 0.073850643994437096
v 0.217451639604507 -0.187522593093462 0.073850643994437096
v 0.23609245740478499 -0.187522593093462 0.092491461794715193
v 0.23609245740478499 -0.187522593093462 0.111132279594993
v 0.23609245740478499 -0.187522593093462 0.12977309739527201
v 0.23609245740478499 -0.187522593093462 0.14841391519555
v 0.23609245740478499 -0.187522593093462 0.16705473299582799
v 0.23609245740478499 -0.187522593093462 0.185695550796106
v 0.23609245740478499 -0.187522593093462 0.20433636859638399
v 0.23609245740478499 -0.187522593093462 0.222977186396662
v 0.23609245740478499 -0.187522593093462 0.24161800419693999
v 0.23609245740478499 -0.187522593093462 0.260258821997219
v 0.23609245740478499 -0.187522593093462 0.27889963979749699
v 0.23609245740478499 -0.187522593093462 0.29754045759777498
v 0.23609245740478499 -0.187522593093462 0.31618127539805302
v 0.23609245740478499 -0.20616341089373999 0.33482209319833101
v 0.23609245740478499 -0.187522593093462 0.33482209319833101
v 0.23609245740478499 -0.20616341089373999 0.35346291099860899
v 0.23609245740478499 -0.187522593093462 0.35346291099860899
v 0.217451639604507 -0.20616341089373999 0.37210372879888698
v 0.23609245740478499 -0.20616341089373999 0.37210372879888698
v 0.23609245740478499 -0.187522593093462 0.37210372879888698
v 0.217451639604507 -0.20616341089373999 0.39074454659916602
v 0.23609245740478499 -0.20616341089373999 0.39074454659916602
v 0.23609245740478499 -0.187522593093462 0.39074454659916602
v 0.217451639604507 -0.20616341089373999 0.40938536439944401
v 0.23609245740478499 -0.20616341089373999 0.40938536439944401
v 0.23609245740478499 -0.187522593093462 0.40938536439944401
v 0.23609245740478499 -0.16888177529318399 0.073850643994437096
v 0.23609245740478499 -0.16888177529318399 0.092491461794715193
v 0.23609245740478499 -0.16888177529318399 0.111132279594993
v 0.23609245740478499 -0.16888177529318399 0.12977309739527201
v 0.23609245740478499 -0.16888177529318399 0.14841391519555
v 0.23609245740478499 -0.16888177529318399 0.16705473299582799
v 0.23609245740478499 -0.16888177529318399 0.185695550796106
v 0.23609245740478499 -0.16888177529318399 0.20433636859638399
v 0.23609245740478499 -0.16888177529318399 0.222977186396662
v 0.23609245740478499 -0.16888177529318399 0.24161800419693999
v 0.23609245740478499 -0.16888177529318399 0.260258821997219
v 0.23609245740478499 -0.16888177529318399 0.27889963979749699
v 0.23609245740478499 -0.16888177529318399 0.29754045759777498
v 0.23609245740478499 -0.16888177529318399 0.31618127539805302
v 0.23609245740478499 -0.16888177529318399 0.33482209319833101
v 0.23609245740478499 -0.16888177529318399 0.35346291099860899
v 0.23609245740478499 -0.16888177529318399 0.37210372879888698
v 0.23609245740478499 -0.16888177529318399 0.39074454659916602
v 0.23609245740478499 -0.16888177529318399 0.40938536439944401
v 0.23609245740478499 -0.187522593093462 0.42802618219972199
v 0.23609245740478499 -0.16888177529318399 0.42802618219972199
v 0.23609245740478499 -0.150240957492906 0.073850643994437096
v 0.23609245740478499 -0.150240957492906 0.092491461794715193
v 0.23609245740478499 -0.150240957492906 0.111132279594993
v 0.23609245740478499 -0.150240957492906 0.12977309739527201
v 0.23609245740478499 -0.150240957492906 0.14841391519555
v 0.23609245740478499 -0.150240957492906 0.16705473299582799
v 0.23609245740478499 -0.150240957492906 0.185695550796106
v 0.23609245740478499 -0.150240957492906 0.20433636859638399
v 0.23609245740478499 -0.150240957492906 0.222977186396662
v 0.23609245740478499 -0.150240957492906 0.24161800419693999
v 0.23609245740478499 -0.150240957492906 0.260258821997219
v 0.23609245740478499 -0.150240957492906 0.27889963979749699
v 0.23609245740478499 -0.150240957492906 0.29754045759777498
v 0.23609245740478499 -0.150240957492906 0.31618127539805302
v 0.23609245740478499 -0.150240957492906 0.33482209319833101
v 0.23609245740478499 -0.150240957492906 0.35346291099860899
v 0.23609245740478499 -0.150240957492906 0.37210372879888698
v 0.23609245740478499 -0.150240957492906 0.39074454659916602
v 0.23609245740478499 -0.150240957492906 0.40938536439944401
v 0.23609245740478499 -0.150240957492906 0.42802618219972199
v 0.23609245740478499 -0.13160013969262799 0.073850643994437096
v 0.23609245740478499 -0.13160013969262799 0.092491461794715193
v 0.23609245740478499 -0.13160013969262799 0.111132279594993
v 0.23609245740478499 -0.13160013969262799 0.12977309739527201
v 0.23609245740478499 -0.13160013969262799 0.14841391519555
v 0.23609245740478499 -0.13160013969262799 0.16705473299582799
v 0.23609245740478499 -0.13160013969262799 0.185695550796106
v 0.23609245740478499 -0.13160013969262799 0.20433636859638399
v 0.23609245740478499 -0.13160013969262799 0.222977186396662
v 0.23609245740478499 -0.13160013969262799 0.24161800419693999
v 0.23609245740478499 -0.13160013969262799 0.260258821997219
v 0.23609245740478499 -0.13160013969262799 0.27889963979749699
v 0.23609245740478499 -0.13160013969262799 0.29754045759777498
v 0.23609245740478499 -0.13160013969262799 0.31618127539805302
v 0.23609245740478499 -0.13160013969262799 0.33482209319833101
v 0.23609245740478499 -0.13160013969262799 0.35346291099860899
v 0.23609245740478499 -0.13160013969262799 0.37210372879888698
v 0.23609245740478499 -0.13160013969262799 0.39074454659916602
v 0.23609245740478499 -0.13160013969262799 0.40938536439944401
v 0.23609245740478499 -0.13160013969262799 0.42802618219972199
v 0.217451639604507 -0.13160013969262799 0.42802618219972199
v 0.23609245740478499 -0.112959321892349 0.073850643994437096
v 0.23609245740478499 -0.112959321892349 0.092491461794715193
v 0.23609245740478499 -0.112959321892349 0.111132279594993
v 0.23609245740478499 -0.112959321892349 0.12977309739527201
v 0.23609245740478499 -0.112959321892349 0.14841391519555
v 0.23609245740478499 -0.112959321892349 0.16705473299582799
v 0.23609245740478499 -0.112959321892349 0.185695550796106
v 0.23609245740478499 -0.112959321892349 0.20433636859638399
v 0.23609245740478499 -0.112959321892349 0.222977186396662
v 0.23609245740478499 -0.112959321892349 0.24161800419693999
v 0.23609245740478499 -0.112959321892349 0.260258821997219
v 0.23609245740478499 -0.112959321892349 0.27889963979749699
v 0.23609245740478499 -0.112959321892349 0.29754045759777498
v 0.23609245740478499 -0.112959321892349 0.31618127539805302
v 0.23609245740478499 -0.112959321892349 0.33482209319833101
v 0.23609245740478499 -0.112959321892349 0.35346291099860899
v 0.23609245740478499 -0.112959321892349 0.37210372879888698
v 0.23609245740478499 -0.112959321892349 0.39074454659916602
v 0.23609245740478499 -0.112959321892349 0.40938536439944401
v 0.23609245740478499 -0.094318504092071306 0.073850643994437096
v 0.23609245740478499 -0.094318504092071306 0.092491461794715193
v 0.23609245740478499 -0.094318504092071306 0.111132279594993
v 0.23609245740478499 -0.094318504092071306 0.12977309739527201
v 0.23609245740478499 -0.094318504092071306 0.14841391519555
v 0.23609245740478499 -0.094318504092071306 0.16705473299582799
v 0.23609245740478499 -0.094318504092071306 0.185695550796106
v 0.23609245740478499 -0.094318504092071306 0.20433636859638399
v 0.23609245740478499 -0.094318504092071306 0.222977186396662
v 0.23609245740478499 -0.094318504092071306 0.24161800419693999
v 0.23609245740478499 -0.094318504092071306 0.260258821997219
v 0.23609245740478499 -0.094318504092071306 0.27889963979749699
v 0.23609245740478499 -0.094318504092071306 0.29754045759777498
v 0.23609245740478499 -0.094318504092071306 0.31618127539805302
v 0.23609245740478499 -0.094318504092071306 0.33482209319833101
v 0.23609245740478499 -0.094318504092071306 0.35346291099860899
v 0.23609245740478499 -0.094318504092071306 0.37210372879888698
v 0.23609245740478499 -0.094318504092071306 0.39074454659916602
v 0.23609245740478499 -0.094318504092071306 0.40938536439944401
v 0.217451639604507 -0.094318504092071306 0.40938536439944401
v 0.23609245740478499 -0.075677686291793098 0.073850643994437096
v 0.23609245740478499 -0.075677686291793098 0.092491461794715193
v 0.23609245740478499 -0.075677686291793098 0.111132279594993
v 0.23609245740478499 -0.075677686291793098 0.12977309739527201
v 0.23609245740478499 -0.075677686291793098 0.14841391519555
v 0.23609245740478499 -0.075677686291793098 0.16705473299582799
v 0.23609245740478499 -0.075677686291793098 0.185695550796106
v 0.23609245740478499 -0.075677686291793098 0.20433636859638399
v 0.23609245740478499 -0.075677686291793098 0.222977186396662
v 0.23609245740478499 -0.075677686291793098 0.24161800419693999
v 0.23609245740478499 -0.075677686291793098 0.260258821997219
v 0.23609245740478499 -0.075677686291793098 0.27889963979749699
v 0.23609245740478499 -0.075677686291793098 0.29754045759777498
v 0.23609245740478499 -0.075677686291793098 0.31618127539805302
v 0.23609245740478499 -0.075677686291793098 0.33482209319833101
v 0.23609245740478499 -0.075677686291793098 0.35346291099860899
v 0.23609245740478499 -0.075677686291793098 0.37210372879888698
v 0.23609245740478499 -0.057036868491515 0.073850643994437096
v 0.217451639604507 -0.057036868491515 0.073850643994437096
v 0.23609245740478499 -0.057036868491515 0.092491461794715193
v 0.23609245740478499 -0.057036868491515 0.111132279594993
v 0.23609245740478499 -0.057036868491515 0.12977309739527201
v 0.23609245740478499 -0.057036868491515 0.14841391519555
v 0.23609245740478499 -0.057036868491515 0.16705473299582799
v 0.23609245740478499 -0.057036868491515 0.185695550796106
v 0.23609245740478499 -0.057036868491515 0.20433636859638399
v 0.23609245740478499 -0.057036868491515 0.222977186396662
v 0.23609245740478499 -0.057036868491515 0.24161800419693999
v 0.23609245740478499 -0.057036868491515 0.260258821997219
v 0.23609245740478499 -0.057036868491515 0.27889963979749699
v 0.23609245740478499 -0.057036868491515 0.29754045759777498
v 0.23609245740478499 -0.057036868491515 0.31618127539805302
v 0.23609245740478499 -0.057036868491515 0.33482209319833101
v 0.23609245740478499 -0.057036868491515 0.35346291099860899
v 0.23609245740478499 -0.057036868491515 0.37210372879888698
v 0.217451639604507 -0.057036868491515 0.055209826194158901
v 0.23609245740478499 -0.057036868491515 0.055209826194158901
v 0.23609245740478499 -0.038396050691236798 0.055209826194158901
v 0.217451639604507 -0.038396050691236798 0.055209826194158901
v 0.23609245740478499 -0.038396050691236798 0.073850643994437096
v 0.23609245740478499 -0.038396050691236798 0.092491461794715193
v 0.23609245740478499 -0.038396050691236798 0.111132279594993
v 0.23609245740478499 -0.038396050691236798 0.12977309739527201
v 0.23609245740478499 -0.038396050691236798 0.14841391519555
v 0.23609245740478499 -0.038396050691236798 0.16705473299582799
v 0.23609245740478499 -0.038396050691236798 0.185695550796106
v 0.23609245740478499 -0.038396050691236798 0.20433636859638399
v 0.23609245740478499 -0.038396050691236798 0.222977186396662
v 0.23609245740478499 -0.038396050691236798 0.24161800419693999
v 0.23609245740478499 -0.038396050691236798 0.260258821997219
v 0.23609245740478499 -0.038396050691236798 0.27889963979749699
v 0.23609245740478499 -0.038396050691236798 0.29754045759777498
v 0.23609245740478499 -0.038396050691236798 0.31618127539805302
v 0.23609245740478499 -0.038396050691236798 0.33482209319833101
v 0.23609245740478499 -0.038396050691236798 0.35346291099860899
v 0.23609245740478499 -0.038396050691236798 0.37210372879888698
v 0.217451639604507 -0.038396050691236798 0.37210372879888698
v 0.23609245740478499 -0.0197552328909587 0.055209826194158901
v 0.217451639604507 -0.0197552328909587 0.055209826194158901
v 0.23609245740478499 -0.0197552328909587 0.073850643994437096
v 0.23609245740478499 -0.0197552328909587 0.092491461794715193
v 0.23609245740478499 -0.0197552328909587 0.111132279594993
v 0.23609245740478499 -0.0197552328909587 0.12977309739527201
v 0.23609245740478499 -0.0197552328909587 0.14841391519555
v 0.23609245740478499 -0.0197552328909587 0.16705473299582799
v 0.23609245740478499 -0.0197552328909587 0.185695550796106
v 0.23609245740478499 -0.0197552328909587 0.20433636859638399
v 0.23609245740478499 -0.0197552328909587 0.222977186396662
v 0.23609245740478499 -0.0197552328909587 0.24161800419693999
v 0.23609245740478499 -0.0197552328909587 0.260258821997219
v 0.23609245740478499 -0.0197552328909587 0.27889963979749699
v 0.23609245740478499 -0.0197552328909587 0.29754045759777498
v 0.23609245740478499 -0.0197552328909587 0.31618127539805302
v 0.23609245740478499 -0.0197552328909587 0.33482209319833101
v 0.23609245740478499 -0.0197552328909587 0.35346291099860899
v 0.23609245740478499 -0.0197552328909587 0.37210372879888698
v 0.217451639604507 -0.0197552328909587 0.37210372879888698
v 0.23609245740478499 -0.0011144150906804999 0.055209826194158901
v 0.217451639604507 -0.0011144150906804999 0.055209826194158901
v 0.23609245740478499 -0.0011144150906804999 0.073850643994437096
v 0.23609245740478499 -0.0011144150906804999 0.092491461794715193
v 0.23609245740478499 -0.0011144150906804999 0.111132279594993
v 0.23609245740478499 -0.0011144150906804999 0.12977309739527201
v 0.23609245740478499 -0.0011144150906804999 0.14841391519555
v 0.23609245740478499 -0.0011144150906804999 0.16705473299582799
v 0.23609245740478499 -0.0011144150906804999 0.185695550796106
v 0.23609245740478499 -0.0011144150906804999 0.20433636859638399
v 0.23609245740478499 -0.0011144150906804999 0.222977186396662
v 0.23609245740478499 -0.0011144150906804999 0.24161800419693999
v 0.23609245740478499 -0.0011144150906804999 0.260258821997219
v 0.23609245740478499 -0.0011144150906804999 0.27889963979749699
v 0.23609245740478499 -0.0011144150906804999 0.29754045759777498
v 0.23609245740478499 -0.0011144150906804999 0.31618127539805302
v 0.23609245740478499 -0.0011144150906804999 0.33482209319833101
v 0.23609245740478499 -0.0011144150906804999 0.35346291099860899
v 0.217451639604507 -0.0011144150906804999 0.35346291099860899
v 0.23609245740478499 0.0175264027095977 0.073850643994437096
v 0.23609245740478499 0.0175264027095977 0.092491461794715193
v 0.23609245740478499 0.0175264027095977 0.111132279594993
v 0.23609245740478499 0.0175264027095977 0.12977309739527201
v 0.23609245740478499 0.0175264027095977 0.14841391519555
v 0.23609245740478499 0.0175264027095977 0.16705473299582799
v 0.23609245740478499 0.0175264027095977 0.185695550796106
v 0.23609245740478499 0.0175264027095977 0.20433636859638399
v 0.23609245740478499 0.0175264027095977 0.222977186396662
v 0.23609245740478499 0.0175264027095977 0.24161800419693999
v 0.23609245740478499 0.0175264027095977 0.260258821997219
v 0.23609245740478499 0.0175264027095977 0.27889963979749699
v 0.23609245740478499 0.0175264027095977 0.29754045759777498
v 0.23609245740478499 0.0175264027095977 0.31618127539805302
v 0.23609245740478499 0.0175264027095977 0.33482209319833101
v 0.23609245740478499 0.036167220509875801 0.111132279594993
v 0.23609245740478499 0.036167220509875801 0.12977309739527201
v 0.23609245740478499 0.036167220509875801 0.14841391519555
v 0.23609245740478499 0.036167220509875801 0.16705473299582799
v 0.23609245740478499 0.036167220509875801 0.185695550796106
v 0.23609245740478499 0.036167220509875801 0.20433636859638399
v 0.23609245740478499 0.036167220509875801 0.222977186396662
v 0.23609245740478499 0.036167220509875801 0.24161800419693999
v 0.23609245740478499 0.036167220509875801 0.260258821997219
v 0.23609245740478499 0.036167220509875801 0.27889963979749699
v 0.23609245740478499 0.036167220509875801 0.29754045759777498
v 0.23609245740478499 0.036167220509875801 0.31618127539805302
v 0.23609245740478499 0.036167220509875801 0.33482209319833101
v 0.23609245740478499 0.054808038310153899 0.111132279594993
v 0.23609245740478499 0.054808038310153899 0.12977309739527201
v 0.23609245740478499 0.054808038310153899 0.14841391519555
v 0.23609245740478499 0.054808038310153899 0.16705473299582799
v 0.23609245740478499 0.054808038310153899 0.185695550796106
v 0.23609245740478499 0.054808038310153899 0.20433636859638399
v 0.23609245740478499 0.054808038310153899 0.222977186396662
v 0.23609245740478499 0.054808038310153899 0.24161800419693999
v 0.23609245740478499 0.054808038310153899 0.260258821997219
v 0.23609245740478499 0.054808038310153899 0.27889963979749699
v 0.23609245740478499 0.054808038310153899 0.29754045759777498
v 0.23609245740478499 0.054808038310153899 0.31618127539805302
v 0.23609245740478499 0.054808038310153899 0.33482209319833101
v 0.23609245740478499 0.073448856110432101 0.12977309739527201
v 0.23609245740478499 0.073448856110432101 0.14841391519555
v 0.23609245740478499 0.073448856110432101 0.16705473299582799
v 0.23609245740478499 0.073448856110432101 0.185695550796106
v 0.23609245740478499 0.073448856110432101 0.20433636859638399
v 0.23609245740478499 0.073448856110432101 0.222977186396662
v 0.23609245740478499 0.073448856110432101 0.24161800419693999
v 0.23609245740478499 0.073448856110432101 0.260258821997219
v 0.23609245740478499 0.073448856110432101 0.27889963979749699
v 0.23609245740478499 0.073448856110432101 0.29754045759777498
v 0.23609245740478499 0.073448856110432101 0.31618127539805302
v 0.23609245740478499 0.073448856110432101 0.33482209319833101
v 0.23609245740478499 0.092089673910710199 0.16705473299582799
v 0.23609245740478499 0.092089673910710199 0.185695550796106
v 0.23609245740478499 0.092089673910710199 0.20433636859638399
v 0.23609245740478499 0.092089673910710199 0.222977186396662
v 0.23609245740478499 0.18529376291210101 0.12977309739527201
v 0.23609245740478499 0.20393458071237899 0.12977309739527201
v 0.23609245740478499 0.18529376291210101 0.14841391519555
v 0.23609245740478499 0.20393458071237899 0.14841391519555
v 0.23609245740478499 0.18529376291210101 0.16705473299582799
v 0.23609245740478499 0.20393458071237899 0.16705473299582799
v 0.23609245740478499 0.18529376291210101 0.185695550796106
v 0.23609245740478499 0.20393458071237899 0.185695550796106
v 0.23609245740478499 0.18529376291210101 0.20433636859638399
v 0.23609245740478499 0.20393458071237899 0.20433636859638399
v 0.23609245740478499 0.20393458071237899 0.111132279594993
v 0.23609245740478499 0.22257539851265701 0.111132279594993
v 0.23609245740478499 0.22257539851265701 0.12977309739527201
v 0.23609245740478499 0.22257539851265701 0.14841391519555
v 0.23609245740478499 0.22257539851265701 0.16705473299582799
v 0.23609245740478499 0.22257539851265701 0.185695550796106
v 0.23609245740478499 0.22257539851265701 0.20433636859638399
v 0.23609245740478499 0.20393458071237899 0.222977186396662
v 0.23609245740478499 0.22257539851265701 0.222977186396662
v 0.23609245740478499 0.20393458071237899 0.24161800419693999
v 0.23609245740478499 0.22257539851265701 0.24161800419693999
v 0.23609245740478499 0.20393458071237899 0.260258821997219
v 0.23609245740478499 0.22257539851265701 0.260258821997219
v 0.23609245740478499 0.20393458071237899 0.27889963979749699
v 0.23609245740478499 0.22257539851265701 0.27889963979749699
v 0.23609245740478499 0.22257539851265701 0.092491461794715193
v 0.23609245740478499 0.24121621631293499 0.092491461794715193
v 0.23609245740478499 0.24121621631293499 0.111132279594993
v 0.23609245740478499 0.24121621631293499 0.12977309739527201
v 0.23609245740478499 0.24121621631293499 0.14841391519555
v 0.23609245740478499 0.24121621631293499 0.16705473299582799
v 0.23609245740478499 0.24121621631293499 0.185695550796106
v 0.23609245740478499 0.24121621631293499 0.20433636859638399
v 0.23609245740478499 0.24121621631293499 0.222977186396662
v 0.23609245740478499 0.24121621631293499 0.24161800419693999
v 0.23609245740478499 0.24121621631293499 0.260258821997219
v 0.23609245740478499 0.24121621631293499 0.27889963979749699
v 0.23609245740478499 0.22257539851265701 0.29754045759777498
v 0.23609245740478499 0.24121621631293499 0.29754045759777498
v 0.23609245740478499 0.25985703411321398 0.092491461794715193
v 0.23609245740478499 0.25985703411321398 0.111132279594993
v 0.23609245740478499 0.25985703411321398 0.12977309739527201
v 0.23609245740478499 0.25985703411321398 0.14841391519555
v 0.23609245740478499 0.25985703411321398 0.16705473299582799
v 0.23609245740478499 0.25985703411321398 0.185695550796106
v 0.23609245740478499 0.25985703411321398 0.20433636859638399
v 0.23609245740478499 0.25985703411321398 0.222977186396662
v 0.23609245740478499 0.25985703411321398 0.24161800419693999
v 0.23609245740478499 0.25985703411321398 0.260258821997219
v 0.23609245740478499 0.25985703411321398 0.27889963979749699
v 0.23609245740478499 0.25985703411321398 0.29754045759777498
v 0.217451639604507 0.25985703411321398 0.017928190593602601
v 0.23609245740478499 0.25985703411321398 0.017928190593602601
v 0.23609245740478499 0.27849785191349202 0.017928190593602601
v 0.217451639604507 0.27849785191349202 0.017928190593602601
v 0.23609245740478499 0.25985703411321398 0.036569008393880803
v 0.23609245740478499 0.27849785191349202 0.036569008393880803
v 0.23609245740478499 0.25985703411321398 0.055209826194158901
v 0.23609245740478499 0.27849785191349202 0.055209826194158901
v 0.23609245740478499 0.25985703411321398 0.073850643994437096
v 0.23609245740478499 0.27849785191349202 0.073850643994437096
v 0.23609245740478499 0.27849785191349202 0.092491461794715193
v 0.23609245740478499 0.27849785191349202 0.111132279594993
v 0.23609245740478499 0.27849785191349202 0.12977309739527201
v 0.23609245740478499 0.27849785191349202 0.14841391519555
v 0.23609245740478499 0.27849785191349202 0.16705473299582799
v 0.23609245740478499 0.27849785191349202 0.185695550796106
v 0.23609245740478499 0.27849785191349202 0.20433636859638399
v 0.23609245740478499 0.27849785191349202 0.222977186396662
v 0.23609245740478499 0.27849785191349202 0.24161800419693999
v 0.23609245740478499 0.27849785191349202 0.260258821997219
v 0.23609245740478499 0.27849785191349202 0.27889963979749699
v 0.23609245740478499 0.27849785191349202 0.29754045759777498
v 0.23609245740478499 0.25985703411321398 0.31618127539805302
v 0.23609245740478499 0.27849785191349202 0.31618127539805302
v 0.23609245740478499 0.25985703411321398 0.33482209319833101
v 0.23609245740478499 0.27849785191349202 0.33482209319833101
v 0.23609245740478499 0.25985703411321398 0.35346291099860899
v 0.23609245740478499 0.27849785191349202 0.35346291099860899
v 0.23609245740478499 0.29713866971377001 0.036569008393880803
v 0.217451639604507 0.29713866971377001 0.036569008393880803
v 0.23609245740478499 0.29713866971377001 0.055209826194158901
v 0.23609245740478499 0.29713866971377001 0.073850643994437096
v 0.23609245740478499 0.29713866971377001 0.092491461794715193
v 0.23609245740478499 0.29713866971377001 0.111132279594993
v 0.23609245740478499 0.29713866971377001 0.12977309739527201
v 0.23609245740478499 0.29713866971377001 0.14841391519555
v 0.23609245740478499 0.29713866971377001 0.16705473299582799
v 0.23609245740478499 0.29713866971377001 0.185695550796106
v 0.23609245740478499 0.29713866971377001 0.20433636859638399
v 0.23609245740478499 0.29713866971377001 0.222977186396662
v 0.23609245740478499 0.29713866971377001 0.24161800419693999
v 0.23609245740478499 0.29713866971377001 0.260258821997219
v 0.23609245740478499 0.29713866971377001 0.27889963979749699
v 0.23609245740478499 0.29713866971377001 0.29754045759777498
v 0.23609245740478499 0.29713866971377001 0.31618127539805302
v 0.23609245740478499 0.29713866971377001 0.33482209319833101
v 0.23609245740478499 0.29713866971377001 0.35346291099860899
v 0.23609245740478499 0.27849785191349202 0.37210372879888698
v 0.23609245740478499 0.29713866971377001 0.37210372879888698
v 0.23609245740478499 0.315779487514048 0.055209826194158901
v 0.23609245740478499 0.315779487514048 0.073850643994437096
v 0.23609245740478499 0.315779487514048 0.092491461794715193
v 0.23609245740478499 0.315779487514048 0.111132279594993
v 0.23609245740478499 0.315779487514048 0.12977309739527201
v 0.23609245740478499 0.315779487514048 0.14841391519555
v 0.23609245740478499 0.315779487514048 0.16705473299582799
v 0.23609245740478499 0.315779487514048 0.185695550796106
v 0.23609245740478499 0.315779487514048 0.20433636859638399
v 0.23609245740478499 0.315779487514048 0.222977186396662
v 0.23609245740478499 0.315779487514048 0.24161800419693999
v 0.23609245740478499 0.315779487514048 0.260258821997219
v 0.23609245740478499 0.315779487514048 0.27889963979749699
v 0.23609245740478499 0.315779487514048 0.29754045759777498
v 0.23609245740478499 0.315779487514048 0.31618127539805302
v 0.23609245740478499 0.33442030531432598 0.055209826194158901
v 0.217451639604507 0.33442030531432598 0.055209826194158901
v 0.23609245740478499 0.33442030531432598 0.073850643994437096
v 0.23609245740478499 0.33442030531432598 0.092491461794715193
v 0.23609245740478499 0.33442030531432598 0.111132279594993
v 0.23609245740478499 0.33442030531432598 0.12977309739527201
v 0.23609245740478499 0.33442030531432598 0.14841391519555
v 0.23609245740478499 0.33442030531432598 0.16705473299582799
v 0.23609245740478499 0.33442030531432598 0.185695550796106
v 0.23609245740478499 0.33442030531432598 0.20433636859638399
v 0.23609245740478499 0.33442030531432598 0.222977186396662
v 0.23609245740478499 0.33442030531432598 0.24161800419693999
v 0.23609245740478499 0.33442030531432598 0.260258821997219
v 0.23609245740478499 0.33442030531432598 0.27889963979749699
v 0.23609245740478499 0.33442030531432598 0.29754045759777498
v 0.23609245740478499 0.33442030531432598 0.31618127539805302
v 0.23609245740478499 0.315779487514048 0.33482209319833101
v 0.23609245740478499 0.33442030531432598 0.33482209319833101
v 0.23609245740478499 0.35306112311460403 0.055209826194158901
v 0.217451639604507 0.35306112311460403 0.055209826194158901
v 0.23609245740478499 0.35306112311460403 0.073850643994437096
v 0.217451639604507 0.35306112311460403 0.073850643994437096
v 0.23609245740478499 0.35306112311460403 0.092491461794715193
v 0.23609245740478499 0.35306112311460403 0.111132279594993
v 0.23609245740478499 0.35306112311460403 0.12977309739527201
v 0.23609245740478499 0.35306112311460403 0.14841391519555
v 0.23609245740478499 0.35306112311460403 0.16705473299582799
v 0.23609245740478499 0.35306112311460403 0.185695550796106
v 0.23609245740478499 0.35306112311460403 0.20433636859638399
v 0.23609245740478499 0.35306112311460403 0.222977186396662
v 0.23609245740478499 0.35306112311460403 0.24161800419693999
v 0.23609245740478499 0.35306112311460403 0.260258821997219
v 0.23609245740478499 0.35306112311460403 0.27889963979749699
v 0.23609245740478499 0.35306112311460403 0.29754045759777498
v 0.23609245740478499 0.35306112311460403 0.31618127539805302
v 0.23609245740478499 0.35306112311460403 0.33482209319833101
v 0.23609245740478499 0.37170194091488301 0.092491461794715193
v 0.217451639604507 0.37170194091488301 0.092491461794715193
v 0.23609245740478499 0.37170194091488301 0.111132279594993
v 0.23609245740478499 0.37170194091488301 0.12977309739527201
v 0.23609245740478499 0.37170194091488301 0.14841391519555
v 0.23609245740478499 0.37170194091488301 0.16705473299582799
v 0.23609245740478499 0.37170194091488301 0.185695550796106
v 0.23609245740478499 0.37170194091488301 0.20433636859638399
v 0.23609245740478499 0.37170194091488301 0.222977186396662
v 0.23609245740478499 0.37170194091488301 0.24161800419693999
v 0.23609245740478499 0.37170194091488301 0.260258821997219
v 0.23609245740478499 0.37170194091488301 0.27889963979749699
v 0.23609245740478499 0.37170194091488301 0.29754045759777498
v 0.23609245740478499 0.37170194091488301 0.31618127539805302
v 0.23609245740478499 0.37170194091488301 0.33482209319833101
v 0.23609245740478499 0.35306112311460403 0.35346291099860899
v 0.23609245740478499 0.37170194091488301 0.35346291099860899
v 0.23609245740478499 0.390342758715161 0.111132279594993
v 0.217451639604507 0.390342758715161 0.111132279594993
v 0.23609245740478499 0.390342758715161 0.12977309739527201
v 0.23609245740478499 0.390342758715161 0.14841391519555
v 0.23609245740478499 0.390342758715161 0.16705473299582799
v 0.23609245740478499 0.390342758715161 0.185695550796106
v 0.23609245740478499 0.390342758715161 0.20433636859638399
v 0.23609245740478499 0.390342758715161 0.222977186396662
v 0.23609245740478499 0.390342758715161 0.24161800419693999
v 0.23609245740478499 0.390342758715161 0.260258821997219
v 0.23609245740478499 0.390342758715161 0.27889963979749699
v 0.23609245740478499 0.390342758715161 0.29754045759777498
v 0.23609245740478499 0.390342758715161 0.31618127539805302
v 0.23609245740478499 0.390342758715161 0.33482209319833101
v 0.23609245740478499 0.390342758715161 0.35346291099860899
v 0.23609245740478499 0.40898357651543898 0.12977309739527201
v 0.217451639604507 0.40898357651543898 0.12977309739527201
v 0.23609245740478499 0.40898357651543898 0.14841391519555
v 0.217451639604507 0.40898357651543898 0.14841391519555
v 0.23609245740478499 0.40898357651543898 0.16705473299582799
v 0.217451639604507 0.40898357651543898 0.16705473299582799
v 0.23609245740478499 0.40898357651543898 0.185695550796106
v 0.217451639604507 0.40898357651543898 0.185695550796106
v 0.23609245740478499 0.40898357651543898 0.20433636859638399
v 0.217451639604507 0.40898357651543898 0.20433636859638399
v 0.23609245740478499 0.40898357651543898 0.222977186396662
v 0.23609245740478499 0.40898357651543898 0.24161800419693999
v 0.23609245740478499 0.40898357651543898 0.260258821997219
v 0.23609245740478499 0.40898357651543898 0.27889963979749699
v 0.23609245740478499 0.40898357651543898 0.29754045759777498
v 0.23609245740478499 0.40898357651543898 0.31618127539805302
v 0.23609245740478499 0.40898357651543898 0.33482209319833101
v 0.23609245740478499 0.40898357651543898 0.35346291099860899
v 0.23609245740478499 0.390342758715161 0.37210372879888698
v 0.23609245740478499 0.40898357651543898 0.37210372879888698
v 0.23609245740478499 0.42762439431571703 0.20433636859638399
v 0.217451639604507 0.42762439431571703 0.20433636859638399
v 0.23609245740478499 0.42762439431571703 0.222977186396662
v 0.217451639604507 0.42762439431571703 0.222977186396662
v 0.23609245740478499 0.42762439431571703 0.24161800419693999
v 0.23609245740478499 0.42762439431571703 0.260258821997219
v 0.23609245740478499 0.42762439431571703 0.27889963979749699
v 0.23609245740478499 0.42762439431571703 0.29754045759777498
v 0.23609245740478499 0.42762439431571703 0.31618127539805302
v 0.23609245740478499 0.42762439431571703 0.33482209319833101
v 0.23609245740478499 0.42762439431571703 0.35346291099860899
v 0.23609245740478499 0.42762439431571703 0.37210372879888698
v 0.23609245740478499 0.44626521211599501 0.20433636859638399
v 0.23609245740478499 0.44626521211599501 0.222977186396662
v 0.23609245740478499 0.44626521211599501 0.24161800419693999
v 0.23609245740478499 0.44626521211599501 0.260258821997219
v 0.23609245740478499 0.44626521211599501 0.27889963979749699
v 0.23609245740478499 0.44626521211599501 0.29754045759777498
v 0.23609245740478499 0.44626521211599501 0.31618127539805302
v 0.23609245740478499 0.44626521211599501 0.33482209319833101
v 0.23609245740478499 0.44626521211599501 0.35346291099860899
v 0.23609245740478499 0.44626521211599501 0.37210372879888698
v 0.23609245740478499 0.464906029916273 0.20433636859638399
v 0.23609245740478499 0.464906029916273 0.222977186396662
v 0.23609245740478499 0.464906029916273 0.24161800419693999
v 0.23609245740478499 0.464906029916273 0.260258821997219
v 0.23609245740478499 0.464906029916273 0.27889963979749699
v 0.23609245740478499 0.464906029916273 0.29754045759777498
v 0.23609245740478499 0.464906029916273 0.31618127539805302
v 0.23609245740478499 0.464906029916273 0.33482209319833101
v 0.23609245740478499 0.464906029916273 0.35346291099860899
v 0.23609245740478499 0.464906029916273 0.37210372879888698
v 0.23609245740478499 0.48354684771655099 0.222977186396662
v 0.217451639604507 0.48354684771655099 0.222977186396662
v 0.23609245740478499 0.48354684771655099 0.24161800419693999
v 0.23609245740478499 0.48354684771655099 0.260258821997219
v 0.23609245740478499 0.48354684771655099 0.27889963979749699
v 0.23609245740478499 0.48354684771655099 0.29754045759777498
v 0.23609245740478499 0.48354684771655099 0.31618127539805302
v 0.23609245740478499 0.48354684771655099 0.33482209319833101
v 0.23609245740478499 0.48354684771655099 0.35346291099860899
v 0.23609245740478499 0.50218766551682903 0.24161800419693999
v 0.23609245740478499 0.50218766551682903 0.260258821997219
v 0.23609245740478499 0.50218766551682903 0.27889963979749699
v 0.23609245740478499 0.50218766551682903 0.29754045759777498
v 0.23609245740478499 0.50218766551682903 0.31618127539805302
v 0.23609245740478499 0.50218766551682903 0.33482209319833101
v 0.23609245740478499 0.50218766551682903 0.35346291099860899
v 0.23609245740478499 -0.29936749989513101 0.055209826194158901
v 0.254733275205064 -0.29936749989513101 0.055209826194158901
v 0.254733275205064 -0.28072668209485302 0.055209826194158901
v 0.23609245740478499 -0.28072668209485302 0.055209826194158901
v 0.23609245740478499 -0.29936749989513101 0.073850643994437096
v 0.254733275205064 -0.29936749989513101 0.073850643994437096
v 0.254733275205064 -0.28072668209485302 0.073850643994437096
v 0.23609245740478499 -0.28072668209485302 0.073850643994437096
v 0.254733275205064 -0.29936749989513101 0.092491461794715193
v 0.254733275205064 -0.28072668209485302 0.092491461794715193
v 0.254733275205064 -0.29936749989513101 0.111132279594993
v 0.254733275205064 -0.28072668209485302 0.111132279594993
v 0.23609245740478499 -0.29936749989513101 0.12977309739527201
v 0.254733275205064 -0.29936749989513101 0.12977309739527201
v 0.254733275205064 -0.28072668209485302 0.12977309739527201
v 0.23609245740478499 -0.28072668209485302 0.12977309739527201
v 0.23609245740478499 -0.29936749989513101 0.14841391519555
v 0.254733275205064 -0.29936749989513101 0.14841391519555
v 0.254733275205064 -0.28072668209485302 0.14841391519555
v 0.23609245740478499 -0.28072668209485302 0.14841391519555
v 0.254733275205064 -0.26208586429457498 0.055209826194158901
v 0.23609245740478499 -0.26208586429457498 0.055209826194158901
v 0.254733275205064 -0.26208586429457498 0.073850643994437096
v 0.23609245740478499 -0.26208586429457498 0.073850643994437096
v 0.254733275205064 -0.26208586429457498 0.092491461794715193
v 0.254733275205064 -0.26208586429457498 0.111132279594993
v 0.254733275205064 -0.26208586429457498 0.12977309739527201
v 0.23609245740478499 -0.26208586429457498 0.12977309739527201
v 0.254733275205064 -0.26208586429457498 0.14841391519555
v 0.254733275205064 -0.28072668209485302 0.185695550796106
v 0.254733275205064 -0.26208586429457498 0.185695550796106
v 0.254733275205064 -0.28072668209485302 0.20433636859638399
v 0.254733275205064 -0.26208586429457498 0.20433636859638399
v 0.254733275205064 -0.28072668209485302 0.222977186396662
v 0.254733275205064 -0.26208586429457498 0.222977186396662
v 0.254733275205064 -0.28072668209485302 0.24161800419693999
v 0.254733275205064 -0.26208586429457498 0.24161800419693999
v 0.254733275205064 -0.28072668209485302 0.260258821997219
v 0.254733275205064 -0.26208586429457498 0.260258821997219
v 0.254733275205064 -0.24344504649429599 0.055209826194158901
v 0.23609245740478499 -0.24344504649429599 0.055209826194158901
v 0.254733275205064 -0.24344504649429599 0.073850643994437096
v 0.23609245740478499 -0.24344504649429599 0.073850643994437096
v 0.254733275205064 -0.24344504649429599 0.092491461794715193
v 0.254733275205064 -0.24344504649429599 0.111132279594993
v 0.254733275205064 -0.24344504649429599 0.12977309739527201
v 0.254733275205064 -0.24344504649429599 0.14841391519555
v 0.254733275205064 -0.26208586429457498 0.16705473299582799
v 0.254733275205064 -0.24344504649429599 0.16705473299582799
v 0.254733275205064 -0.24344504649429599 0.185695550796106
v 0.254733275205064 -0.24344504649429599 0.20433636859638399
v 0.254733275205064 -0.24344504649429599 0.222977186396662
v 0.254733275205064 -0.24344504649429599 0.24161800419693999
v 0.254733275205064 -0.24344504649429599 0.260258821997219
v 0.254733275205064 -0.26208586429457498 0.27889963979749699
v 0.254733275205064 -0.24344504649429599 0.27889963979749699
v 0.254733275205064 -0.26208586429457498 0.29754045759777498
v 0.254733275205064 -0.24344504649429599 0.29754045759777498
v 0.254733275205064 -0.224804228694018 0.073850643994437096
v 0.254733275205064 -0.224804228694018 0.092491461794715193
v 0.254733275205064 -0.224804228694018 0.111132279594993
v 0.254733275205064 -0.224804228694018 0.12977309739527201
v 0.254733275205064 -0.224804228694018 0.14841391519555
v 0.254733275205064 -0.224804228694018 0.16705473299582799
v 0.254733275205064 -0.224804228694018 0.185695550796106
v 0.254733275205064 -0.224804228694018 0.20433636859638399
v 0.254733275205064 -0.224804228694018 0.222977186396662
v 0.254733275205064 -0.224804228694018 0.24161800419693999
v 0.254733275205064 -0.224804228694018 0.260258821997219
v 0.254733275205064 -0.224804228694018 0.27889963979749699
v 0.254733275205064 -0.224804228694018 0.29754045759777498
v 0.254733275205064 -0.24344504649429599 0.31618127539805302
v 0.254733275205064 -0.224804228694018 0.31618127539805302
v 0.254733275205064 -0.20616341089373999 0.073850643994437096
v 0.254733275205064 -0.20616341089373999 0.092491461794715193
v 0.254733275205064 -0.20616341089373999 0.111132279594993
v 0.254733275205064 -0.20616341089373999 0.12977309739527201
v 0.254733275205064 -0.20616341089373999 0.14841391519555
v 0.254733275205064 -0.20616341089373999 0.16705473299582799
v 0.254733275205064 -0.20616341089373999 0.185695550796106
v 0.254733275205064 -0.20616341089373999 0.20433636859638399
v 0.254733275205064 -0.20616341089373999 0.222977186396662
v 0.254733275205064 -0.20616341089373999 0.24161800419693999
v 0.254733275205064 -0.20616341089373999 0.260258821997219
v 0.254733275205064 -0.20616341089373999 0.27889963979749699
v 0.254733275205064 -0.20616341089373999 0.29754045759777498
v 0.254733275205064 -0.20616341089373999 0.31618127539805302
v 0.254733275205064 -0.187522593093462 0.073850643994437096
v 0.254733275205064 -0.187522593093462 0.092491461794715193
v 0.254733275205064 -0.187522593093462 0.111132279594993
v 0.254733275205064 -0.187522593093462 0.12977309739527201
v 0.254733275205064 -0.187522593093462 0.14841391519555
v 0.254733275205064 -0.187522593093462 0.16705473299582799
v 0.254733275205064 -0.187522593093462 0.185695550796106
v 0.254733275205064 -0.187522593093462 0.20433636859638399
v 0.254733275205064 -0.187522593093462 0.222977186396662
v 0.254733275205064 -0.187522593093462 0.24161800419693999
v 0.254733275205064 -0.187522593093462 0.260258821997219
v 0.254733275205064 -0.187522593093462 0.27889963979749699
v 0.254733275205064 -0.187522593093462 0.29754045759777498
v 0.254733275205064 -0.187522593093462 0.31618127539805302
v 0.254733275205064 -0.20616341089373999 0.33482209319833101
v 0.254733275205064 -0.187522593093462 0.33482209319833101
v 0.254733275205064 -0.20616341089373999 0.35346291099860899
v 0.254733275205064 -0.187522593093462 0.35346291099860899
v 0.254733275205064 -0.20616341089373999 0.37210372879888698
v 0.254733275205064 -0.187522593093462 0.37210372879888698
v 0.254733275205064 -0.20616341089373999 0.39074454659916602
v 0.254733275205064 -0.187522593093462 0.39074454659916602
v 0.254733275205064 -0.20616341089373999 0.40938536439944401
v 0.254733275205064 -0.187522593093462 0.40938536439944401
v 0.23609245740478499 -0.20616341089373999 0.42802618219972199
v 0.254733275205064 -0.20616341089373999 0.42802618219972199
v 0.254733275205064 -0.187522593093462 0.42802618219972199
v 0.254733275205064 -0.16888177529318399 0.073850643994437096
v 0.254733275205064 -0.16888177529318399 0.092491461794715193
v 0.254733275205064 -0.16888177529318399 0.111132279594993
v 0.254733275205064 -0.16888177529318399 0.12977309739527201
v 0.254733275205064 -0.16888177529318399 0.14841391519555
v 0.254733275205064 -0.16888177529318399 0.16705473299582799
v 0.254733275205064 -0.16888177529318399 0.185695550796106
v 0.254733275205064 -0.16888177529318399 0.20433636859638399
v 0.254733275205064 -0.16888177529318399 0.222977186396662
v 0.254733275205064 -0.16888177529318399 0.24161800419693999
v 0.254733275205064 -0.16888177529318399 0.260258821997219
v 0.254733275205064 -0.16888177529318399 0.27889963979749699
v 0.254733275205064 -0.16888177529318399 0.29754045759777498
v 0.254733275205064 -0.16888177529318399 0.31618127539805302
v 0.254733275205064 -0.16888177529318399 0.33482209319833101
v 0.254733275205064 -0.16888177529318399 0.35346291099860899
v 0.254733275205064 -0.16888177529318399 0.37210372879888698
v 0.254733275205064 -0.16888177529318399 0.39074454659916602
v 0.254733275205064 -0.16888177529318399 0.40938536439944401
v 0.254733275205064 -0.16888177529318399 0.42802618219972199
v 0.254733275205064 -0.150240957492906 0.073850643994437096
v 0.254733275205064 -0.150240957492906 0.092491461794715193
v 0.254733275205064 -0.150240957492906 0.111132279594993
v 0.254733275205064 -0.150240957492906 0.12977309739527201
v 0.254733275205064 -0.150240957492906 0.14841391519555
v 0.254733275205064 -0.150240957492906 0.16705473299582799
v 0.254733275205064 -0.150240957492906 0.185695550796106
v 0.254733275205064 -0.150240957492906 0.20433636859638399
v 0.254733275205064 -0.150240957492906 0.222977186396662
v 0.254733275205064 -0.150240957492906 0.24161800419693999
v 0.254733275205064 -0.150240957492906 0.260258821997219
v 0.254733275205064 -0.150240957492906 0.27889963979749699
v 0.254733275205064 -0.150240957492906 0.29754045759777498
v 0.254733275205064 -0.150240957492906 0.31618127539805302
v 0.254733275205064 -0.150240957492906 0.33482209319833101
v 0.254733275205064 -0.150240957492906 0.35346291099860899
v 0.254733275205064 -0.150240957492906 0.37210372879888698
v 0.254733275205064 -0.150240957492906 0.39074454659916602
v 0.254733275205064 -0.150240957492906 0.40938536439944401
v 0.254733275205064 -0.150240957492906 0.42802618219972199
v 0.23609245740478499 -0.150240957492906 0.055209826194158901
v 0.254733275205064 -0.150240957492906 0.055209826194158901
v 0.254733275205064 -0.13160013969262799 0.055209826194158901
v 0.23609245740478499 -0.13160013969262799 0.055209826194158901
v 0.254733275205064 -0.13160013969262799 0.073850643994437096
v 0.254733275205064 -0.13160013969262799 0.092491461794715193
v 0.254733275205064 -0.13160013969262799 0.111132279594993
v 0.254733275205064 -0.13160013969262799 0.12977309739527201
v 0.254733275205064 -0.13160013969262799 0.14841391519555
v 0.254733275205064 -0.13160013969262799 0.16705473299582799
v 0.254733275205064 -0.13160013969262799 0.185695550796106
v 0.254733275205064 -0.13160013969262799 0.20433636859638399
v 0.254733275205064 -0.13160013969262799 0.222977186396662
v 0.254733275205064 -0.13160013969262799 0.24161800419693999
v 0.254733275205064 -0.13160013969262799 0.260258821997219
v 0.254733275205064 -0.13160013969262799 0.27889963979749699
v 0.254733275205064 -0.13160013969262799 0.29754045759777498
v 0.254733275205064 -0.13160013969262799 0.31618127539805302
v 0.254733275205064 -0.13160013969262799 0.33482209319833101
v 0.254733275205064 -0.13160013969262799 0.35346291099860899
v 0.254733275205064 -0.13160013969262799 0.37210372879888698
v 0.254733275205064 -0.13160013969262799 0.39074454659916602
v 0.254733275205064 -0.13160013969262799 0.40938536439944401
v 0.254733275205064 -0.13160013969262799 0.42802618219972199
v 0.254733275205064 -0.112959321892349 0.055209826194158901
v 0.23609245740478499 -0.112959321892349 0.055209826194158901
v 0.254733275205064 -0.112959321892349 0.073850643994437096
v 0.254733275205064 -0.112959321892349 0.092491461794715193
v 0.254733275205064 -0.112959321892349 0.111132279594993
v 0.254733275205064 -0.112959321892349 0.12977309739527201
v 0.254733275205064 -0.112959321892349 0.14841391519555
v 0.254733275205064 -0.112959321892349 0.16705473299582799
v 0.254733275205064 -0.112959321892349 0.185695550796106
v 0.254733275205064 -0.112959321892349 0.20433636859638399
v 0.254733275205064 -0.112959321892349 0.222977186396662
v 0.254733275205064 -0.112959321892349 0.24161800419693999
v 0.254733275205064 -0.112959321892349 0.260258821997219
v 0.254733275205064 -0.112959321892349 0.27889963979749699
v 0.254733275205064 -0.112959321892349 0.29754045759777498
v 0.254733275205064 -0.112959321892349 0.31618127539805302
v 0.254733275205064 -0.112959321892349 0.33482209319833101
v 0.254733275205064 -0.112959321892349 0.35346291099860899
v 0.254733275205064 -0.112959321892349 0.37210372879888698
v 0.254733275205064 -0.112959321892349 0.39074454659916602
v 0.254733275205064 -0.112959321892349 0.40938536439944401
v 0.254733275205064 -0.094318504092071306 0.055209826194158901
v 0.23609245740478499 -0.094318504092071306 0.055209826194158901
v 0.254733275205064 -0.094318504092071306 0.073850643994437096
v 0.254733275205064 -0.094318504092071306 0.092491461794715193
v 0.254733275205064 -0.094318504092071306 0.111132279594993
v 0.254733275205064 -0.094318504092071306 0.12977309739527201
v 0.254733275205064 -0.094318504092071306 0.14841391519555
v 0.254733275205064 -0.094318504092071306 0.16705473299582799
v 0.254733275205064 -0.094318504092071306 0.185695550796106
v 0.254733275205064 -0.094318504092071306 0.20433636859638399
v 0.254733275205064 -0.094318504092071306 0.222977186396662
v 0.254733275205064 -0.094318504092071306 0.24161800419693999
v 0.254733275205064 -0.094318504092071306 0.260258821997219
v 0.254733275205064 -0.094318504092071306 0.27889963979749699
v 0.254733275205064 -0.094318504092071306 0.29754045759777498
v 0.254733275205064 -0.094318504092071306 0.31618127539805302
v 0.254733275205064 -0.094318504092071306 0.37210372879888698
v 0.254733275205064 -0.094318504092071306 0.39074454659916602
v 0.254733275205064 -0.094318504092071306 0.40938536439944401
v 0.254733275205064 -0.075677686291793098 0.055209826194158901
v 0.23609245740478499 -0.075677686291793098 0.055209826194158901
v 0.254733275205064 -0.075677686291793098 0.073850643994437096
v 0.254733275205064 -0.075677686291793098 0.092491461794715193
v 0.254733275205064 -0.075677686291793098 0.111132279594993
v 0.254733275205064 -0.075677686291793098 0.12977309739527201
v 0.254733275205064 -0.075677686291793098 0.14841391519555
v 0.254733275205064 -0.075677686291793098 0.16705473299582799
v 0.254733275205064 -0.075677686291793098 0.185695550796106
v 0.254733275205064 -0.075677686291793098 0.20433636859638399
v 0.254733275205064 -0.075677686291793098 0.222977186396662
v 0.254733275205064 -0.075677686291793098 0.24161800419693999
v 0.254733275205064 -0.075677686291793098 0.260258821997219
v 0.254733275205064 -0.075677686291793098 0.27889963979749699
v 0.254733275205064 -0.075677686291793098 0.29754045759777498
v 0.254733275205064 -0.075677686291793098 0.31618127539805302
v 0.254733275205064 -0.057036868491515 0.055209826194158901
v 0.254733275205064 -0.057036868491515 0.073850643994437096
v 0.254733275205064 -0.057036868491515 0.092491461794715193
v 0.254733275205064 -0.057036868491515 0.111132279594993
v 0.254733275205064 -0.057036868491515 0.12977309739527201
v 0.254733275205064 -0.057036868491515 0.14841391519555
v 0.254733275205064 -0.057036868491515 0.16705473299582799
v 0.254733275205064 -0.057036868491515 0.185695550796106
v 0.254733275205064 -0.057036868491515 0.20433636859638399
v 0.254733275205064 -0.057036868491515 0.222977186396662
v 0.254733275205064 -0.057036868491515 0.24161800419693999
v 0.254733275205064 -0.057036868491515 0.260258821997219
v 0.254733275205064 -0.057036868491515 0.27889963979749699
v 0.254733275205064 -0.057036868491515 0.29754045759777498
v 0.254733275205064 -0.057036868491515 0.31618127539805302
v 0.254733275205064 -0.075677686291793098 0.33482209319833101
v 0.254733275205064 -0.057036868491515 0.33482209319833101
v 0.254733275205064 -0.075677686291793098 0.35346291099860899
v 0.254733275205064 -0.057036868491515 0.35346291099860899
v 0.254733275205064 -0.038396050691236798 0.055209826194158901
v 0.254733275205064 -0.038396050691236798 0.073850643994437096
v 0.254733275205064 -0.038396050691236798 0.092491461794715193
v 0.254733275205064 -0.038396050691236798 0.111132279594993
v 0.254733275205064 -0.038396050691236798 0.12977309739527201
v 0.254733275205064 -0.038396050691236798 0.14841391519555
v 0.254733275205064 -0.038396050691236798 0.16705473299582799
v 0.254733275205064 -0.038396050691236798 0.185695550796106
v 0.254733275205064 -0.038396050691236798 0.20433636859638399
v 0.254733275205064 -0.038396050691236798 0.222977186396662
v 0.254733275205064 -0.038396050691236798 0.24161800419693999
v 0.254733275205064 -0.038396050691236798 0.260258821997219
v 0.254733275205064 -0.038396050691236798 0.27889963979749699
v 0.254733275205064 -0.038396050691236798 0.29754045759777498
v 0.254733275205064 -0.038396050691236798 0.31618127539805302
v 0.254733275205064 -0.038396050691236798 0.33482209319833101
v 0.254733275205064 -0.038396050691236798 0.35346291099860899
v 0.254733275205064 -0.057036868491515 0.37210372879888698
v 0.254733275205064 -0.038396050691236798 0.37210372879888698
v 0.254733275205064 -0.0197552328909587 0.055209826194158901
v 0.254733275205064 -0.0197552328909587 0.073850643994437096
v 0.254733275205064 -0.0197552328909587 0.092491461794715193
v 0.254733275205064 -0.0197552328909587 0.111132279594993
v 0.254733275205064 -0.0197552328909587 0.12977309739527201
v 0.254733275205064 -0.0197552328909587 0.14841391519555
v 0.254733275205064 -0.0197552328909587 0.16705473299582799
v 0.254733275205064 -0.0197552328909587 0.185695550796106
v 0.254733275205064 -0.0197552328909587 0.20433636859638399
v 0.254733275205064 -0.0197552328909587 0.222977186396662
v 0.254733275205064 -0.0197552328909587 0.24161800419693999
v 0.254733275205064 -0.0197552328909587 0.260258821997219
v 0.254733275205064 -0.0197552328909587 0.27889963979749699
v 0.254733275205064 -0.0197552328909587 0.29754045759777498
v 0.254733275205064 -0.0197552328909587 0.31618127539805302
v 0.254733275205064 -0.0197552328909587 0.33482209319833101
v 0.254733275205064 -0.0197552328909587 0.35346291099860899
v 0.254733275205064 -0.0197552328909587 0.37210372879888698
v 0.254733275205064 -0.0011144150906804999 0.055209826194158901
v 0.254733275205064 -0.0011144150906804999 0.073850643994437096
v 0.254733275205064 -0.0011144150906804999 0.092491461794715193
v 0.254733275205064 -0.0011144150906804999 0.111132279594993
v 0.254733275205064 -0.0011144150906804999 0.12977309739527201
v 0.254733275205064 -0.0011144150906804999 0.14841391519555
v 0.254733275205064 -0.0011144150906804999 0.16705473299582799
v 0.254733275205064 -0.0011144150906804999 0.185695550796106
v 0.254733275205064 -0.0011144150906804999 0.20433636859638399
v 0.254733275205064 -0.0011144150906804999 0.222977186396662
v 0.254733275205064 -0.0011144150906804999 0.24161800419693999
v 0.254733275205064 -0.0011144150906804999 0.260258821997219
v 0.254733275205064 -0.0011144150906804999 0.27889963979749699
v 0.254733275205064 -0.0011144150906804999 0.29754045759777498
v 0.254733275205064 -0.0011144150906804999 0.31618127539805302
v 0.254733275205064 -0.0011144150906804999 0.33482209319833101
v 0.254733275205064 -0.0011144150906804999 0.35346291099860899
v 0.254733275205064 -0.0011144150906804999 0.37210372879888698
v 0.23609245740478499 -0.0011144150906804999 0.37210372879888698
v 0.254733275205064 0.0175264027095977 0.073850643994437096
v 0.254733275205064 0.0175264027095977 0.092491461794715193
v 0.254733275205064 0.0175264027095977 0.111132279594993
v 0.254733275205064 0.0175264027095977 0.12977309739527201
v 0.254733275205064 0.0175264027095977 0.14841391519555
v 0.254733275205064 0.0175264027095977 0.16705473299582799
v 0.254733275205064 0.0175264027095977 0.185695550796106
v 0.254733275205064 0.0175264027095977 0.20433636859638399
v 0.254733275205064 0.0175264027095977 0.222977186396662
v 0.254733275205064 0.0175264027095977 0.24161800419693999
v 0.254733275205064 0.0175264027095977 0.260258821997219
v 0.254733275205064 0.0175264027095977 0.27889963979749699
v 0.254733275205064 0.0175264027095977 0.29754045759777498
v 0.254733275205064 0.0175264027095977 0.31618127539805302
v 0.254733275205064 0.0175264027095977 0.33482209319833101
v 0.254733275205064 0.0175264027095977 0.35346291099860899
v 0.23609245740478499 0.0175264027095977 0.35346291099860899
v 0.254733275205064 0.036167220509875801 0.111132279594993
v 0.254733275205064 0.036167220509875801 0.12977309739527201
v 0.254733275205064 0.036167220509875801 0.14841391519555
v 0.254733275205064 0.036167220509875801 0.16705473299582799
v 0.254733275205064 0.036167220509875801 0.185695550796106
v 0.254733275205064 0.036167220509875801 0.20433636859638399
v 0.254733275205064 0.036167220509875801 0.222977186396662
v 0.254733275205064 0.036167220509875801 0.24161800419693999
v 0.254733275205064 0.036167220509875801 0.260258821997219
v 0.254733275205064 0.036167220509875801 0.27889963979749699
v 0.254733275205064 0.036167220509875801 0.29754045759777498
v 0.254733275205064 0.036167220509875801 0.31618127539805302
v 0.254733275205064 0.036167220509875801 0.33482209319833101
v 0.254733275205064 0.036167220509875801 0.35346291099860899
v 0.23609245740478499 0.036167220509875801 0.35346291099860899
v 0.254733275205064 0.054808038310153899 0.12977309739527201
v 0.254733275205064 0.054808038310153899 0.14841391519555
v 0.254733275205064 0.054808038310153899 0.16705473299582799
v 0.254733275205064 0.054808038310153899 0.185695550796106
v 0.254733275205064 0.054808038310153899 0.20433636859638399
v 0.254733275205064 0.054808038310153899 0.222977186396662
v 0.254733275205064 0.054808038310153899 0.24161800419693999
v 0.254733275205064 0.054808038310153899 0.260258821997219
v 0.254733275205064 0.054808038310153899 0.27889963979749699
v 0.254733275205064 0.054808038310153899 0.29754045759777498
v 0.254733275205064 0.054808038310153899 0.31618127539805302
v 0.254733275205064 0.054808038310153899 0.33482209319833101
v 0.254733275205064 0.054808038310153899 0.35346291099860899
v 0.23609245740478499 0.054808038310153899 0.35346291099860899
v 0.254733275205064 0.073448856110432101 0.16705473299582799
v 0.254733275205064 0.073448856110432101 0.185695550796106
v 0.254733275205064 0.073448856110432101 0.20433636859638399
v 0.254733275205064 0.073448856110432101 0.222977186396662
v 0.254733275205064 0.073448856110432101 0.24161800419693999
v 0.254733275205064 0.073448856110432101 0.29754045759777498
v 0.254733275205064 0.073448856110432101 0.31618127539805302
v 0.254733275205064 0.073448856110432101 0.33482209319833101
v 0.254733275205064 0.073448856110432101 0.35346291099860899
v 0.23609245740478499 0.073448856110432101 0.35346291099860899
v 0.23609245740478499 0.16665294511182299 0.260258821997219
v 0.254733275205064 0.16665294511182299 0.260258821997219
v 0.254733275205064 0.18529376291210101 0.260258821997219
v 0.23609245740478499 0.18529376291210101 0.260258821997219
v 0.23609245740478499 0.16665294511182299 0.27889963979749699
v 0.254733275205064 0.16665294511182299 0.27889963979749699
v 0.254733275205064 0.18529376291210101 0.27889963979749699
v 0.23609245740478499 0.18529376291210101 0.27889963979749699
v 0.23609245740478499 0.16665294511182299 0.29754045759777498
v 0.254733275205064 0.16665294511182299 0.29754045759777498
v 0.254733275205064 0.18529376291210101 0.29754045759777498
v 0.23609245740478499 0.18529376291210101 0.29754045759777498
v 0.23609245740478499 0.16665294511182299 0.31618127539805302
v 0.254733275205064 0.16665294511182299 0.31618127539805302
v 0.254733275205064 0.18529376291210101 0.31618127539805302
v 0.23609245740478499 0.18529376291210101 0.31618127539805302
v 0.254733275205064 0.18529376291210101 0.14841391519555
v 0.254733275205064 0.20393458071237899 0.14841391519555
v 0.254733275205064 0.18529376291210101 0.16705473299582799
v 0.254733275205064 0.20393458071237899 0.16705473299582799
v 0.254733275205064 0.18529376291210101 0.185695550796106
v 0.254733275205064 0.20393458071237899 0.185695550796106
v 0.254733275205064 0.20393458071237899 0.260258821997219
v 0.254733275205064 0.20393458071237899 0.27889963979749699
v 0.254733275205064 0.20393458071237899 0.29754045759777498
v 0.23609245740478499 0.20393458071237899 0.29754045759777498
v 0.254733275205064 0.20393458071237899 0.111132279594993
v 0.254733275205064 0.22257539851265701 0.111132279594993
v 0.254733275205064 0.20393458071237899 0.12977309739527201
v 0.254733275205064 0.22257539851265701 0.12977309739527201
v 0.254733275205064 0.22257539851265701 0.14841391519555
v 0.254733275205064 0.22257539851265701 0.16705473299582799
v 0.254733275205064 0.22257539851265701 0.185695550796106
v 0.254733275205064 0.20393458071237899 0.20433636859638399
v 0.254733275205064 0.22257539851265701 0.20433636859638399
v 0.254733275205064 0.20393458071237899 0.222977186396662
v 0.254733275205064 0.22257539851265701 0.222977186396662
v 0.254733275205064 0.22257539851265701 0.260258821997219
v 0.254733275205064 0.22257539851265701 0.27889963979749699
v 0.254733275205064 0.22257539851265701 0.29754045759777498
v 0.254733275205064 0.24121621631293499 0.111132279594993
v 0.254733275205064 0.24121621631293499 0.12977309739527201
v 0.254733275205064 0.24121621631293499 0.14841391519555
v 0.254733275205064 0.24121621631293499 0.16705473299582799
v 0.254733275205064 0.24121621631293499 0.185695550796106
v 0.254733275205064 0.24121621631293499 0.20433636859638399
v 0.254733275205064 0.24121621631293499 0.222977186396662
v 0.254733275205064 0.22257539851265701 0.24161800419693999
v 0.254733275205064 0.24121621631293499 0.24161800419693999
v 0.254733275205064 0.24121621631293499 0.260258821997219
v 0.254733275205064 0.24121621631293499 0.27889963979749699
v 0.254733275205064 0.24121621631293499 0.29754045759777498
v 0.23609245740478499 0.24121621631293499 0.017928190593602601
v 0.254733275205064 0.24121621631293499 0.017928190593602601
v 0.254733275205064 0.25985703411321398 0.017928190593602601
v 0.23609245740478499 0.24121621631293499 0.036569008393880803
v 0.254733275205064 0.24121621631293499 0.036569008393880803
v 0.254733275205064 0.25985703411321398 0.036569008393880803
v 0.254733275205064 0.24121621631293499 0.092491461794715193
v 0.254733275205064 0.25985703411321398 0.092491461794715193
v 0.254733275205064 0.25985703411321398 0.111132279594993
v 0.254733275205064 0.25985703411321398 0.12977309739527201
v 0.254733275205064 0.25985703411321398 0.14841391519555
v 0.254733275205064 0.25985703411321398 0.16705473299582799
v 0.254733275205064 0.25985703411321398 0.185695550796106
v 0.254733275205064 0.25985703411321398 0.20433636859638399
v 0.254733275205064 0.25985703411321398 0.222977186396662
v 0.254733275205064 0.25985703411321398 0.24161800419693999
v 0.254733275205064 0.25985703411321398 0.260258821997219
v 0.254733275205064 0.25985703411321398 0.27889963979749699
v 0.254733275205064 0.25985703411321398 0.29754045759777498
v 0.23609245740478499 0.24121621631293499 0.31618127539805302
v 0.254733275205064 0.24121621631293499 0.31618127539805302
v 0.254733275205064 0.25985703411321398 0.31618127539805302
v 0.23609245740478499 0.24121621631293499 0.33482209319833101
v 0.254733275205064 0.24121621631293499 0.33482209319833101
v 0.254733275205064 0.25985703411321398 0.33482209319833101
v 0.254733275205064 0.27849785191349202 0.017928190593602601
v 0.254733275205064 0.27849785191349202 0.036569008393880803
v 0.254733275205064 0.27849785191349202 0.092491461794715193
v 0.254733275205064 0.27849785191349202 0.111132279594993
v 0.254733275205064 0.27849785191349202 0.12977309739527201
v 0.254733275205064 0.27849785191349202 0.14841391519555
v 0.254733275205064 0.27849785191349202 0.16705473299582799
v 0.254733275205064 0.27849785191349202 0.185695550796106
v 0.254733275205064 0.27849785191349202 0.20433636859638399
v 0.254733275205064 0.27849785191349202 0.222977186396662
v 0.254733275205064 0.27849785191349202 0.24161800419693999
v 0.254733275205064 0.27849785191349202 0.260258821997219
v 0.254733275205064 0.27849785191349202 0.27889963979749699
v 0.254733275205064 0.27849785191349202 0.29754045759777498
v 0.254733275205064 0.27849785191349202 0.31618127539805302
v 0.254733275205064 0.27849785191349202 0.33482209319833101
v 0.254733275205064 0.25985703411321398 0.35346291099860899
v 0.254733275205064 0.27849785191349202 0.35346291099860899
v 0.254733275205064 0.29713866971377001 0.017928190593602601
v 0.23609245740478499 0.29713866971377001 0.017928190593602601
v 0.254733275205064 0.29713866971377001 0.036569008393880803
v 0.254733275205064 0.27849785191349202 0.055209826194158901
v 0.254733275205064 0.29713866971377001 0.055209826194158901
v 0.254733275205064 0.29713866971377001 0.111132279594993
v 0.254733275205064 0.29713866971377001 0.12977309739527201
v 0.254733275205064 0.29713866971377001 0.14841391519555
v 0.254733275205064 0.29713866971377001 0.16705473299582799
v 0.254733275205064 0.29713866971377001 0.185695550796106
v 0.254733275205064 0.29713866971377001 0.20433636859638399
v 0.254733275205064 0.29713866971377001 0.222977186396662
v 0.254733275205064 0.29713866971377001 0.24161800419693999
v 0.254733275205064 0.29713866971377001 0.260258821997219
v 0.254733275205064 0.29713866971377001 0.27889963979749699
v 0.254733275205064 0.29713866971377001 0.29754045759777498
v 0.254733275205064 0.29713866971377001 0.31618127539805302
v 0.254733275205064 0.29713866971377001 0.33482209319833101
v 0.254733275205064 0.29713866971377001 0.35346291099860899
v 0.254733275205064 0.315779487514048 0.017928190593602601
v 0.23609245740478499 0.315779487514048 0.017928190593602601
v 0.254733275205064 0.315779487514048 0.036569008393880803
v 0.23609245740478499 0.315779487514048 0.036569008393880803
v 0.254733275205064 0.315779487514048 0.055209826194158901
v 0.254733275205064 0.29713866971377001 0.073850643994437096
v 0.254733275205064 0.315779487514048 0.073850643994437096
v 0.254733275205064 0.315779487514048 0.111132279594993
v 0.254733275205064 0.315779487514048 0.12977309739527201
v 0.254733275205064 0.315779487514048 0.14841391519555
v 0.254733275205064 0.315779487514048 0.16705473299582799
v 0.254733275205064 0.315779487514048 0.185695550796106
v 0.254733275205064 0.315779487514048 0.20433636859638399
v 0.254733275205064 0.315779487514048 0.222977186396662
v 0.254733275205064 0.315779487514048 0.24161800419693999
v 0.254733275205064 0.315779487514048 0.260258821997219
v 0.254733275205064 0.315779487514048 0.27889963979749699
v 0.254733275205064 0.315779487514048 0.29754045759777498
v 0.254733275205064 0.315779487514048 0.31618127539805302
v 0.254733275205064 0.315779487514048 0.33482209319833101
v 0.254733275205064 0.33442030531432598 0.036569008393880803
v 0.23609245740478499 0.33442030531432598 0.036569008393880803
v 0.254733275205064 0.33442030531432598 0.055209826194158901
v 0.254733275205064 0.33442030531432598 0.073850643994437096
v 0.254733275205064 0.315779487514048 0.092491461794715193
v 0.254733275205064 0.33442030531432598 0.092491461794715193
v 0.254733275205064 0.33442030531432598 0.111132279594993
v 0.254733275205064 0.33442030531432598 0.12977309739527201
v 0.254733275205064 0.33442030531432598 0.14841391519555
v 0.254733275205064 0.33442030531432598 0.16705473299582799
v 0.254733275205064 0.33442030531432598 0.185695550796106
v 0.254733275205064 0.33442030531432598 0.20433636859638399
v 0.254733275205064 0.33442030531432598 0.222977186396662
v 0.254733275205064 0.33442030531432598 0.24161800419693999
v 0.254733275205064 0.33442030531432598 0.260258821997219
v 0.254733275205064 0.33442030531432598 0.27889963979749699
v 0.254733275205064 0.33442030531432598 0.29754045759777498
v 0.254733275205064 0.33442030531432598 0.31618127539805302
v 0.254733275205064 0.33442030531432598 0.33482209319833101
v 0.254733275205064 0.35306112311460403 0.073850643994437096
v 0.254733275205064 0.35306112311460403 0.092491461794715193
v 0.254733275205064 0.35306112311460403 0.111132279594993
v 0.254733275205064 0.35306112311460403 0.12977309739527201
v 0.254733275205064 0.35306112311460403 0.14841391519555
v 0.254733275205064 0.35306112311460403 0.16705473299582799
v 0.254733275205064 0.35306112311460403 0.185695550796106
v 0.254733275205064 0.35306112311460403 0.20433636859638399
v 0.254733275205064 0.35306112311460403 0.222977186396662
v 0.254733275205064 0.35306112311460403 0.24161800419693999
v 0.254733275205064 0.35306112311460403 0.260258821997219
v 0.254733275205064 0.35306112311460403 0.27889963979749699
v 0.254733275205064 0.35306112311460403 0.29754045759777498
v 0.254733275205064 0.35306112311460403 0.31618127539805302
v 0.254733275205064 0.35306112311460403 0.33482209319833101
v 0.23609245740478499 0.33442030531432598 0.35346291099860899
v 0.254733275205064 0.33442030531432598 0.35346291099860899
v 0.254733275205064 0.35306112311460403 0.35346291099860899
v 0.254733275205064 0.37170194091488301 0.073850643994437096
v 0.23609245740478499 0.37170194091488301 0.073850643994437096
v 0.254733275205064 0.37170194091488301 0.092491461794715193
v 0.254733275205064 0.37170194091488301 0.111132279594993
v 0.254733275205064 0.37170194091488301 0.12977309739527201
v 0.254733275205064 0.37170194091488301 0.14841391519555
v 0.254733275205064 0.37170194091488301 0.16705473299582799
v 0.254733275205064 0.37170194091488301 0.185695550796106
v 0.254733275205064 0.37170194091488301 0.20433636859638399
v 0.254733275205064 0.37170194091488301 0.222977186396662
v 0.254733275205064 0.37170194091488301 0.24161800419693999
v 0.254733275205064 0.37170194091488301 0.260258821997219
v 0.254733275205064 0.37170194091488301 0.27889963979749699
v 0.254733275205064 0.37170194091488301 0.29754045759777498
v 0.254733275205064 0.37170194091488301 0.31618127539805302
v 0.254733275205064 0.37170194091488301 0.33482209319833101
v 0.254733275205064 0.37170194091488301 0.35346291099860899
v 0.254733275205064 0.390342758715161 0.092491461794715193
v 0.23609245740478499 0.390342758715161 0.092491461794715193
v 0.254733275205064 0.390342758715161 0.111132279594993
v 0.254733275205064 0.390342758715161 0.12977309739527201
v 0.254733275205064 0.390342758715161 0.14841391519555
v 0.254733275205064 0.390342758715161 0.16705473299582799
v 0.254733275205064 0.390342758715161 0.185695550796106
v 0.254733275205064 0.390342758715161 0.20433636859638399
v 0.254733275205064 0.390342758715161 0.222977186396662
v 0.254733275205064 0.390342758715161 0.24161800419693999
v 0.254733275205064 0.390342758715161 0.260258821997219
v 0.254733275205064 0.390342758715161 0.27889963979749699
v 0.254733275205064 0.390342758715161 0.29754045759777498
v 0.254733275205064 0.390342758715161 0.31618127539805302
v 0.254733275205064 0.390342758715161 0.33482209319833101
v 0.254733275205064 0.390342758715161 0.35346291099860899
v 0.23609245740478499 0.37170194091488301 0.37210372879888698
v 0.254733275205064 0.37170194091488301 0.37210372879888698
v 0.254733275205064 0.390342758715161 0.37210372879888698
v 0.254733275205064 0.40898357651543898 0.12977309739527201
v 0.254733275205064 0.40898357651543898 0.14841391519555
v 0.254733275205064 0.40898357651543898 0.16705473299582799
v 0.254733275205064 0.40898357651543898 0.185695550796106
v 0.254733275205064 0.40898357651543898 0.20433636859638399
v 0.254733275205064 0.40898357651543898 0.222977186396662
v 0.254733275205064 0.40898357651543898 0.24161800419693999
v 0.254733275205064 0.40898357651543898 0.260258821997219
v 0.254733275205064 0.40898357651543898 0.27889963979749699
v 0.254733275205064 0.40898357651543898 0.29754045759777498
v 0.254733275205064 0.40898357651543898 0.31618127539805302
v 0.254733275205064 0.40898357651543898 0.33482209319833101
v 0.254733275205064 0.40898357651543898 0.35346291099860899
v 0.254733275205064 0.40898357651543898 0.37210372879888698
v 0.254733275205064 0.42762439431571703 0.14841391519555
v 0.23609245740478499 0.42762439431571703 0.14841391519555
v 0.254733275205064 0.42762439431571703 0.16705473299582799
v 0.23609245740478499 0.42762439431571703 0.16705473299582799
v 0.254733275205064 0.42762439431571703 0.185695550796106
v 0.23609245740478499 0.42762439431571703 0.185695550796106
v 0.254733275205064 0.42762439431571703 0.20433636859638399
v 0.254733275205064 0.42762439431571703 0.222977186396662
v 0.254733275205064 0.42762439431571703 0.24161800419693999
v 0.254733275205064 0.42762439431571703 0.260258821997219
v 0.254733275205064 0.42762439431571703 0.27889963979749699
v 0.254733275205064 0.42762439431571703 0.29754045759777498
v 0.254733275205064 0.42762439431571703 0.31618127539805302
v 0.254733275205064 0.42762439431571703 0.33482209319833101
v 0.254733275205064 0.42762439431571703 0.35346291099860899
v 0.254733275205064 0.42762439431571703 0.37210372879888698
v 0.254733275205064 0.44626521211599501 0.16705473299582799
v 0.23609245740478499 0.44626521211599501 0.16705473299582799
v 0.254733275205064 0.44626521211599501 0.185695550796106
v 0.23609245740478499 0.44626521211599501 0.185695550796106
v 0.254733275205064 0.44626521211599501 0.20433636859638399
v 0.254733275205064 0.44626521211599501 0.222977186396662
v 0.254733275205064 0.44626521211599501 0.24161800419693999
v 0.254733275205064 0.44626521211599501 0.260258821997219
v 0.254733275205064 0.44626521211599501 0.27889963979749699
v 0.254733275205064 0.44626521211599501 0.29754045759777498
v 0.254733275205064 0.44626521211599501 0.31618127539805302
v 0.254733275205064 0.44626521211599501 0.33482209319833101
v 0.254733275205064 0.44626521211599501 0.35346291099860899
v 0.254733275205064 0.44626521211599501 0.37210372879888698
v 0.254733275205064 0.464906029916273 0.185695550796106
v 0.23609245740478499 0.464906029916273 0.185695550796106
v 0.254733275205064 0.464906029916273 0.20433636859638399
v 0.254733275205064 0.464906029916273 0.222977186396662
v 0.254733275205064 0.464906029916273 0.24161800419693999
v 0.254733275205064 0.464906029916273 0.260258821997219
v 0.254733275205064 0.464906029916273 0.27889963979749699
v 0.254733275205064 0.464906029916273 0.29754045759777498
v 0.254733275205064 0.464906029916273 0.31618127539805302
v 0.254733275205064 0.464906029916273 0.33482209319833101
v 0.254733275205064 0.464906029916273 0.35346291099860899
v 0.254733275205064 0.48354684771655099 0.20433636859638399
v 0.23609245740478499 0.48354684771655099 0.20433636859638399
v 0.254733275205064 0.48354684771655099 0.222977186396662
v 0.254733275205064 0.48354684771655099 0.24161800419693999
v 0.254733275205064 0.48354684771655099 0.260258821997219
v 0.254733275205064 0.48354684771655099 0.27889963979749699
v 0.254733275205064 0.48354684771655099 0.29754045759777498
v 0.254733275205064 0.48354684771655099 0.31618127539805302
v 0.254733275205064 0.48354684771655099 0.33482209319833101
v 0.254733275205064 0.48354684771655099 0.35346291099860899
v 0.254733275205064 -0.31800831769540899 0.092491461794715193
v 0.27337409300534199 -0.31800831769540899 0.092491461794715193
v 0.27337409300534199 -0.29936749989513101 0.092491461794715193
v 0.254733275205064 -0.31800831769540899 0.111132279594993
v 0.27337409300534199 -0.31800831769540899 0.111132279594993
v 0.27337409300534199 -0.29936749989513101 0.111132279594993
v 0.27337409300534199 -0.29936749989513101 0.055209826194158901
v 0.27337409300534199 -0.28072668209485302 0.055209826194158901
v 0.27337409300534199 -0.29936749989513101 0.073850643994437096
v 0.27337409300534199 -0.28072668209485302 0.073850643994437096
v 0.27337409300534199 -0.28072668209485302 0.092491461794715193
v 0.27337409300534199 -0.28072668209485302 0.111132279594993
v 0.27337409300534199 -0.29936749989513101 0.12977309739527201
v 0.27337409300534199 -0.28072668209485302 0.12977309739527201
v 0.27337409300534199 -0.29936749989513101 0.14841391519555
v 0.27337409300534199 -0.28072668209485302 0.14841391519555
v 0.27337409300534199 -0.26208586429457498 0.055209826194158901
v 0.27337409300534199 -0.26208586429457498 0.073850643994437096
v 0.27337409300534199 -0.26208586429457498 0.092491461794715193
v 0.27337409300534199 -0.26208586429457498 0.111132279594993
v 0.27337409300534199 -0.26208586429457498 0.12977309739527201
v 0.27337409300534199 -0.26208586429457498 0.14841391519555
v 0.27337409300534199 -0.24344504649429599 0.073850643994437096
v 0.27337409300534199 -0.24344504649429599 0.092491461794715193
v 0.27337409300534199 -0.24344504649429599 0.111132279594993
v 0.27337409300534199 -0.24344504649429599 0.12977309739527201
v 0.27337409300534199 -0.24344504649429599 0.14841391519555
v 0.27337409300534199 -0.26208586429457498 0.16705473299582799
v 0.27337409300534199 -0.24344504649429599 0.16705473299582799
v 0.27337409300534199 -0.26208586429457498 0.185695550796106
v 0.27337409300534199 -0.24344504649429599 0.185695550796106
v 0.27337409300534199 -0.26208586429457498 0.20433636859638399
v 0.27337409300534199 -0.24344504649429599 0.20433636859638399
v 0.27337409300534199 -0.26208586429457498 0.222977186396662
v 0.27337409300534199 -0.24344504649429599 0.222977186396662
v 0.27337409300534199 -0.26208586429457498 0.24161800419693999
v 0.27337409300534199 -0.24344504649429599 0.24161800419693999
v 0.27337409300534199 -0.26208586429457498 0.260258821997219
v 0.27337409300534199 -0.24344504649429599 0.260258821997219
v 0.27337409300534199 -0.26208586429457498 0.27889963979749699
v 0.27337409300534199 -0.24344504649429599 0.27889963979749699
v 0.27337409300534199 -0.224804228694018 0.111132279594993
v 0.27337409300534199 -0.224804228694018 0.12977309739527201
v 0.27337409300534199 -0.224804228694018 0.14841391519555
v 0.27337409300534199 -0.224804228694018 0.16705473299582799
v 0.27337409300534199 -0.224804228694018 0.185695550796106
v 0.27337409300534199 -0.224804228694018 0.20433636859638399
v 0.27337409300534199 -0.224804228694018 0.222977186396662
v 0.27337409300534199 -0.224804228694018 0.24161800419693999
v 0.27337409300534199 -0.224804228694018 0.260258821997219
v 0.27337409300534199 -0.224804228694018 0.27889963979749699
v 0.27337409300534199 -0.24344504649429599 0.29754045759777498
v 0.27337409300534199 -0.224804228694018 0.29754045759777498
v 0.27337409300534199 -0.20616341089373999 0.14841391519555
v 0.27337409300534199 -0.20616341089373999 0.16705473299582799
v 0.27337409300534199 -0.20616341089373999 0.185695550796106
v 0.27337409300534199 -0.20616341089373999 0.20433636859638399
v 0.27337409300534199 -0.20616341089373999 0.222977186396662
v 0.27337409300534199 -0.20616341089373999 0.24161800419693999
v 0.27337409300534199 -0.20616341089373999 0.260258821997219
v 0.27337409300534199 -0.20616341089373999 0.27889963979749699
v 0.27337409300534199 -0.20616341089373999 0.29754045759777498
v 0.27337409300534199 -0.187522593093462 0.14841391519555
v 0.27337409300534199 -0.187522593093462 0.16705473299582799
v 0.27337409300534199 -0.187522593093462 0.185695550796106
v 0.27337409300534199 -0.187522593093462 0.20433636859638399
v 0.27337409300534199 -0.187522593093462 0.222977186396662
v 0.27337409300534199 -0.187522593093462 0.24161800419693999
v 0.27337409300534199 -0.187522593093462 0.260258821997219
v 0.27337409300534199 -0.187522593093462 0.27889963979749699
v 0.27337409300534199 -0.187522593093462 0.29754045759777498
v 0.27337409300534199 -0.20616341089373999 0.31618127539805302
v 0.27337409300534199 -0.187522593093462 0.31618127539805302
v 0.27337409300534199 -0.20616341089373999 0.33482209319833101
v 0.27337409300534199 -0.187522593093462 0.33482209319833101
v 0.27337409300534199 -0.20616341089373999 0.35346291099860899
v 0.27337409300534199 -0.187522593093462 0.35346291099860899
v 0.27337409300534199 -0.20616341089373999 0.37210372879888698
v 0.27337409300534199 -0.187522593093462 0.37210372879888698
v 0.27337409300534199 -0.20616341089373999 0.39074454659916602
v 0.27337409300534199 -0.187522593093462 0.39074454659916602
v 0.27337409300534199 -0.20616341089373999 0.40938536439944401
v 0.27337409300534199 -0.187522593093462 0.40938536439944401
v 0.27337409300534199 -0.187522593093462 0.12977309739527201
v 0.27337409300534199 -0.16888177529318399 0.12977309739527201
v 0.27337409300534199 -0.16888177529318399 0.14841391519555
v 0.27337409300534199 -0.16888177529318399 0.16705473299582799
v 0.27337409300534199 -0.16888177529318399 0.185695550796106
v 0.27337409300534199 -0.16888177529318399 0.20433636859638399
v 0.27337409300534199 -0.16888177529318399 0.222977186396662
v 0.27337409300534199 -0.16888177529318399 0.24161800419693999
v 0.27337409300534199 -0.16888177529318399 0.260258821997219
v 0.27337409300534199 -0.16888177529318399 0.27889963979749699
v 0.27337409300534199 -0.16888177529318399 0.29754045759777498
v 0.27337409300534199 -0.16888177529318399 0.31618127539805302
v 0.27337409300534199 -0.16888177529318399 0.33482209319833101
v 0.27337409300534199 -0.16888177529318399 0.35346291099860899
v 0.27337409300534199 -0.16888177529318399 0.37210372879888698
v 0.27337409300534199 -0.16888177529318399 0.39074454659916602
v 0.27337409300534199 -0.16888177529318399 0.40938536439944401
v 0.27337409300534199 -0.187522593093462 0.42802618219972199
v 0.27337409300534199 -0.16888177529318399 0.42802618219972199
v 0.27337409300534199 -0.16888177529318399 0.073850643994437096
v 0.27337409300534199 -0.150240957492906 0.073850643994437096
v 0.27337409300534199 -0.16888177529318399 0.092491461794715193
v 0.27337409300534199 -0.150240957492906 0.092491461794715193
v 0.27337409300534199 -0.16888177529318399 0.111132279594993
v 0.27337409300534199 -0.150240957492906 0.111132279594993
v 0.27337409300534199 -0.150240957492906 0.12977309739527201
v 0.27337409300534199 -0.150240957492906 0.14841391519555
v 0.27337409300534199 -0.150240957492906 0.16705473299582799
v 0.27337409300534199 -0.150240957492906 0.185695550796106
v 0.27337409300534199 -0.150240957492906 0.20433636859638399
v 0.27337409300534199 -0.150240957492906 0.222977186396662
v 0.27337409300534199 -0.150240957492906 0.24161800419693999
v 0.27337409300534199 -0.150240957492906 0.260258821997219
v 0.27337409300534199 -0.150240957492906 0.27889963979749699
v 0.27337409300534199 -0.150240957492906 0.29754045759777498
v 0.27337409300534199 -0.150240957492906 0.31618127539805302
v 0.27337409300534199 -0.150240957492906 0.33482209319833101
v 0.27337409300534199 -0.150240957492906 0.35346291099860899
v 0.27337409300534199 -0.150240957492906 0.37210372879888698
v 0.27337409300534199 -0.150240957492906 0.39074454659916602
v 0.27337409300534199 -0.150240957492906 0.40938536439944401
v 0.27337409300534199 -0.150240957492906 0.42802618219972199
v 0.27337409300534199 -0.150240957492906 0.055209826194158901
v 0.27337409300534199 -0.13160013969262799 0.055209826194158901
v 0.27337409300534199 -0.13160013969262799 0.073850643994437096
v 0.27337409300534199 -0.13160013969262799 0.092491461794715193
v 0.27337409300534199 -0.13160013969262799 0.111132279594993
v 0.27337409300534199 -0.13160013969262799 0.12977309739527201
v 0.27337409300534199 -0.13160013969262799 0.14841391519555
v 0.27337409300534199 -0.13160013969262799 0.16705473299582799
v 0.27337409300534199 -0.13160013969262799 0.185695550796106
v 0.27337409300534199 -0.13160013969262799 0.20433636859638399
v 0.27337409300534199 -0.13160013969262799 0.222977186396662
v 0.27337409300534199 -0.13160013969262799 0.24161800419693999
v 0.27337409300534199 -0.13160013969262799 0.260258821997219
v 0.27337409300534199 -0.13160013969262799 0.27889963979749699
v 0.27337409300534199 -0.13160013969262799 0.29754045759777498
v 0.27337409300534199 -0.13160013969262799 0.31618127539805302
v 0.27337409300534199 -0.13160013969262799 0.33482209319833101
v 0.27337409300534199 -0.13160013969262799 0.35346291099860899
v 0.27337409300534199 -0.13160013969262799 0.37210372879888698
v 0.27337409300534199 -0.13160013969262799 0.39074454659916602
v 0.27337409300534199 -0.13160013969262799 0.40938536439944401
v 0.27337409300534199 -0.13160013969262799 0.42802618219972199
v 0.27337409300534199 -0.112959321892349 0.055209826194158901
v 0.27337409300534199 -0.112959321892349 0.073850643994437096
v 0.27337409300534199 -0.112959321892349 0.092491461794715193
v 0.27337409300534199 -0.112959321892349 0.111132279594993
v 0.27337409300534199 -0.112959321892349 0.12977309739527201
v 0.27337409300534199 -0.112959321892349 0.14841391519555
v 0.27337409300534199 -0.112959321892349 0.16705473299582799
v 0.27337409300534199 -0.112959321892349 0.185695550796106
v 0.27337409300534199 -0.112959321892349 0.20433636859638399
v 0.27337409300534199 -0.112959321892349 0.222977186396662
v 0.27337409300534199 -0.112959321892349 0.24161800419693999
v 0.27337409300534199 -0.112959321892349 0.260258821997219
v 0.27337409300534199 -0.112959321892349 0.27889963979749699
v 0.27337409300534199 -0.112959321892349 0.29754045759777498
v 0.27337409300534199 -0.112959321892349 0.31618127539805302
v 0.27337409300534199 -0.112959321892349 0.33482209319833101
v 0.27337409300534199 -0.112959321892349 0.35346291099860899
v 0.27337409300534199 -0.112959321892349 0.37210372879888698
v 0.27337409300534199 -0.112959321892349 0.39074454659916602
v 0.27337409300534199 -0.112959321892349 0.40938536439944401
v 0.27337409300534199 -0.094318504092071306 0.055209826194158901
v 0.27337409300534199 -0.094318504092071306 0.073850643994437096
v 0.27337409300534199 -0.094318504092071306 0.092491461794715193
v 0.27337409300534199 -0.094318504092071306 0.111132279594993
v 0.27337409300534199 -0.094318504092071306 0.12977309739527201
v 0.27337409300534199 -0.094318504092071306 0.14841391519555
v 0.27337409300534199 -0.094318504092071306 0.16705473299582799
v 0.27337409300534199 -0.094318504092071306 0.185695550796106
v 0.27337409300534199 -0.094318504092071306 0.20433636859638399
v 0.27337409300534199 -0.094318504092071306 0.222977186396662
v 0.27337409300534199 -0.094318504092071306 0.24161800419693999
v 0.27337409300534199 -0.094318504092071306 0.260258821997219
v 0.27337409300534199 -0.094318504092071306 0.27889963979749699
v 0.27337409300534199 -0.094318504092071306 0.29754045759777498
v 0.27337409300534199 -0.094318504092071306 0.31618127539805302
v 0.27337409300534199 -0.094318504092071306 0.37210372879888698
v 0.27337409300534199 -0.094318504092071306 0.39074454659916602
v 0.27337409300534199 -0.094318504092071306 0.40938536439944401
v 0.27337409300534199 -0.075677686291793098 0.055209826194158901
v 0.27337409300534199 -0.075677686291793098 0.073850643994437096
v 0.27337409300534199 -0.075677686291793098 0.092491461794715193
v 0.27337409300534199 -0.075677686291793098 0.111132279594993
v 0.27337409300534199 -0.075677686291793098 0.12977309739527201
v 0.27337409300534199 -0.075677686291793098 0.14841391519555
v 0.27337409300534199 -0.075677686291793098 0.16705473299582799
v 0.27337409300534199 -0.075677686291793098 0.185695550796106
v 0.27337409300534199 -0.075677686291793098 0.20433636859638399
v 0.27337409300534199 -0.075677686291793098 0.222977186396662
v 0.27337409300534199 -0.075677686291793098 0.24161800419693999
v 0.27337409300534199 -0.075677686291793098 0.260258821997219
v 0.27337409300534199 -0.075677686291793098 0.27889963979749699
v 0.27337409300534199 -0.075677686291793098 0.29754045759777498
v 0.27337409300534199 -0.075677686291793098 0.31618127539805302
v 0.27337409300534199 -0.075677686291793098 0.39074454659916602
v 0.254733275205064 -0.075677686291793098 0.39074454659916602
v 0.27337409300534199 -0.075677686291793098 0.40938536439944401
v 0.254733275205064 -0.075677686291793098 0.40938536439944401
v 0.27337409300534199 -0.057036868491515 0.055209826194158901
v 0.27337409300534199 -0.057036868491515 0.073850643994437096
v 0.27337409300534199 -0.057036868491515 0.092491461794715193
v 0.27337409300534199 -0.057036868491515 0.111132279594993
v 0.27337409300534199 -0.057036868491515 0.12977309739527201
v 0.27337409300534199 -0.057036868491515 0.14841391519555
v 0.27337409300534199 -0.057036868491515 0.16705473299582799
v 0.27337409300534199 -0.057036868491515 0.185695550796106
v 0.27337409300534199 -0.057036868491515 0.20433636859638399
v 0.27337409300534199 -0.057036868491515 0.222977186396662
v 0.27337409300534199 -0.057036868491515 0.24161800419693999
v 0.27337409300534199 -0.057036868491515 0.260258821997219
v 0.27337409300534199 -0.057036868491515 0.27889963979749699
v 0.27337409300534199 -0.057036868491515 0.29754045759777498
v 0.27337409300534199 -0.057036868491515 0.31618127539805302
v 0.254733275205064 -0.057036868491515 0.036569008393880803
v 0.27337409300534199 -0.057036868491515 0.036569008393880803
v 0.27337409300534199 -0.038396050691236798 0.036569008393880803
v 0.254733275205064 -0.038396050691236798 0.036569008393880803
v 0.27337409300534199 -0.038396050691236798 0.055209826194158901
v 0.27337409300534199 -0.038396050691236798 0.073850643994437096
v 0.27337409300534199 -0.038396050691236798 0.092491461794715193
v 0.27337409300534199 -0.038396050691236798 0.111132279594993
v 0.27337409300534199 -0.038396050691236798 0.12977309739527201
v 0.27337409300534199 -0.038396050691236798 0.14841391519555
v 0.27337409300534199 -0.038396050691236798 0.16705473299582799
v 0.27337409300534199 -0.038396050691236798 0.185695550796106
v 0.27337409300534199 -0.038396050691236798 0.20433636859638399
v 0.27337409300534199 -0.038396050691236798 0.222977186396662
v 0.27337409300534199 -0.038396050691236798 0.24161800419693999
v 0.27337409300534199 -0.038396050691236798 0.260258821997219
v 0.27337409300534199 -0.038396050691236798 0.27889963979749699
v 0.27337409300534199 -0.038396050691236798 0.29754045759777498
v 0.27337409300534199 -0.038396050691236798 0.31618127539805302
v 0.27337409300534199 -0.057036868491515 0.33482209319833101
v 0.27337409300534199 -0.038396050691236798 0.33482209319833101
v 0.27337409300534199 -0.057036868491515 0.35346291099860899
v 0.27337409300534199 -0.038396050691236798 0.35346291099860899
v 0.27337409300534199 -0.0197552328909587 0.036569008393880803
v 0.254733275205064 -0.0197552328909587 0.036569008393880803
v 0.27337409300534199 -0.0197552328909587 0.055209826194158901
v 0.27337409300534199 -0.0197552328909587 0.073850643994437096
v 0.27337409300534199 -0.0197552328909587 0.092491461794715193
v 0.27337409300534199 -0.0197552328909587 0.111132279594993
v 0.27337409300534199 -0.0197552328909587 0.12977309739527201
v 0.27337409300534199 -0.0197552328909587 0.14841391519555
v 0.27337409300534199 -0.0197552328909587 0.16705473299582799
v 0.27337409300534199 -0.0197552328909587 0.185695550796106
v 0.27337409300534199 -0.0197552328909587 0.20433636859638399
v 0.27337409300534199 -0.0197552328909587 0.222977186396662
v 0.27337409300534199 -0.0197552328909587 0.24161800419693999
v 0.27337409300534199 -0.0197552328909587 0.260258821997219
v 0.27337409300534199 -0.0197552328909587 0.27889963979749699
v 0.27337409300534199 -0.0197552328909587 0.29754045759777498
v 0.27337409300534199 -0.0197552328909587 0.31618127539805302
v 0.27337409300534199 -0.0197552328909587 0.33482209319833101
v 0.27337409300534199 -0.0197552328909587 0.35346291099860899
v 0.27337409300534199 -0.038396050691236798 0.37210372879888698
v 0.27337409300534199 -0.0197552328909587 0.37210372879888698
v 0.27337409300534199 -0.0011144150906804999 0.036569008393880803
v 0.254733275205064 -0.0011144150906804999 0.036569008393880803
v 0.27337409300534199 -0.0011144150906804999 0.055209826194158901
v 0.27337409300534199 -0.0011144150906804999 0.073850643994437096
v 0.27337409300534199 -0.0011144150906804999 0.092491461794715193
v 0.27337409300534199 -0.0011144150906804999 0.111132279594993
v 0.27337409300534199 -0.0011144150906804999 0.12977309739527201
v 0.27337409300534199 -0.0011144150906804999 0.14841391519555
v 0.27337409300534199 -0.0011144150906804999 0.16705473299582799
v 0.27337409300534199 -0.0011144150906804999 0.185695550796106
v 0.27337409300534199 -0.0011144150906804999 0.20433636859638399
v 0.27337409300534199 -0.0011144150906804999 0.222977186396662
v 0.27337409300534199 -0.0011144150906804999 0.24161800419693999
v 0.27337409300534199 -0.0011144150906804999 0.260258821997219
v 0.27337409300534199 -0.0011144150906804999 0.27889963979749699
v 0.27337409300534199 -0.0011144150906804999 0.29754045759777498
v 0.27337409300534199 -0.0011144150906804999 0.31618127539805302
v 0.27337409300534199 -0.0011144150906804999 0.33482209319833101
v 0.27337409300534199 -0.0011144150906804999 0.35346291099860899
v 0.27337409300534199 -0.0011144150906804999 0.37210372879888698
v 0.27337409300534199 0.0175264027095977 0.12977309739527201
v 0.27337409300534199 0.0175264027095977 0.14841391519555
v 0.27337409300534199 0.0175264027095977 0.16705473299582799
v 0.27337409300534199 0.0175264027095977 0.185695550796106
v 0.27337409300534199 0.0175264027095977 0.20433636859638399
v 0.27337409300534199 0.0175264027095977 0.222977186396662
v 0.27337409300534199 0.0175264027095977 0.24161800419693999
v 0.27337409300534199 0.0175264027095977 0.260258821997219
v 0.27337409300534199 0.0175264027095977 0.27889963979749699
v 0.27337409300534199 0.0175264027095977 0.29754045759777498
v 0.27337409300534199 0.0175264027095977 0.31618127539805302
v 0.27337409300534199 0.0175264027095977 0.33482209319833101
v 0.27337409300534199 0.0175264027095977 0.35346291099860899
v 0.27337409300534199 0.0175264027095977 0.37210372879888698
v 0.254733275205064 0.0175264027095977 0.37210372879888698
v 0.27337409300534199 0.036167220509875801 0.12977309739527201
v 0.27337409300534199 0.036167220509875801 0.14841391519555
v 0.27337409300534199 0.036167220509875801 0.16705473299582799
v 0.27337409300534199 0.036167220509875801 0.185695550796106
v 0.27337409300534199 0.036167220509875801 0.20433636859638399
v 0.27337409300534199 0.036167220509875801 0.222977186396662
v 0.27337409300534199 0.036167220509875801 0.24161800419693999
v 0.27337409300534199 0.036167220509875801 0.260258821997219
v 0.27337409300534199 0.036167220509875801 0.27889963979749699
v 0.27337409300534199 0.036167220509875801 0.29754045759777498
v 0.27337409300534199 0.036167220509875801 0.31618127539805302
v 0.27337409300534199 0.036167220509875801 0.33482209319833101
v 0.27337409300534199 0.036167220509875801 0.35346291099860899
v 0.27337409300534199 0.036167220509875801 0.37210372879888698
v 0.254733275205064 0.036167220509875801 0.37210372879888698
v 0.27337409300534199 0.054808038310153899 0.16705473299582799
v 0.27337409300534199 0.054808038310153899 0.185695550796106
v 0.27337409300534199 0.054808038310153899 0.20433636859638399
v 0.27337409300534199 0.054808038310153899 0.222977186396662
v 0.27337409300534199 0.054808038310153899 0.24161800419693999
v 0.27337409300534199 0.054808038310153899 0.27889963979749699
v 0.27337409300534199 0.054808038310153899 0.29754045759777498
v 0.27337409300534199 0.054808038310153899 0.31618127539805302
v 0.27337409300534199 0.054808038310153899 0.33482209319833101
v 0.27337409300534199 0.054808038310153899 0.35346291099860899
v 0.27337409300534199 0.054808038310153899 0.37210372879888698
v 0.254733275205064 0.054808038310153899 0.37210372879888698
v 0.27337409300534199 0.073448856110432101 0.29754045759777498
v 0.27337409300534199 0.073448856110432101 0.31618127539805302
v 0.27337409300534199 0.073448856110432101 0.33482209319833101
v 0.27337409300534199 0.073448856110432101 0.35346291099860899
v 0.254733275205064 0.14801212731154501 0.29754045759777498
v 0.27337409300534199 0.14801212731154501 0.29754045759777498
v 0.27337409300534199 0.16665294511182299 0.29754045759777498
v 0.254733275205064 0.14801212731154501 0.31618127539805302
v 0.27337409300534199 0.14801212731154501 0.31618127539805302
v 0.27337409300534199 0.16665294511182299 0.31618127539805302
v 0.254733275205064 0.14801212731154501 0.35346291099860899
v 0.27337409300534199 0.14801212731154501 0.35346291099860899
v 0.27337409300534199 0.16665294511182299 0.35346291099860899
v 0.254733275205064 0.16665294511182299 0.35346291099860899
v 0.254733275205064 0.14801212731154501 0.37210372879888698
v 0.27337409300534199 0.14801212731154501 0.37210372879888698
v 0.27337409300534199 0.16665294511182299 0.37210372879888698
v 0.254733275205064 0.16665294511182299 0.37210372879888698
v 0.27337409300534199 0.16665294511182299 0.260258821997219
v 0.27337409300534199 0.18529376291210101 0.260258821997219
v 0.27337409300534199 0.16665294511182299 0.27889963979749699
v 0.27337409300534199 0.18529376291210101 0.27889963979749699
v 0.27337409300534199 0.18529376291210101 0.29754045759777498
v 0.27337409300534199 0.18529376291210101 0.31618127539805302
v 0.254733275205064 0.16665294511182299 0.33482209319833101
v 0.27337409300534199 0.16665294511182299 0.33482209319833101
v 0.27337409300534199 0.18529376291210101 0.33482209319833101
v 0.254733275205064 0.18529376291210101 0.33482209319833101
v 0.27337409300534199 0.18529376291210101 0.35346291099860899
v 0.254733275205064 0.18529376291210101 0.35346291099860899
v 0.27337409300534199 0.18529376291210101 0.37210372879888698
v 0.254733275205064 0.18529376291210101 0.37210372879888698
v 0.27337409300534199 0.20393458071237899 0.260258821997219
v 0.27337409300534199 0.20393458071237899 0.27889963979749699
v 0.27337409300534199 0.20393458071237899 0.29754045759777498
v 0.27337409300534199 0.20393458071237899 0.31618127539805302
v 0.254733275205064 0.20393458071237899 0.31618127539805302
v 0.27337409300534199 0.20393458071237899 0.33482209319833101
v 0.254733275205064 0.20393458071237899 0.33482209319833101
v 0.27337409300534199 0.20393458071237899 0.35346291099860899
v 0.254733275205064 0.20393458071237899 0.35346291099860899
v 0.27337409300534199 0.20393458071237899 0.37210372879888698
v 0.254733275205064 0.20393458071237899 0.37210372879888698
v 0.27337409300534199 0.20393458071237899 0.14841391519555
v 0.27337409300534199 0.22257539851265701 0.14841391519555
v 0.27337409300534199 0.20393458071237899 0.16705473299582799
v 0.27337409300534199 0.22257539851265701 0.16705473299582799
v 0.27337409300534199 0.20393458071237899 0.185695550796106
v 0.27337409300534199 0.22257539851265701 0.185695550796106
v 0.27337409300534199 0.20393458071237899 0.20433636859638399
v 0.27337409300534199 0.22257539851265701 0.20433636859638399
v 0.27337409300534199 0.20393458071237899 0.222977186396662
v 0.27337409300534199 0.22257539851265701 0.222977186396662
v 0.27337409300534199 0.22257539851265701 0.27889963979749699
v 0.27337409300534199 0.22257539851265701 0.29754045759777498
v 0.27337409300534199 0.22257539851265701 0.31618127539805302
v 0.254733275205064 0.22257539851265701 0.31618127539805302
v 0.27337409300534199 0.22257539851265701 0.33482209319833101
v 0.254733275205064 0.22257539851265701 0.33482209319833101
v 0.27337409300534199 0.22257539851265701 0.35346291099860899
v 0.254733275205064 0.22257539851265701 0.35346291099860899
v 0.27337409300534199 0.22257539851265701 0.111132279594993
v 0.27337409300534199 0.24121621631293499 0.111132279594993
v 0.27337409300534199 0.22257539851265701 0.12977309739527201
v 0.27337409300534199 0.24121621631293499 0.12977309739527201
v 0.27337409300534199 0.24121621631293499 0.14841391519555
v 0.27337409300534199 0.24121621631293499 0.16705473299582799
v 0.27337409300534199 0.24121621631293499 0.185695550796106
v 0.27337409300534199 0.24121621631293499 0.20433636859638399
v 0.27337409300534199 0.24121621631293499 0.222977186396662
v 0.27337409300534199 0.22257539851265701 0.24161800419693999
v 0.27337409300534199 0.24121621631293499 0.24161800419693999
v 0.27337409300534199 0.22257539851265701 0.260258821997219
v 0.27337409300534199 0.24121621631293499 0.260258821997219
v 0.27337409300534199 0.24121621631293499 0.27889963979749699
v 0.27337409300534199 0.24121621631293499 0.29754045759777498
v 0.27337409300534199 0.24121621631293499 0.31618127539805302
v 0.27337409300534199 0.24121621631293499 0.33482209319833101
v 0.27337409300534199 0.24121621631293499 0.35346291099860899
v 0.254733275205064 0.24121621631293499 0.35346291099860899
v 0.27337409300534199 0.25985703411321398 0.111132279594993
v 0.27337409300534199 0.25985703411321398 0.12977309739527201
v 0.27337409300534199 0.25985703411321398 0.14841391519555
v 0.27337409300534199 0.25985703411321398 0.16705473299582799
v 0.27337409300534199 0.25985703411321398 0.185695550796106
v 0.27337409300534199 0.25985703411321398 0.20433636859638399
v 0.27337409300534199 0.25985703411321398 0.222977186396662
v 0.27337409300534199 0.25985703411321398 0.24161800419693999
v 0.27337409300534199 0.25985703411321398 0.260258821997219
v 0.27337409300534199 0.25985703411321398 0.27889963979749699
v 0.27337409300534199 0.25985703411321398 0.29754045759777498
v 0.27337409300534199 0.25985703411321398 0.31618127539805302
v 0.27337409300534199 0.25985703411321398 0.33482209319833101
v 0.27337409300534199 0.25985703411321398 0.35346291099860899
v 0.27337409300534199 0.27849785191349202 0.111132279594993
v 0.27337409300534199 0.27849785191349202 0.12977309739527201
v 0.27337409300534199 0.27849785191349202 0.14841391519555
v 0.27337409300534199 0.27849785191349202 0.16705473299582799
v 0.27337409300534199 0.27849785191349202 0.185695550796106
v 0.27337409300534199 0.27849785191349202 0.20433636859638399
v 0.27337409300534199 0.27849785191349202 0.222977186396662
v 0.27337409300534199 0.27849785191349202 0.24161800419693999
v 0.27337409300534199 0.27849785191349202 0.260258821997219
v 0.27337409300534199 0.27849785191349202 0.27889963979749699
v 0.27337409300534199 0.27849785191349202 0.29754045759777498
v 0.27337409300534199 0.27849785191349202 0.31618127539805302
v 0.27337409300534199 0.27849785191349202 0.33482209319833101
v 0.27337409300534199 0.27849785191349202 0.35346291099860899
v 0.254733275205064 0.27849785191349202 -0.00071262720667553104
v 0.27337409300534199 0.27849785191349202 -0.00071262720667553104
v 0.27337409300534199 0.29713866971377001 -0.00071262720667553104
v 0.254733275205064 0.29713866971377001 -0.00071262720667553104
v 0.27337409300534199 0.27849785191349202 0.017928190593602601
v 0.27337409300534199 0.29713866971377001 0.017928190593602601
v 0.27337409300534199 0.27849785191349202 0.036569008393880803
v 0.27337409300534199 0.29713866971377001 0.036569008393880803
v 0.27337409300534199 0.29713866971377001 0.111132279594993
v 0.27337409300534199 0.29713866971377001 0.12977309739527201
v 0.27337409300534199 0.29713866971377001 0.14841391519555
v 0.27337409300534199 0.29713866971377001 0.16705473299582799
v 0.27337409300534199 0.29713866971377001 0.185695550796106
v 0.27337409300534199 0.29713866971377001 0.20433636859638399
v 0.27337409300534199 0.29713866971377001 0.222977186396662
v 0.27337409300534199 0.29713866971377001 0.24161800419693999
v 0.27337409300534199 0.29713866971377001 0.260258821997219
v 0.27337409300534199 0.29713866971377001 0.27889963979749699
v 0.27337409300534199 0.29713866971377001 0.29754045759777498
v 0.27337409300534199 0.29713866971377001 0.31618127539805302
v 0.27337409300534199 0.29713866971377001 0.33482209319833101
v 0.27337409300534199 0.29713866971377001 0.35346291099860899
v 0.27337409300534199 0.315779487514048 -0.00071262720667553104
v 0.254733275205064 0.315779487514048 -0.00071262720667553104
v 0.27337409300534199 0.315779487514048 0.017928190593602601
v 0.27337409300534199 0.315779487514048 0.036569008393880803
v 0.27337409300534199 0.29713866971377001 0.055209826194158901
v 0.27337409300534199 0.315779487514048 0.055209826194158901
v 0.27337409300534199 0.315779487514048 0.12977309739527201
v 0.27337409300534199 0.315779487514048 0.14841391519555
v 0.27337409300534199 0.315779487514048 0.16705473299582799
v 0.27337409300534199 0.315779487514048 0.185695550796106
v 0.27337409300534199 0.315779487514048 0.20433636859638399
v 0.27337409300534199 0.315779487514048 0.222977186396662
v 0.27337409300534199 0.315779487514048 0.24161800419693999
v 0.27337409300534199 0.315779487514048 0.260258821997219
v 0.27337409300534199 0.315779487514048 0.27889963979749699
v 0.27337409300534199 0.315779487514048 0.29754045759777498
v 0.27337409300534199 0.315779487514048 0.31618127539805302
v 0.27337409300534199 0.33442030531432598 0.12977309739527201
v 0.27337409300534199 0.33442030531432598 0.14841391519555
v 0.27337409300534199 0.33442030531432598 0.16705473299582799
v 0.27337409300534199 0.33442030531432598 0.185695550796106
v 0.27337409300534199 0.33442030531432598 0.20433636859638399
v 0.27337409300534199 0.33442030531432598 0.222977186396662
v 0.27337409300534199 0.33442030531432598 0.24161800419693999
v 0.27337409300534199 0.33442030531432598 0.260258821997219
v 0.27337409300534199 0.33442030531432598 0.27889963979749699
v 0.27337409300534199 0.33442030531432598 0.29754045759777498
v 0.27337409300534199 0.33442030531432598 0.31618127539805302
v 0.27337409300534199 0.315779487514048 0.33482209319833101
v 0.27337409300534199 0.33442030531432598 0.33482209319833101
v 0.27337409300534199 0.35306112311460403 0.12977309739527201
v 0.27337409300534199 0.35306112311460403 0.14841391519555
v 0.27337409300534199 0.35306112311460403 0.16705473299582799
v 0.27337409300534199 0.35306112311460403 0.185695550796106
v 0.27337409300534199 0.35306112311460403 0.20433636859638399
v 0.27337409300534199 0.35306112311460403 0.222977186396662
v 0.27337409300534199 0.35306112311460403 0.24161800419693999
v 0.27337409300534199 0.35306112311460403 0.260258821997219
v 0.27337409300534199 0.35306112311460403 0.27889963979749699
v 0.27337409300534199 0.35306112311460403 0.29754045759777498
v 0.27337409300534199 0.35306112311460403 0.31618127539805302
v 0.27337409300534199 0.35306112311460403 0.33482209319833101
v 0.27337409300534199 0.33442030531432598 0.35346291099860899
v 0.27337409300534199 0.35306112311460403 0.35346291099860899
v 0.27337409300534199 0.35306112311460403 0.111132279594993
v 0.27337409300534199 0.37170194091488301 0.111132279594993
v 0.27337409300534199 0.37170194091488301 0.12977309739527201
v 0.27337409300534199 0.37170194091488301 0.14841391519555
v 0.27337409300534199 0.37170194091488301 0.16705473299582799
v 0.27337409300534199 0.37170194091488301 0.185695550796106
v 0.27337409300534199 0.37170194091488301 0.20433636859638399
v 0.27337409300534199 0.37170194091488301 0.222977186396662
v 0.27337409300534199 0.37170194091488301 0.24161800419693999
v 0.27337409300534199 0.37170194091488301 0.260258821997219
v 0.27337409300534199 0.37170194091488301 0.27889963979749699
v 0.27337409300534199 0.37170194091488301 0.29754045759777498
v 0.27337409300534199 0.37170194091488301 0.31618127539805302
v 0.27337409300534199 0.37170194091488301 0.33482209319833101
v 0.27337409300534199 0.37170194091488301 0.35346291099860899
v 0.27337409300534199 0.37170194091488301 0.092491461794715193
v 0.27337409300534199 0.390342758715161 0.092491461794715193
v 0.27337409300534199 0.390342758715161 0.111132279594993
v 0.27337409300534199 0.390342758715161 0.12977309739527201
v 0.27337409300534199 0.390342758715161 0.14841391519555
v 0.27337409300534199 0.390342758715161 0.16705473299582799
v 0.27337409300534199 0.390342758715161 0.185695550796106
v 0.27337409300534199 0.390342758715161 0.20433636859638399
v 0.27337409300534199 0.390342758715161 0.222977186396662
v 0.27337409300534199 0.390342758715161 0.24161800419693999
v 0.27337409300534199 0.390342758715161 0.260258821997219
v 0.27337409300534199 0.390342758715161 0.27889963979749699
v 0.27337409300534199 0.390342758715161 0.29754045759777498
v 0.27337409300534199 0.390342758715161 0.31618127539805302
v 0.27337409300534199 0.390342758715161 0.33482209319833101
v 0.27337409300534199 0.390342758715161 0.35346291099860899
v 0.27337409300534199 0.40898357651543898 0.111132279594993
v 0.254733275205064 0.40898357651543898 0.111132279594993
v 0.27337409300534199 0.40898357651543898 0.12977309739527201
v 0.27337409300534199 0.40898357651543898 0.14841391519555
v 0.27337409300534199 0.40898357651543898 0.16705473299582799
v 0.27337409300534199 0.40898357651543898 0.185695550796106
v 0.27337409300534199 0.40898357651543898 0.20433636859638399
v 0.27337409300534199 0.40898357651543898 0.222977186396662
v 0.27337409300534199 0.40898357651543898 0.24161800419693999
v 0.27337409300534199 0.40898357651543898 0.260258821997219
v 0.27337409300534199 0.40898357651543898 0.27889963979749699
v 0.27337409300534199 0.40898357651543898 0.29754045759777498
v 0.27337409300534199 0.40898357651543898 0.31618127539805302
v 0.27337409300534199 0.40898357651543898 0.33482209319833101
v 0.27337409300534199 0.40898357651543898 0.35346291099860899
v 0.27337409300534199 0.42762439431571703 0.12977309739527201
v 0.254733275205064 0.42762439431571703 0.12977309739527201
v 0.27337409300534199 0.42762439431571703 0.14841391519555
v 0.27337409300534199 0.42762439431571703 0.16705473299582799
v 0.27337409300534199 0.42762439431571703 0.185695550796106
v 0.27337409300534199 0.42762439431571703 0.20433636859638399
v 0.27337409300534199 0.42762439431571703 0.222977186396662
v 0.27337409300534199 0.42762439431571703 0.24161800419693999
v 0.27337409300534199 0.42762439431571703 0.260258821997219
v 0.27337409300534199 0.42762439431571703 0.27889963979749699
v 0.27337409300534199 0.42762439431571703 0.29754045759777498
v 0.27337409300534199 0.42762439431571703 0.31618127539805302
v 0.27337409300534199 0.42762439431571703 0.33482209319833101
v 0.27337409300534199 0.42762439431571703 0.35346291099860899
v 0.27337409300534199 0.44626521211599501 0.14841391519555
v 0.254733275205064 0.44626521211599501 0.14841391519555
v 0.27337409300534199 0.44626521211599501 0.16705473299582799
v 0.27337409300534199 0.44626521211599501 0.185695550796106
v 0.27337409300534199 0.44626521211599501 0.20433636859638399
v 0.27337409300534199 0.44626521211599501 0.222977186396662
v 0.27337409300534199 0.44626521211599501 0.24161800419693999
v 0.27337409300534199 0.44626521211599501 0.260258821997219
v 0.27337409300534199 0.44626521211599501 0.27889963979749699
v 0.27337409300534199 0.44626521211599501 0.29754045759777498
v 0.27337409300534199 0.44626521211599501 0.31618127539805302
v 0.27337409300534199 0.44626521211599501 0.33482209319833101
v 0.27337409300534199 0.44626521211599501 0.35346291099860899
v 0.27337409300534199 0.464906029916273 0.16705473299582799
v 0.254733275205064 0.464906029916273 0.16705473299582799
v 0.27337409300534199 0.464906029916273 0.185695550796106
v 0.27337409300534199 0.464906029916273 0.20433636859638399
v 0.27337409300534199 0.464906029916273 0.222977186396662
v 0.27337409300534199 0.464906029916273 0.24161800419693999
v 0.27337409300534199 0.464906029916273 0.260258821997219
v 0.27337409300534199 0.464906029916273 0.27889963979749699
v 0.27337409300534199 0.464906029916273 0.29754045759777498
v 0.27337409300534199 0.464906029916273 0.31618127539805302
v 0.27337409300534199 0.464906029916273 0.33482209319833101
v 0.27337409300534199 0.464906029916273 0.35346291099860899
v 0.27337409300534199 0.48354684771655099 0.20433636859638399
v 0.27337409300534199 0.48354684771655099 0.222977186396662
v 0.27337409300534199 0.48354684771655099 0.24161800419693999
v 0.27337409300534199 0.48354684771655099 0.260258821997219
v 0.27337409300534199 0.48354684771655099 0.27889963979749699
v 0.27337409300534199 0.48354684771655099 0.29754045759777498
v 0.27337409300534199 0.48354684771655099 0.31618127539805302
v 0.29201491080561998 -0.24344504649429599 0.20433636859638399
v 0.29201491080561998 -0.224804228694018 0.20433636859638399
v 0.29201491080561998 -0.24344504649429599 0.222977186396662
v 0.29201491080561998 -0.224804228694018 0.222977186396662
v 0.29201491080561998 -0.24344504649429599 0.24161800419693999
v 0.29201491080561998 -0.224804228694018 0.24161800419693999
v 0.29201491080561998 -0.24344504649429599 0.260258821997219
v 0.29201491080561998 -0.224804228694018 0.260258821997219
v 0.29201491080561998 -0.224804228694018 0.16705473299582799
v 0.29201491080561998 -0.20616341089373999 0.16705473299582799
v 0.29201491080561998 -0.224804228694018 0.185695550796106
v 0.29201491080561998 -0.20616341089373999 0.185695550796106
v 0.29201491080561998 -0.20616341089373999 0.20433636859638399
v 0.29201491080561998 -0.20616341089373999 0.222977186396662
v 0.29201491080561998 -0.20616341089373999 0.24161800419693999
v 0.29201491080561998 -0.20616341089373999 0.260258821997219
v 0.29201491080561998 -0.224804228694018 0.27889963979749699
v 0.29201491080561998 -0.20616341089373999 0.27889963979749699
v 0.29201491080561998 -0.187522593093462 0.16705473299582799
v 0.29201491080561998 -0.187522593093462 0.185695550796106
v 0.29201491080561998 -0.187522593093462 0.20433636859638399
v 0.29201491080561998 -0.187522593093462 0.222977186396662
v 0.29201491080561998 -0.187522593093462 0.24161800419693999
v 0.29201491080561998 -0.187522593093462 0.260258821997219
v 0.29201491080561998 -0.187522593093462 0.27889963979749699
v 0.29201491080561998 -0.20616341089373999 0.29754045759777498
v 0.29201491080561998 -0.187522593093462 0.29754045759777498
v 0.29201491080561998 -0.20616341089373999 0.35346291099860899
v 0.29201491080561998 -0.187522593093462 0.35346291099860899
v 0.29201491080561998 -0.20616341089373999 0.37210372879888698
v 0.29201491080561998 -0.187522593093462 0.37210372879888698
v 0.29201491080561998 -0.20616341089373999 0.39074454659916602
v 0.29201491080561998 -0.187522593093462 0.39074454659916602
v 0.29201491080561998 -0.20616341089373999 0.40938536439944401
v 0.29201491080561998 -0.187522593093462 0.40938536439944401
v 0.29201491080561998 -0.187522593093462 0.14841391519555
v 0.29201491080561998 -0.16888177529318399 0.14841391519555
v 0.29201491080561998 -0.16888177529318399 0.16705473299582799
v 0.29201491080561998 -0.16888177529318399 0.185695550796106
v 0.29201491080561998 -0.16888177529318399 0.20433636859638399
v 0.29201491080561998 -0.16888177529318399 0.222977186396662
v 0.29201491080561998 -0.16888177529318399 0.24161800419693999
v 0.29201491080561998 -0.16888177529318399 0.260258821997219
v 0.29201491080561998 -0.16888177529318399 0.27889963979749699
v 0.29201491080561998 -0.16888177529318399 0.29754045759777498
v 0.29201491080561998 -0.187522593093462 0.33482209319833101
v 0.29201491080561998 -0.16888177529318399 0.33482209319833101
v 0.29201491080561998 -0.16888177529318399 0.35346291099860899
v 0.29201491080561998 -0.16888177529318399 0.37210372879888698
v 0.29201491080561998 -0.16888177529318399 0.39074454659916602
v 0.29201491080561998 -0.16888177529318399 0.40938536439944401
v 0.29201491080561998 -0.150240957492906 0.14841391519555
v 0.29201491080561998 -0.150240957492906 0.16705473299582799
v 0.29201491080561998 -0.150240957492906 0.185695550796106
v 0.29201491080561998 -0.150240957492906 0.20433636859638399
v 0.29201491080561998 -0.150240957492906 0.222977186396662
v 0.29201491080561998 -0.150240957492906 0.24161800419693999
v 0.29201491080561998 -0.150240957492906 0.260258821997219
v 0.29201491080561998 -0.150240957492906 0.27889963979749699
v 0.29201491080561998 -0.150240957492906 0.29754045759777498
v 0.29201491080561998 -0.150240957492906 0.33482209319833101
v 0.29201491080561998 -0.150240957492906 0.35346291099860899
v 0.29201491080561998 -0.150240957492906 0.37210372879888698
v 0.29201491080561998 -0.150240957492906 0.39074454659916602
v 0.29201491080561998 -0.150240957492906 0.40938536439944401
v 0.29201491080561998 -0.16888177529318399 0.42802618219972199
v 0.29201491080561998 -0.150240957492906 0.42802618219972199
v 0.29201491080561998 -0.150240957492906 0.12977309739527201
v 0.29201491080561998 -0.13160013969262799 0.12977309739527201
v 0.29201491080561998 -0.13160013969262799 0.14841391519555
v 0.29201491080561998 -0.13160013969262799 0.16705473299582799
v 0.29201491080561998 -0.13160013969262799 0.185695550796106
v 0.29201491080561998 -0.13160013969262799 0.20433636859638399
v 0.29201491080561998 -0.13160013969262799 0.222977186396662
v 0.29201491080561998 -0.13160013969262799 0.24161800419693999
v 0.29201491080561998 -0.13160013969262799 0.260258821997219
v 0.29201491080561998 -0.13160013969262799 0.27889963979749699
v 0.29201491080561998 -0.13160013969262799 0.29754045759777498
v 0.29201491080561998 -0.13160013969262799 0.33482209319833101
v 0.29201491080561998 -0.13160013969262799 0.35346291099860899
v 0.29201491080561998 -0.13160013969262799 0.37210372879888698
v 0.29201491080561998 -0.13160013969262799 0.39074454659916602
v 0.29201491080561998 -0.13160013969262799 0.40938536439944401
v 0.29201491080561998 -0.13160013969262799 0.055209826194158901
v 0.29201491080561998 -0.112959321892349 0.055209826194158901
v 0.29201491080561998 -0.13160013969262799 0.073850643994437096
v 0.29201491080561998 -0.112959321892349 0.073850643994437096
v 0.29201491080561998 -0.13160013969262799 0.092491461794715193
v 0.29201491080561998 -0.112959321892349 0.092491461794715193
v 0.29201491080561998 -0.13160013969262799 0.111132279594993
v 0.29201491080561998 -0.112959321892349 0.111132279594993
v 0.29201491080561998 -0.112959321892349 0.12977309739527201
v 0.29201491080561998 -0.112959321892349 0.14841391519555
v 0.29201491080561998 -0.112959321892349 0.16705473299582799
v 0.29201491080561998 -0.112959321892349 0.185695550796106
v 0.29201491080561998 -0.112959321892349 0.20433636859638399
v 0.29201491080561998 -0.112959321892349 0.222977186396662
v 0.29201491080561998 -0.112959321892349 0.24161800419693999
v 0.29201491080561998 -0.112959321892349 0.260258821997219
v 0.29201491080561998 -0.112959321892349 0.27889963979749699
v 0.29201491080561998 -0.112959321892349 0.29754045759777498
v 0.29201491080561998 -0.112959321892349 0.35346291099860899
v 0.29201491080561998 -0.112959321892349 0.37210372879888698
v 0.29201491080561998 -0.112959321892349 0.39074454659916602
v 0.29201491080561998 -0.112959321892349 0.40938536439944401
v 0.29201491080561998 -0.094318504092071306 0.055209826194158901
v 0.29201491080561998 -0.094318504092071306 0.073850643994437096
v 0.29201491080561998 -0.094318504092071306 0.092491461794715193
v 0.29201491080561998 -0.094318504092071306 0.111132279594993
v 0.29201491080561998 -0.094318504092071306 0.12977309739527201
v 0.29201491080561998 -0.094318504092071306 0.14841391519555
v 0.29201491080561998 -0.094318504092071306 0.16705473299582799
v 0.29201491080561998 -0.094318504092071306 0.185695550796106
v 0.29201491080561998 -0.094318504092071306 0.20433636859638399
v 0.29201491080561998 -0.094318504092071306 0.222977186396662
v 0.29201491080561998 -0.094318504092071306 0.24161800419693999
v 0.29201491080561998 -0.094318504092071306 0.260258821997219
v 0.29201491080561998 -0.094318504092071306 0.27889963979749699
v 0.29201491080561998 -0.094318504092071306 0.29754045759777498
v 0.29201491080561998 -0.094318504092071306 0.39074454659916602
v 0.29201491080561998 -0.094318504092071306 0.40938536439944401
v 0.29201491080561998 -0.075677686291793098 0.055209826194158901
v 0.29201491080561998 -0.075677686291793098 0.073850643994437096
v 0.29201491080561998 -0.075677686291793098 0.092491461794715193
v 0.29201491080561998 -0.075677686291793098 0.111132279594993
v 0.29201491080561998 -0.075677686291793098 0.12977309739527201
v 0.29201491080561998 -0.075677686291793098 0.14841391519555
v 0.29201491080561998 -0.075677686291793098 0.16705473299582799
v 0.29201491080561998 -0.075677686291793098 0.185695550796106
v 0.29201491080561998 -0.075677686291793098 0.20433636859638399
v 0.29201491080561998 -0.075677686291793098 0.222977186396662
v 0.29201491080561998 -0.075677686291793098 0.24161800419693999
v 0.29201491080561998 -0.075677686291793098 0.260258821997219
v 0.29201491080561998 -0.075677686291793098 0.27889963979749699
v 0.29201491080561998 -0.075677686291793098 0.29754045759777498
v 0.27337409300534199 -0.075677686291793098 0.036569008393880803
v 0.29201491080561998 -0.075677686291793098 0.036569008393880803
v 0.29201491080561998 -0.057036868491515 0.036569008393880803
v 0.29201491080561998 -0.057036868491515 0.055209826194158901
v 0.29201491080561998 -0.057036868491515 0.073850643994437096
v 0.29201491080561998 -0.057036868491515 0.092491461794715193
v 0.29201491080561998 -0.057036868491515 0.111132279594993
v 0.29201491080561998 -0.057036868491515 0.12977309739527201
v 0.29201491080561998 -0.057036868491515 0.14841391519555
v 0.29201491080561998 -0.057036868491515 0.16705473299582799
v 0.29201491080561998 -0.057036868491515 0.185695550796106
v 0.29201491080561998 -0.057036868491515 0.222977186396662
v 0.29201491080561998 -0.057036868491515 0.24161800419693999
v 0.29201491080561998 -0.057036868491515 0.260258821997219
v 0.29201491080561998 -0.057036868491515 0.27889963979749699
v 0.29201491080561998 -0.057036868491515 0.29754045759777498
v 0.29201491080561998 -0.038396050691236798 0.036569008393880803
v 0.29201491080561998 -0.038396050691236798 0.055209826194158901
v 0.29201491080561998 -0.038396050691236798 0.073850643994437096
v 0.29201491080561998 -0.038396050691236798 0.092491461794715193
v 0.29201491080561998 -0.038396050691236798 0.111132279594993
v 0.29201491080561998 -0.038396050691236798 0.12977309739527201
v 0.29201491080561998 -0.038396050691236798 0.14841391519555
v 0.29201491080561998 -0.038396050691236798 0.16705473299582799
v 0.29201491080561998 -0.038396050691236798 0.185695550796106
v 0.29201491080561998 -0.057036868491515 0.20433636859638399
v 0.29201491080561998 -0.038396050691236798 0.20433636859638399
v 0.29201491080561998 -0.038396050691236798 0.222977186396662
v 0.29201491080561998 -0.038396050691236798 0.24161800419693999
v 0.29201491080561998 -0.038396050691236798 0.260258821997219
v 0.29201491080561998 -0.038396050691236798 0.27889963979749699
v 0.29201491080561998 -0.038396050691236798 0.29754045759777498
v 0.29201491080561998 -0.0197552328909587 0.036569008393880803
v 0.29201491080561998 -0.0197552328909587 0.055209826194158901
v 0.29201491080561998 -0.0197552328909587 0.073850643994437096
v 0.29201491080561998 -0.0197552328909587 0.092491461794715193
v 0.29201491080561998 -0.0197552328909587 0.111132279594993
v 0.29201491080561998 -0.0197552328909587 0.12977309739527201
v 0.29201491080561998 -0.0197552328909587 0.14841391519555
v 0.29201491080561998 -0.0197552328909587 0.16705473299582799
v 0.29201491080561998 -0.0197552328909587 0.185695550796106
v 0.29201491080561998 -0.0197552328909587 0.20433636859638399
v 0.29201491080561998 -0.0197552328909587 0.222977186396662
v 0.29201491080561998 -0.0197552328909587 0.24161800419693999
v 0.29201491080561998 -0.0197552328909587 0.260258821997219
v 0.29201491080561998 -0.0197552328909587 0.27889963979749699
v 0.29201491080561998 -0.0197552328909587 0.29754045759777498
v 0.29201491080561998 -0.038396050691236798 0.31618127539805302
v 0.29201491080561998 -0.0197552328909587 0.31618127539805302
v 0.29201491080561998 -0.038396050691236798 0.33482209319833101
v 0.29201491080561998 -0.0197552328909587 0.33482209319833101
v 0.29201491080561998 -0.038396050691236798 0.35346291099860899
v 0.29201491080561998 -0.0197552328909587 0.35346291099860899
v 0.29201491080561998 -0.0011144150906804999 0.055209826194158901
v 0.29201491080561998 -0.0011144150906804999 0.073850643994437096
v 0.29201491080561998 -0.0011144150906804999 0.12977309739527201
v 0.29201491080561998 -0.0011144150906804999 0.14841391519555
v 0.29201491080561998 -0.0011144150906804999 0.16705473299582799
v 0.29201491080561998 -0.0011144150906804999 0.185695550796106
v 0.29201491080561998 -0.0011144150906804999 0.20433636859638399
v 0.29201491080561998 -0.0011144150906804999 0.222977186396662
v 0.29201491080561998 -0.0011144150906804999 0.24161800419693999
v 0.29201491080561998 -0.0011144150906804999 0.260258821997219
v 0.29201491080561998 -0.0011144150906804999 0.27889963979749699
v 0.29201491080561998 -0.0011144150906804999 0.29754045759777498
v 0.29201491080561998 -0.0011144150906804999 0.31618127539805302
v 0.29201491080561998 -0.0011144150906804999 0.33482209319833101
v 0.29201491080561998 -0.0011144150906804999 0.35346291099860899
v 0.29201491080561998 -0.0197552328909587 0.37210372879888698
v 0.29201491080561998 -0.0011144150906804999 0.37210372879888698
v 0.29201491080561998 0.0175264027095977 0.14841391519555
v 0.29201491080561998 0.0175264027095977 0.16705473299582799
v 0.29201491080561998 0.0175264027095977 0.185695550796106
v 0.29201491080561998 0.0175264027095977 0.20433636859638399
v 0.29201491080561998 0.0175264027095977 0.222977186396662
v 0.29201491080561998 0.0175264027095977 0.24161800419693999
v 0.29201491080561998 0.0175264027095977 0.260258821997219
v 0.29201491080561998 0.0175264027095977 0.27889963979749699
v 0.29201491080561998 0.0175264027095977 0.29754045759777498
v 0.29201491080561998 0.0175264027095977 0.31618127539805302
v 0.29201491080561998 0.0175264027095977 0.33482209319833101
v 0.29201491080561998 0.0175264027095977 0.35346291099860899
v 0.29201491080561998 0.0175264027095977 0.37210372879888698
v 0.29201491080561998 0.036167220509875801 0.16705473299582799
v 0.29201491080561998 0.036167220509875801 0.185695550796106
v 0.29201491080561998 0.036167220509875801 0.20433636859638399
v 0.29201491080561998 0.036167220509875801 0.222977186396662
v 0.29201491080561998 0.036167220509875801 0.24161800419693999
v 0.29201491080561998 0.036167220509875801 0.29754045759777498
v 0.29201491080561998 0.036167220509875801 0.31618127539805302
v 0.29201491080561998 0.036167220509875801 0.33482209319833101
v 0.29201491080561998 0.036167220509875801 0.35346291099860899
v 0.29201491080561998 0.036167220509875801 0.37210372879888698
v 0.29201491080561998 0.054808038310153899 0.29754045759777498
v 0.29201491080561998 0.054808038310153899 0.31618127539805302
v 0.29201491080561998 0.054808038310153899 0.33482209319833101
v 0.29201491080561998 0.054808038310153899 0.35346291099860899
v 0.29201491080561998 0.054808038310153899 0.37210372879888698
v 0.29201491080561998 0.22257539851265701 0.14841391519555
v 0.29201491080561998 0.24121621631293499 0.14841391519555
v 0.29201491080561998 0.22257539851265701 0.16705473299582799
v 0.29201491080561998 0.24121621631293499 0.16705473299582799
v 0.29201491080561998 0.22257539851265701 0.185695550796106
v 0.29201491080561998 0.24121621631293499 0.185695550796106
v 0.29201491080561998 0.22257539851265701 0.20433636859638399
v 0.29201491080561998 0.24121621631293499 0.20433636859638399
v 0.29201491080561998 0.22257539851265701 0.222977186396662
v 0.29201491080561998 0.24121621631293499 0.222977186396662
v 0.29201491080561998 0.22257539851265701 0.24161800419693999
v 0.29201491080561998 0.24121621631293499 0.24161800419693999
v 0.29201491080561998 0.22257539851265701 0.33482209319833101
v 0.29201491080561998 0.24121621631293499 0.33482209319833101
v 0.29201491080561998 0.22257539851265701 0.35346291099860899
v 0.29201491080561998 0.24121621631293499 0.35346291099860899
v 0.29201491080561998 0.24121621631293499 0.12977309739527201
v 0.29201491080561998 0.25985703411321398 0.12977309739527201
v 0.29201491080561998 0.25985703411321398 0.14841391519555
v 0.29201491080561998 0.25985703411321398 0.16705473299582799
v 0.29201491080561998 0.25985703411321398 0.185695550796106
v 0.29201491080561998 0.25985703411321398 0.20433636859638399
v 0.29201491080561998 0.25985703411321398 0.222977186396662
v 0.29201491080561998 0.25985703411321398 0.24161800419693999
v 0.29201491080561998 0.24121621631293499 0.260258821997219
v 0.29201491080561998 0.25985703411321398 0.260258821997219
v 0.29201491080561998 0.24121621631293499 0.29754045759777498
v 0.29201491080561998 0.25985703411321398 0.29754045759777498
v 0.29201491080561998 0.24121621631293499 0.31618127539805302
v 0.29201491080561998 0.25985703411321398 0.31618127539805302
v 0.29201491080561998 0.25985703411321398 0.33482209319833101
v 0.29201491080561998 0.25985703411321398 0.35346291099860899
v 0.29201491080561998 0.27849785191349202 0.12977309739527201
v 0.29201491080561998 0.27849785191349202 0.14841391519555
v 0.29201491080561998 0.27849785191349202 0.16705473299582799
v 0.29201491080561998 0.27849785191349202 0.185695550796106
v 0.29201491080561998 0.27849785191349202 0.20433636859638399
v 0.29201491080561998 0.27849785191349202 0.222977186396662
v 0.29201491080561998 0.27849785191349202 0.24161800419693999
v 0.29201491080561998 0.27849785191349202 0.260258821997219
v 0.29201491080561998 0.25985703411321398 0.27889963979749699
v 0.29201491080561998 0.27849785191349202 0.27889963979749699
v 0.29201491080561998 0.27849785191349202 0.31618127539805302
v 0.29201491080561998 0.27849785191349202 0.33482209319833101
v 0.29201491080561998 0.27849785191349202 0.35346291099860899
v 0.29201491080561998 0.27849785191349202 -0.00071262720667553104
v 0.29201491080561998 0.29713866971377001 -0.00071262720667553104
v 0.29201491080561998 0.27849785191349202 0.017928190593602601
v 0.29201491080561998 0.29713866971377001 0.017928190593602601
v 0.29201491080561998 0.29713866971377001 0.12977309739527201
v 0.29201491080561998 0.29713866971377001 0.14841391519555
v 0.29201491080561998 0.29713866971377001 0.16705473299582799
v 0.29201491080561998 0.29713866971377001 0.185695550796106
v 0.29201491080561998 0.29713866971377001 0.20433636859638399
v 0.29201491080561998 0.29713866971377001 0.222977186396662
v 0.29201491080561998 0.29713866971377001 0.24161800419693999
v 0.29201491080561998 0.29713866971377001 0.260258821997219
v 0.29201491080561998 0.29713866971377001 0.27889963979749699
v 0.29201491080561998 0.27849785191349202 0.29754045759777498
v 0.29201491080561998 0.29713866971377001 0.29754045759777498
v 0.29201491080561998 0.315779487514048 0.12977309739527201
v 0.29201491080561998 0.315779487514048 0.14841391519555
v 0.29201491080561998 0.315779487514048 0.16705473299582799
v 0.29201491080561998 0.315779487514048 0.185695550796106
v 0.29201491080561998 0.315779487514048 0.20433636859638399
v 0.29201491080561998 0.315779487514048 0.222977186396662
v 0.29201491080561998 0.315779487514048 0.24161800419693999
v 0.29201491080561998 0.315779487514048 0.260258821997219
v 0.29201491080561998 0.315779487514048 0.27889963979749699
v 0.29201491080561998 0.315779487514048 0.29754045759777498
v 0.29201491080561998 0.29713866971377001 0.31618127539805302
v 0.29201491080561998 0.315779487514048 0.31618127539805302
v 0.29201491080561998 0.33442030531432598 0.14841391519555
v 0.29201491080561998 0.33442030531432598 0.16705473299582799
v 0.29201491080561998 0.33442030531432598 0.185695550796106
v 0.29201491080561998 0.33442030531432598 0.20433636859638399
v 0.29201491080561998 0.33442030531432598 0.222977186396662
v 0.29201491080561998 0.33442030531432598 0.24161800419693999
v 0.29201491080561998 0.33442030531432598 0.27889963979749699
v 0.29201491080561998 0.33442030531432598 0.29754045759777498
v 0.29201491080561998 0.33442030531432598 0.31618127539805302
v 0.29201491080561998 0.35306112311460403 0.14841391519555
v 0.29201491080561998 0.35306112311460403 0.16705473299582799
v 0.29201491080561998 0.35306112311460403 0.185695550796106
v 0.29201491080561998 0.35306112311460403 0.20433636859638399
v 0.29201491080561998 0.35306112311460403 0.222977186396662
v 0.29201491080561998 0.35306112311460403 0.24161800419693999
v 0.29201491080561998 0.33442030531432598 0.260258821997219
v 0.29201491080561998 0.35306112311460403 0.260258821997219
v 0.29201491080561998 0.35306112311460403 0.27889963979749699
v 0.29201491080561998 0.35306112311460403 0.29754045759777498
v 0.29201491080561998 0.35306112311460403 0.31618127539805302
v 0.29201491080561998 0.33442030531432598 0.33482209319833101
v 0.29201491080561998 0.35306112311460403 0.33482209319833101
v 0.29201491080561998 0.37170194091488301 0.16705473299582799
v 0.29201491080561998 0.37170194091488301 0.185695550796106
v 0.29201491080561998 0.37170194091488301 0.20433636859638399
v 0.29201491080561998 0.37170194091488301 0.222977186396662
v 0.29201491080561998 0.37170194091488301 0.24161800419693999
v 0.29201491080561998 0.37170194091488301 0.260258821997219
v 0.29201491080561998 0.37170194091488301 0.27889963979749699
v 0.29201491080561998 0.37170194091488301 0.29754045759777498
v 0.29201491080561998 0.37170194091488301 0.31618127539805302
v 0.29201491080561998 0.37170194091488301 0.33482209319833101
v 0.29201491080561998 0.37170194091488301 0.12977309739527201
v 0.29201491080561998 0.390342758715161 0.12977309739527201
v 0.29201491080561998 0.37170194091488301 0.14841391519555
v 0.29201491080561998 0.390342758715161 0.14841391519555
v 0.29201491080561998 0.390342758715161 0.16705473299582799
v 0.29201491080561998 0.390342758715161 0.185695550796106
v 0.29201491080561998 0.390342758715161 0.20433636859638399
v 0.29201491080561998 0.390342758715161 0.222977186396662
v 0.29201491080561998 0.390342758715161 0.24161800419693999
v 0.29201491080561998 0.390342758715161 0.260258821997219
v 0.29201491080561998 0.390342758715161 0.27889963979749699
v 0.29201491080561998 0.390342758715161 0.29754045759777498
v 0.29201491080561998 0.390342758715161 0.31618127539805302
v 0.29201491080561998 0.390342758715161 0.33482209319833101
v 0.29201491080561998 0.37170194091488301 0.35346291099860899
v 0.29201491080561998 0.390342758715161 0.35346291099860899
v 0.29201491080561998 0.390342758715161 0.111132279594993
v 0.29201491080561998 0.40898357651543898 0.111132279594993
v 0.29201491080561998 0.40898357651543898 0.12977309739527201
v 0.29201491080561998 0.40898357651543898 0.14841391519555
v 0.29201491080561998 0.40898357651543898 0.16705473299582799
v 0.29201491080561998 0.40898357651543898 0.185695550796106
v 0.29201491080561998 0.40898357651543898 0.20433636859638399
v 0.29201491080561998 0.40898357651543898 0.222977186396662
v 0.29201491080561998 0.40898357651543898 0.24161800419693999
v 0.29201491080561998 0.40898357651543898 0.260258821997219
v 0.29201491080561998 0.40898357651543898 0.27889963979749699
v 0.29201491080561998 0.40898357651543898 0.29754045759777498
v 0.29201491080561998 0.40898357651543898 0.31618127539805302
v 0.29201491080561998 0.40898357651543898 0.33482209319833101
v 0.29201491080561998 0.40898357651543898 0.35346291099860899
v 0.29201491080561998 0.42762439431571703 0.12977309739527201
v 0.29201491080561998 0.42762439431571703 0.14841391519555
v 0.29201491080561998 0.42762439431571703 0.16705473299582799
v 0.29201491080561998 0.42762439431571703 0.185695550796106
v 0.29201491080561998 0.42762439431571703 0.20433636859638399
v 0.29201491080561998 0.42762439431571703 0.222977186396662
v 0.29201491080561998 0.42762439431571703 0.24161800419693999
v 0.29201491080561998 0.42762439431571703 0.260258821997219
v 0.29201491080561998 0.42762439431571703 0.27889963979749699
v 0.29201491080561998 0.42762439431571703 0.29754045759777498
v 0.29201491080561998 0.42762439431571703 0.31618127539805302
v 0.29201491080561998 0.42762439431571703 0.33482209319833101
v 0.29201491080561998 0.42762439431571703 0.35346291099860899
v 0.29201491080561998 0.44626521211599501 0.14841391519555
v 0.29201491080561998 0.44626521211599501 0.16705473299582799
v 0.29201491080561998 0.44626521211599501 0.185695550796106
v 0.29201491080561998 0.44626521211599501 0.20433636859638399
v 0.29201491080561998 0.44626521211599501 0.222977186396662
v 0.29201491080561998 0.44626521211599501 0.24161800419693999
v 0.29201491080561998 0.44626521211599501 0.260258821997219
v 0.29201491080561998 0.44626521211599501 0.27889963979749699
v 0.29201491080561998 0.44626521211599501 0.29754045759777498
v 0.29201491080561998 0.44626521211599501 0.31618127539805302
v 0.29201491080561998 0.44626521211599501 0.33482209319833101
v 0.29201491080561998 0.464906029916273 0.16705473299582799
v 0.29201491080561998 0.464906029916273 0.185695550796106
v 0.29201491080561998 0.464906029916273 0.20433636859638399
v 0.29201491080561998 0.464906029916273 0.222977186396662
v 0.29201491080561998 0.464906029916273 0.24161800419693999
v 0.29201491080561998 0.464906029916273 0.260258821997219
v 0.29201491080561998 0.464906029916273 0.27889963979749699
v 0.29201491080561998 0.464906029916273 0.29754045759777498
v 0.29201491080561998 0.464906029916273 0.31618127539805302
v 0.29201491080561998 0.48354684771655099 0.185695550796106
v 0.27337409300534199 0.48354684771655099 0.185695550796106
v 0.29201491080561998 0.48354684771655099 0.20433636859638399
v 0.29201491080561998 0.48354684771655099 0.222977186396662
v 0.29201491080561998 0.48354684771655099 0.24161800419693999
f 11608 12018 12027
f 12027 11617 11608
f 12011 12021 12022
f 12022 12012 12011
f 11611 11612 12022
f 12022 12021 11611
f 11600 12012 12022
f 12022 11612 11600
f 11609 11610 12020
f 12020 12019 11609
f 12008 12018 12019
f 12019 12009 12008
f 11608 11609 12019
f 12019 12018 11608
f 12007 12017 12018
f 12018 12008 12007
f 12006 12016 12017
f 12017 12007 12006
f 12004 12014 12015
f 12015 12005 12004
f 11603 11605 12015
f 12015 12014 11603
f 11592 11603 12014
f 12014 12004 11592
f 11600 11601 12013
f 12013 12012 11600
f 11588 12001 12013
f 12013 11601 11588
f 11998 12010 12011
f 12011 11999 11998
f 11995 12007 12008
f 12008 11996 11995
f 11994 12006 12007
f 12007 11995 11994
f 11993 12005 12006
f 12006 11994 11993
f 11590 11592 12004
f 12004 12003 11590
f 11578 11590 12003
f 12003 11991 11578
f 11988 12001 12002
f 12002 11989 11988
f 11588 11589 12002
f 12002 12001 11588
f 11575 11989 12002
f 12002 11589 11575
f 11987 12000 12001
f 12001 11988 11987
f 11986 11999 12000
f 12000 11987 11986
f 11985 11998 11999
f 11999 11986 11985
f 11984 11997 11998
f 11998 11985 11984
f 11983 11996 11997
f 11997 11984 11983
f 11981 11994 11995
f 11995 11982 11981
f 11979 11992 11993
f 11993 11980 11979
f 11972 11988 11989
f 11989 11974 11972
f 11560 11974 11989
f 11989 11575 11560
f 11971 11987 11988
f 11988 11972 11971
f 11969 11985 11986
f 11986 11970 11969
f 11968 11984 11985
f 11985 11969 11968
f 11966 11982 11983
f 11983 11967 11966
f 11965 11981 11982
f 11982 11966 11965
f 11964 11980 11981
f 11981 11965 11964
f 11962 11978 11979
f 11979 11963 11962
f 11960 11977 11978
f 11978 11962 11960
f 11561 11563 11977
f 11977 11976 11561
f 11958 11972 11974
f 11974 11973 11958
f 11543 11958 11973
f 11973 11544 11543
f 11544 11973 11974
f 11974 11560 11544
f 11957 11971 11972
f 11972 11958 11957
f 11955 11969 11970
f 11970 11956 11955
f 11952 11966 11967
f 11967 11953 11952
f 11951 11965 11966
f 11966 11952 11951
f 11950 11964 11965
f 11965 11951 11950
f 11949 11961 11962
f 11962 11963 11949
f 11533 11961 11949
f 11949 11534 11533
f 11959 11960 11962
f 11962 11961 11959
f 11532 11548 11960
f 11960 11959 11532
f 11527 11948 11958
f 11958 11543 11527
f 11943 11954 11955
f 11955 11944 11943
f 11940 11952 11953
f 11953 11941 11940
f 11939 11951 11952
f 11952 11940 11939
f 11938 11950 11951
f 11951 11939 11938
f 11518 11534 11949
f 11949 11937 11518
f 11933 11944 11945
f 11945 11934 11933
f 11510 11942 11933
f 11933 11511 11510
f 11510 11523 11943
f 11943 11942 11510
f 11931 11940 11941
f 11941 11932 11931
f 11509 11932 11941
f 11941 11522 11509
f 11928 11937 11938
f 11938 11929 11928
f 11927 11936 11937
f 11937 11928 11927
f 11517 11518 11937
f 11937 11936 11517
f 11504 11517 11936
f 11936 11927 11504
f 11924 11934 11935
f 11935 11926 11924
f 11502 11926 11935
f 11935 11513 11502
f 11923 11933 11934
f 11934 11924 11923
f 11500 11511 11933
f 11933 11923 11500
f 11498 11921 11932
f 11932 11509 11498
f 11919 11930 11931
f 11931 11920 11919
f 11916 11927 11928
f 11928 11917 11916
f 11483 11925 11926
f 11926 11502 11483
f 11499 11500 11923
f 11923 11922 11499
f 11910 11921 11922
f 11922 11911 11910
f 11498 11499 11922
f 11922 11921 11498
f 11909 11920 11921
f 11921 11910 11909
f 11908 11919 11920
f 11920 11909 11908
f 11906 11917 11918
f 11918 11907 11906
f 11905 11916 11917
f 11917 11906 11905
f 11904 11915 11916
f 11916 11905 11904
f 11473 11492 11915
f 11915 11904 11473
f 11896 11912 11914
f 11914 11913 11896
f 11459 11896 11913
f 11913 11460 11459
f 11893 11910 11911
f 11911 11894 11893
f 11891 11908 11909
f 11909 11892 11891
f 11456 11892 11909
f 11909 11478 11456
f 11890 11907 11908
f 11908 11891 11890
f 11887 11904 11905
f 11905 11888 11887
f 11451 11473 11904
f 11904 11887 11451
f 11466 11469 11903
f 11903 11901 11466
f 11465 11466 11901
f 11901 11900 11465
f 11462 11463 11899
f 11899 11898 11462
f 11449 11886 11899
f 11899 11463 11449
f 11884 11897 11898
f 11898 11885 11884
f 11461 11462 11898
f 11898 11897 11461
f 11447 11461 11897
f 11897 11884 11447
f 11444 11880 11895
f 11895 11445 11444
f 11445 11895 11896
f 11896 11459 11445
f 11877 11892 11893
f 11893 11878 11877
f 11456 11457 11893
f 11893 11892 11456
f 11872 11887 11888
f 11888 11873 11872
f 11434 11870 11886
f 11886 11449 11434
f 11868 11883 11884
f 11884 11885 11868
f 11432 11883 11868
f 11868 11433 11432
f 11446 11447 11884
f 11884 11882 11446
f 11431 11881 11883
f 11883 11432 11431
f 11431 11446 11882
f 11882 11881 11431
f 11866 11878 11880
f 11880 11879 11866
f 11864 11877 11878
f 11878 11866 11864
f 11862 11876 11877
f 11877 11864 11862
f 11860 11875 11876
f 11876 11862 11860
f 11858 11874 11875
f 11875 11860 11858
f 11856 11873 11874
f 11874 11858 11856
f 11420 11871 11856
f 11856 11421 11420
f 11413 11433 11868
f 11868 11867 11413
f 11861 11862 11864
f 11864 11863 11861
f 11406 11861 11863
f 11863 11408 11406
f 11859 11860 11862
f 11862 11861 11859
f 11857 11858 11860
f 11860 11859 11857
f 11402 11857 11859
f 11859 11404 11402
f 11342 11849 11854
f 11854 11354 11342
f 11847 11852 11853
f 11853 11848 11847
f 11846 11851 11852
f 11852 11847 11846
f 11351 11352 11852
f 11852 11851 11351
f 11338 11350 11850
f 11850 11845 11338
f 11838 11848 11849
f 11849 11839 11838
f 11837 11847 11848
f 11848 11838 11837
f 11835 11845 11846
f 11846 11836 11835
f 11323 11338 11845
f 11845 11835 11323
f 11334 11335 11844
f 11844 11843 11334
f 11320 11832 11844
f 11844 11335 11320
f 11830 11842 11843
f 11843 11831 11830
f 11829 11841 11842
f 11842 11830 11829
f 11828 11840 11841
f 11841 11829 11828
f 11331 11332 11841
f 11841 11840 11331
f 11824 11838 11839
f 11839 11826 11824
f 11313 11826 11839
f 11839 11327 11313
f 11322 11323 11835
f 11835 11834 11322
f 11308 11820 11821
f 11821 11309 11308
f 11308 11322 11834
f 11834 11820 11308
f 11307 11819 11833
f 11833 11321 11307
f 11817 11831 11832
f 11832 11818 11817
f 11815 11829 11830
f 11830 11816 11815
f 11814 11828 11829
f 11829 11815 11814
f 11813 11827 11828
f 11828 11814 11813
f 11291 11809 11825
f 11825 11293 11291
f 11293 11825 11826
f 11826 11313 11293
f 11807 11823 11824
f 11824 11809 11807
f 11805 11822 11823
f 11823 11807 11805
f 11803 11821 11822
f 11822 11805 11803
f 11288 11803 11805
f 11805 11289 11288
f 11801 11819 11820
f 11820 11802 11801
f 11287 11802 11820
f 11820 11308 11287
f 11799 11817 11818
f 11818 11800 11799
f 11798 11816 11817
f 11817 11799 11798
f 11796 11814 11815
f 11815 11797 11796
f 11795 11813 11814
f 11814 11796 11795
f 11300 11301 11813
f 11813 11812 11300
f 11296 11297 11811
f 11811 11810 11296
f 11272 11808 11809
f 11809 11291 11272
f 11787 11802 11803
f 11803 11788 11787
f 11287 11288 11803
f 11803 11802 11287
f 11786 11801 11802
f 11802 11787 11786
f 11784 11799 11800
f 11800 11785 11784
f 11262 11783 11784
f 11784 11263 11262
f 11781 11797 11798
f 11798 11783 11781
f 11780 11796 11797
f 11797 11781 11780
f 11778 11794 11795
f 11795 11779 11778
f 11776 11792 11793
f 11793 11777 11776
f 11277 11278 11793
f 11793 11792 11277
f 11276 11277 11792
f 11792 11791 11276
f 11773 11789 11790
f 11790 11774 11773
f 11273 11275 11790
f 11790 11789 11273
f 11252 11273 11789
f 11789 11773 11252
f 11769 11785 11786
f 11786 11770 11769
f 11768 11784 11785
f 11785 11769 11768
f 11244 11263 11784
f 11784 11768 11244
f 11766 11780 11781
f 11781 11767 11766
f 11763 11777 11778
f 11778 11764 11763
f 11257 11258 11778
f 11778 11777 11257
f 11760 11774 11775
f 11775 11761 11760
f 11754 11770 11771
f 11771 11755 11754
f 11753 11769 11770
f 11770 11754 11753
f 11752 11768 11769
f 11769 11753 11752
f 11225 11244 11768
f 11768 11752 11225
f 11223 11750 11767
f 11767 11242 11223
f 11748 11765 11766
f 11766 11749 11748
f 11746 11763 11764
f 11764 11747 11746
f 11745 11762 11763
f 11763 11746 11745
f 11744 11761 11762
f 11762 11745 11744
f 11216 11235 11251
f 11251 11757 11216
f 11211 11740 11756
f 11756 11229 11211
f 11737 11753 11754
f 11754 11738 11737
f 11736 11752 11753
f 11753 11737 11736
f 11207 11736 11737
f 11737 11208 11207
f 11224 11225 11752
f 11752 11751 11224
f 11734 11750 11751
f 11751 11735 11734
f 11223 11224 11751
f 11751 11750 11223
f 11732 11748 11749
f 11749 11733 11732
f 11731 11747 11748
f 11748 11732 11731
f 11730 11746 11747
f 11747 11731 11730
f 11729 11745 11746
f 11746 11730 11729
f 11728 11744 11745
f 11745 11729 11728
f 11198 11216 11743
f 11743 11727 11198
f 11725 11741 11742
f 11742 11726 11725
f 11197 11726 11742
f 11742 11215 11197
f 11191 11722 11740
f 11740 11211 11191
f 11720 11738 11739
f 11739 11721 11720
f 11719 11737 11738
f 11738 11720 11719
f 11188 11208 11737
f 11737 11719 11188
f 11187 11718 11736
f 11736 11207 11187
f 11716 11734 11735
f 11735 11717 11716
f 11933 11942 11943
f 11943 11944 11933
f 11712 11730 11731
f 11731 11713 11712
f 11181 11712 11713
f 11713 11182 11181
f 11708 11728 11729
f 11729 11710 11708
f 11963 11979 11980
f 11980 11964 11963
f 11706 11727 11728
f 11728 11708 11706
f 11178 11198 11727
f 11727 11706 11178
f 11703 11725 11726
f 11726 11704 11703
f 11702 11724 11725
f 11725 11703 11702
f 11195 11196 11725
f 11725 11724 11195
f 11701 11723 11724
f 11724 11702 11701
f 11173 11194 11723
f 11723 11701 11173
f 11698 11721 11722
f 11722 11699 11698
f 11170 11699 11722
f 11722 11191 11170
f 11697 11720 11721
f 11721 11698 11697
f 11187 11188 11719
f 11719 11718 11187
f 11694 11717 11718
f 11718 11695 11694
f 11693 11716 11717
f 11717 11694 11693
f 11821 11835 11836
f 11836 11822 11821
f 11690 11713 11714
f 11714 11691 11690
f 11160 11711 11712
f 11712 11181 11160
f 11707 11708 11710
f 11710 11709 11707
f 11158 11707 11709
f 11709 11159 11158
f 11705 11706 11708
f 11708 11707 11705
f 11157 11705 11707
f 11707 11158 11157
f 11685 11703 11704
f 11704 11686 11685
f 11684 11702 11703
f 11703 11685 11684
f 11682 11700 11701
f 11701 11683 11682
f 11172 11173 11701
f 11701 11700 11172
f 11873 11888 11889
f 11889 11874 11873
f 11680 11698 11699
f 11699 11681 11680
f 11679 11697 11698
f 11698 11680 11679
f 11676 11694 11695
f 11695 11677 11676
f 11675 11693 11694
f 11694 11676 11675
f 11674 11692 11693
f 11693 11675 11674
f 11673 11689 11690
f 11690 11691 11673
f 11672 11686 11688
f 11688 11687 11672
f 11132 11687 11688
f 11688 11155 11132
f 11670 11684 11685
f 11685 11671 11670
f 11669 11683 11684
f 11684 11670 11669
f 11668 11682 11683
f 11683 11669 11668
f 11126 11150 11682
f 11682 11668 11126
f 11664 11679 11680
f 11680 11665 11664
f 11663 11678 11679
f 11679 11664 11663
f 11662 11677 11678
f 11678 11663 11662
f 11660 11675 11676
f 11676 11661 11660
f 11659 11674 11675
f 11675 11660 11659
f 11116 11140 11673
f 11673 11658 11116
f 11113 11656 11672
f 11672 11130 11113
f 11652 11670 11671
f 11671 11654 11652
f 11301 11315 11827
f 11827 11813 11301
f 11650 11667 11668
f 11668 11669 11650
f 11105 11126 11668
f 11668 11667 11105
f 11646 11665 11666
f 11666 11648 11646
f 11101 11648 11666
f 11666 11124 11101
f 11645 11664 11665
f 11665 11646 11645
f 11644 11663 11664
f 11664 11645 11644
f 11641 11660 11661
f 11661 11642 11641
f 11640 11659 11660
f 11660 11641 11640
f 11640 11657 11658
f 11658 11659 11640
f 11093 11657 11640
f 11640 11094 11093
f 11093 11116 11658
f 11658 11657 11093
f 11110 11653 11655
f 11655 11112 11110
f 11112 11655 11656
f 11656 11113 11112
f 11651 11652 11654
f 11654 11653 11651
f 11108 11651 11653
f 11653 11110 11108
f 11106 11649 11651
f 11651 11108 11106
f 11106 11107 11650
f 11650 11649 11106
f 11639 11646 11648
f 11648 11647 11639
f 11092 11647 11648
f 11648 11101 11092
f 11636 11644 11645
f 11645 11637 11636
f 11635 11643 11644
f 11644 11636 11635
f 11634 11642 11643
f 11643 11635 11634
f 11631 11640 11641
f 11641 11633 11631
f 11085 11094 11640
f 11640 11631 11085
f 11080 11629 11638
f 11638 11081 11080
f 11081 11638 11639
f 11639 11091 11081
f 11623 11634 11635
f 11635 11625 11623
f 11623 11632 11633
f 11633 11634 11623
f 11630 11631 11633
f 11633 11632 11630
f 11075 11630 11632
f 11632 11076 11075
f 11624 11625 11627
f 11627 11626 11624
f 11063 11622 11624
f 11624 11065 11063
f 11063 11077 11623
f 11623 11622 11063
f 11611 11620 11621
f 11621 11612 11611
f 11610 11619 11620
f 11620 11611 11610
f 11608 11617 11618
f 11618 11609 11608
f 11024 11025 11618
f 11618 11617 11024
f 11023 11024 11617
f 11617 11616 11023
f 11021 11023 11616
f 11616 11615 11021
f 11012 11021 11615
f 11615 11606 11012
f 11601 11613 11614
f 11614 11602 11601
f 11008 11602 11614
f 11614 11020 11008
f 11018 11019 11613
f 11613 11612 11018
f 11010 11012 11606
f 11606 11605 11010
f 11010 11605 11603
f 11603 11604 11010
f 10996 11604 11603
f 11603 11592 10996
f 11914 11924 11926
f 11926 11925 11914
f 10980 10982 10996
f 10996 11591 10980
f 10980 11591 11590
f 11590 11578 10980
f 10978 11575 11589
f 11589 10994 10978
f 10966 10967 10980
f 10980 11577 10966
f 10980 11578 11576
f 11576 11577 10980
f 10966 11577 11576
f 11576 11563 10966
f 10962 11560 11575
f 11575 10978 10962
f 10949 11562 11561
f 11561 11547 10949
f 10946 11544 11560
f 11560 10962 10946
f 11673 11691 11692
f 11692 11674 11673
f 11531 11547 11548
f 11548 11532 11531
f 10932 10947 11546
f 11546 11545 10932
f 11527 11543 11544
f 11544 11529 11527
f 10914 11530 11516
f 11516 10915 10914
f 10914 10933 11531
f 11531 11530 10914
f 11515 11527 11529
f 11529 11528 11515
f 10911 11515 11528
f 11528 10928 10911
f 10928 11528 11529
f 11529 10929 10928
f 11502 11513 11515
f 11515 11514 11502
f 11498 11509 11510
f 11510 11499 11498
f 11492 11503 11504
f 11504 11493 11492
f 10881 10900 11503
f 11503 11492 10881
f 10870 11483 11502
f 11502 10891 10870
f 10860 10881 11492
f 11492 11473 10860
f 11471 11489 11491
f 11491 11490 11471
f 10856 11471 11490
f 11490 10858 10856
f 10858 11490 11491
f 11491 10877 10858
f 10873 10875 11489
f 11489 11488 10873
f 11466 11486 11488
f 11488 11469 11466
f 10873 11488 11486
f 11486 11487 10873
f 11462 11484 11485
f 11485 11463 11462
f 10871 10872 11485
f 11485 11484 10871
f 11460 11482 11483
f 11483 11461 11460
f 11450 11472 11473
f 11473 11451 11450
f 10859 10860 11473
f 11473 11472 10859
f 10839 10859 11472
f 11472 11450 10839
f 10836 11468 11470
f 11470 10837 10836
f 10836 10854 11467
f 11467 11464 10836
f 11464 11467 11466
f 11466 11465 11464
f 10850 10851 11462
f 11462 11461 10850
f 11445 11459 11460
f 11460 11446 11445
f 10819 10839 11450
f 11450 11436 10819
f 10852 11435 11434
f 11434 11449 10852
f 11429 11444 11445
f 11445 11430 11429
f 10808 11429 11430
f 11430 10809 10808
f 10834 11414 11416
f 11416 11435 10834
f 10798 11412 10831
f 10831 10810 10798
f 11409 11430 11431
f 11431 11410 11409
f 10797 10809 11430
f 11430 11409 10797
f 11426 11427 11429
f 11429 11428 11426
f 10795 11408 11426
f 11426 10806 10795
f 11400 11419 11420
f 11420 11421 11400
f 11417 11418 11420
f 11420 11419 11417
f 10786 11417 11419
f 11419 10788 10786
f 10786 10799 11418
f 11418 11417 10786
f 11394 11396 11416
f 11416 11414 11394
f 11393 11413 11415
f 11415 11395 11393
f 11395 11415 11416
f 11416 11396 11395
f 11391 11411 11413
f 11413 11393 11391
f 10783 11392 11412
f 11412 10798 10783
f 11390 11410 11411
f 11411 11391 11390
f 11389 11409 11410
f 11410 11390 11389
f 11405 11406 11408
f 11408 11407 11405
f 10792 11405 11407
f 11407 10794 10792
f 11403 11404 11406
f 11406 11405 11403
f 10780 11403 11405
f 11405 10792 10780
f 11401 11402 11404
f 11404 11403 11401
f 10778 11401 11403
f 11403 10780 10778
f 10776 10789 11400
f 11400 11399 10776
f 11385 11387 11398
f 11398 11396 11385
f 11384 11395 11397
f 11397 11386 11384
f 11395 11396 11398
f 11398 11397 11395
f 10769 10773 11392
f 11392 10783 10769
f 10781 10782 11389
f 11389 11388 10781
f 10761 10781 11388
f 11388 11375 10761
f 11368 11384 11386
f 11386 11372 11368
f 11372 11386 11387
f 11387 11373 11372
f 11369 11385 11383
f 11383 11380 11369
f 11368 11369 11380
f 11380 11381 11368
f 10772 11380 11383
f 11383 10773 10772
f 11365 11379 11382
f 11382 11381 11365
f 11362 11378 11379
f 11379 11365 11362
f 11362 11376 11377
f 11377 11378 11362
f 11374 11375 11377
f 11377 11376 11374
f 10760 11374 11376
f 11376 10764 10760
f 11366 11369 11368
f 11368 11367 11366
f 10768 11360 11363
f 11363 10772 10768
f 11361 11362 11365
f 11365 11364 11361
f 11360 11361 11364
f 11364 11363 11360
f 10772 11363 11364
f 11364 11365 10772
f 11352 11358 11359
f 11359 11353 11352
f 10756 10757 11359
f 11359 11358 10756
f 10747 11353 11359
f 11359 10757 10747
f 11351 11357 11358
f 11358 11352 11351
f 10755 10756 11358
f 11358 11357 10755
f 10747 11355 11354
f 11354 11353 10747
f 11337 11349 11350
f 11350 11338 11337
f 10743 10744 11350
f 11350 11349 10743
f 10729 10743 11349
f 11349 11337 10729
f 11334 11347 11348
f 11348 11335 11334
f 10740 10741 11348
f 11348 11347 10740
f 11333 11346 11347
f 11347 11334 11333
f 10738 10739 11346
f 11346 11345 10738
f 10737 10738 11345
f 11345 11344 10737
f 10723 10737 11344
f 11344 11331 10723
f 11327 11342 11343
f 11343 11328 11327
f 11322 11337 11338
f 11338 11323 11322
f 11321 11336 11337
f 11337 11322 11321
f 10728 10729 11337
f 11337 11336 10728
f 10727 10728 11336
f 11336 11335 10727
f 11314 11329 11330
f 11330 11315 11314
f 10721 10722 11330
f 11330 11329 10721
f 10706 10721 11329
f 11329 11314 10706
f 11307 11321 11322
f 11322 11308 11307
f 10688 10706 11314
f 11314 11300 10688
f 11610 11611 12021
f 12021 12020 11610
f 10683 11293 11313
f 11313 10701 10683
f 11278 11299 11300
f 11300 11279 11278
f 11277 11298 11299
f 11299 11278 11277
f 10685 10686 11298
f 11298 11297 10685
f 10684 10685 11297
f 11297 11296 10684
f 10684 11296 11294
f 11294 11295 10684
f 10663 11272 11292
f 11292 10665 10663
f 10665 11292 11293
f 11293 10683 10665
f 11267 11288 11289
f 11289 11268 11267
f 11257 11278 11279
f 11279 11258 11257
f 10644 11269 11271
f 11271 10646 10644
f 10646 11271 11272
f 11272 10663 10646
f 10642 11249 11269
f 11269 10644 10642
f 11243 11262 11263
f 11263 11244 11243
f 10628 11250 11251
f 11251 11235 10628
f 11250 11253 11252
f 11252 11251 11250
f 11229 11248 11249
f 11249 11230 11229
f 11224 11243 11244
f 11244 11225 11224
f 11223 11242 11243
f 11243 11224 11223
f 11231 11232 11234
f 11234 11233 11231
f 10611 11215 11233
f 11233 11234 10611
f 10608 11212 11230
f 11230 10627 10608
f 10590 10609 11213
f 11213 11195 10590
f 11191 11211 11212
f 11212 11192 11191
f 11187 11207 11208
f 11208 11188 11187
f 10572 10593 11198
f 11198 11178 10572
f 10570 11176 11197
f 11197 10592 10570
f 10589 10590 11195
f 11195 11194 10589
f 11320 11321 11833
f 11833 11832 11320
f 10588 10589 11194
f 11194 11193 10588
f 10566 10588 11193
f 11193 11172 10566
f 11997 12009 12010
f 12010 11998 11997
f 11154 11176 11177
f 11177 11155 11154
f 10570 10571 11177
f 11177 11176 10570
f 10547 11155 11177
f 11177 10571 10547
f 11149 11171 11172
f 11172 11150 11149
f 11248 11772 11788
f 11788 11267 11248
f 11138 11160 11161
f 11161 11139 11138
f 10528 10549 11156
f 11156 11134 10528
f 10549 10550 11157
f 11157 11156 10549
f 10527 11132 11155
f 11155 10547 10527
f 11125 11149 11150
f 11150 11126 11125
f 11124 11148 11149
f 11149 11125 11124
f 11115 11139 11140
f 11140 11116 11115
f 10511 10531 11139
f 11139 11115 10511
f 10510 11137 11138
f 11138 10530 10510
f 11133 11134 11136
f 11136 11135 11133
f 10508 10528 11134
f 11134 11133 10508
f 10504 11113 11131
f 11131 10507 10504
f 10507 11131 11132
f 11132 10527 10507
f 11103 11125 11126
f 11126 11105 11103
f 10494 11103 11105
f 11105 10496 10494
f 11101 11124 11125
f 11125 11103 11101
f 11855 11856 11858
f 11858 11857 11855
f 11093 11114 11115
f 11115 11116 11093
f 10484 10511 11115
f 11115 11114 10484
f 11352 11353 11853
f 11853 11852 11352
f 10501 11110 11112
f 11112 10503 10501
f 10503 11112 11113
f 11113 10504 10503
f 10499 11108 11110
f 11110 10501 10499
f 10497 11106 11108
f 11108 10499 10497
f 10495 11104 11106
f 11106 10497 10495
f 11092 11101 11103
f 11103 11102 11092
f 10479 11092 11102
f 11102 10480 10479
f 11084 11093 11094
f 11094 11085 11084
f 11074 11084 11085
f 11085 11075 11074
f 10456 10471 11084
f 11084 11074 10456
f 11071 11081 11083
f 11083 11082 11071
f 10451 11082 11083
f 11083 10464 10451
f 11061 11076 11077
f 11077 11063 11061
f 11059 11075 11076
f 11076 11061 11059
f 10442 11059 11061
f 11061 10443 10442
f 11057 11074 11075
f 11075 11059 11057
f 11056 11073 11074
f 11074 11057 11056
f 10455 10456 11074
f 11074 11073 10455
f 10454 10455 11073
f 11073 11072 10454
f 10438 10454 11072
f 11072 11055 10438
f 11068 11069 11071
f 11071 11070 11068
f 10432 11068 11070
f 11070 10448 10432
f 10430 11066 11068
f 11068 10432 10430
f 11064 11065 11067
f 11067 11066 11064
f 10426 11062 11064
f 11064 10428 10426
f 11060 11061 11063
f 11063 11062 11060
f 10424 11060 11062
f 11062 10426 10424
f 10424 10443 11061
f 11061 11060 10424
f 11052 11057 11059
f 11059 11058 11052
f 10441 11058 11059
f 11059 10442 10441
f 11051 11056 11057
f 11057 11052 11051
f 11049 11054 11055
f 11055 11050 11049
f 10437 10438 11055
f 11055 11054 10437
f 11048 11053 11054
f 11054 11049 11048
f 10435 10437 11054
f 11054 11053 10435
f 11044 11051 11052
f 11052 11046 11044
f 10412 11046 11052
f 11052 10422 10412
f 11040 11048 11049
f 11049 11041 11040
f 11038 11047 11048
f 11048 11040 11038
f 10414 10416 11048
f 11048 11047 10414
f 10396 10414 11047
f 11047 11038 10396
f 10407 11043 11045
f 11045 10411 10407
f 10411 11045 11046
f 11046 10412 10411
f 11036 11042 11044
f 11044 11043 11036
f 10404 11036 11043
f 11043 10407 10404
f 11033 11039 11040
f 11040 11041 11033
f 10399 11039 11033
f 11033 10402 10399
f 10395 11037 11039
f 11039 10399 10395
f 10402 11031 11034
f 11034 10404 10402
f 11032 11033 11036
f 11036 11035 11032
f 11031 11032 11035
f 11035 11034 11031
f 10404 11034 11035
f 11035 11036 10404
f 10402 11033 11032
f 11032 11031 10402
f 11019 11029 11030
f 11030 11020 11019
f 10385 10386 11030
f 11030 11029 10385
f 10383 10384 11028
f 11028 11027 10383
f 10382 10383 11027
f 11027 11026 10382
f 11332 11345 11346
f 11346 11333 11332
f 10381 10382 11026
f 11026 11025 10381
f 10380 10381 11025
f 11025 11024 10380
f 10368 10369 10378
f 10378 11022 10368
f 10378 11023 11021
f 11021 11022 10378
f 10368 11022 11021
f 11021 11012 10368
f 10366 11008 11020
f 11020 10376 10366
f 10358 10368 11011
f 11011 10999 10358
f 10368 11012 11010
f 11010 11011 10368
f 10994 11008 11009
f 11009 10995 10994
f 10366 10367 11009
f 11009 11008 10366
f 10346 10358 10999
f 10999 10985 10346
f 10982 10983 10997
f 10997 10996 10982
f 10978 10994 10995
f 10995 10979 10978
f 10345 10979 10995
f 10995 10357 10345
f 10330 10332 10985
f 10985 10983 10330
f 10328 10330 10983
f 10983 10981 10328
f 10980 10981 10983
f 10983 10982 10980
f 10344 10965 10979
f 10979 10345 10344
f 10357 10995 11009
f 11009 10367 10357
f 10530 11138 11139
f 11139 10531 10530
f 11275 11296 11810
f 11810 11790 11275
f 10326 10328 10967
f 10967 10966 10326
f 10310 10963 10344
f 10344 10325 10310
f 10946 10962 10965
f 10965 10964 10946
f 10310 10946 10964
f 10964 10963 10310
f 10344 10963 10964
f 10964 10965 10344
f 11633 11641 11642
f 11642 11634 11633
f 10294 10948 10947
f 10947 10932 10294
f 10913 10932 10933
f 10933 10914 10913
f 10912 10930 10932
f 10932 10913 10912
f 10294 10932 10930
f 10930 10931 10294
f 10275 10927 10309
f 10309 10293 10275
f 10275 10911 10928
f 10928 10927 10275
f 10309 10927 10928
f 10928 10929 10309
f 11516 11532 11533
f 11533 11517 11516
f 10898 10913 10914
f 10914 10899 10898
f 10896 10912 10913
f 10913 10898 10896
f 10274 10892 10911
f 10911 10275 10274
f 2656 2657 2918
f 2918 2917 2656
f 320 516 518
f 518 327 320
f 10880 10899 10900
f 10900 10881 10880
f 10116 10128 10129
f 10129 10117 10116
f 2578 2848 2847
f 2847 2844 2578
f 10245 10897 10880
f 10880 10246 10245
f 10238 10239 10274
f 10274 10257 10238
f 10870 10891 10892
f 10892 10871 10870
f 84 85 89
f 89 254 84
f 10227 10246 10880
f 10880 10859 10227
f 10858 10877 10879
f 10879 10878 10858
f 850 863 1029
f 1029 1028 850
f 10225 10878 10879
f 10879 10244 10225
f 10222 10876 10874
f 10874 10855 10222
f 10239 10240 10872
f 10872 10871 10239
f 10221 10853 10872
f 10872 10240 10221
f 10850 10870 10871
f 10871 10851 10850
f 10471 10485 11093
f 11093 11084 10471
f 11797 11815 11816
f 11816 11798 11797
f 4830 4831 4835
f 4835 4834 4830
f 9795 9812 10436
f 10436 10417 9795
f 1406 1413 1416
f 1416 1412 1406
f 10205 10227 10859
f 10859 10839 10205
f 10837 10856 10858
f 10858 10857 10837
f 10196 10199 10222
f 10222 10855 10196
f 10196 10855 10854
f 10854 10836 10196
f 3518 3825 3527
f 3527 3519 3518
f 10818 10838 10839
f 10839 10819 10818
f 10204 10205 10839
f 10839 10838 10204
f 10182 10204 10838
f 10838 10818 10182
f 10195 10196 10836
f 10836 10813 10195
f 3996 4278 4282
f 4282 4001 3996
f 10830 10831 10834
f 10834 10833 10830
f 4397 4692 4700
f 4700 4400 4397
f 10218 10833 10834
f 10834 10835 10218
f 10181 10830 10216
f 10216 10193 10181
f 1925 1927 2319
f 2319 1941 1925
f 10169 10817 10799
f 10799 10170 10169
f 10169 10182 10818
f 10818 10817 10169
f 10195 10811 10814
f 10814 10198 10195
f 10812 10813 10816
f 10816 10815 10812
f 10198 10814 10815
f 10815 10816 10198
f 10180 10798 10810
f 10810 10181 10180
f 10163 10806 10796
f 10796 10165 10163
f 10161 10795 10806
f 10806 10163 10161
f 5323 5656 5655
f 5655 5654 5323
f 10180 10784 10783
f 10783 10798 10180
f 834 1004 1016
f 1016 847 834
f 10164 10165 10796
f 10796 10781 10164
f 10150 10780 10792
f 10792 10152 10150
f 10785 10786 10788
f 10788 10787 10785
f 11615 12025 12023
f 12023 12024 11615
f 10769 10783 10784
f 10784 10770 10769
f 4589 4590 4593
f 4593 4592 4589
f 10777 10778 10780
f 10780 10779 10777
f 10775 10776 10778
f 10778 10777 10775
f 10145 10146 10776
f 10776 10775 10145
f 10767 10768 10772
f 10772 10771 10767
f 10763 10764 10768
f 10768 10767 10763
f 10759 10762 10761
f 10761 10760 10759
f 10126 10748 10758
f 10758 10138 10126
f 10747 10757 10758
f 10758 10748 10747
f 11404 11859 11861
f 11861 11406 11404
f 6323 6325 6336
f 6336 6743 6323
f 10124 10136 10754
f 10754 10744 10124
f 10121 10741 10753
f 10753 10133 10121
f 10131 10132 10752
f 10752 10751 10131
f 10738 10750 10751
f 10751 10739 10738
f 10733 10747 10748
f 10748 10734 10733
f 10123 10124 10744
f 10744 10743 10123
f 10728 10742 10743
f 10743 10729 10728
f 10727 10741 10742
f 10742 10728 10727
f 1461 1828 1827
f 1827 1821 1461
f 10121 10122 10742
f 10742 10741 10121
f 3498 3506 3807
f 3807 3801 3498
f 10722 10736 10737
f 10737 10723 10722
f 8117 8623 8624
f 8624 8118 8117
f 8719 9277 8741
f 8741 8720 8719
f 10084 10700 10718
f 10718 10719 10084
f 10686 10704 10705
f 10705 10687 10686
f 10064 10065 10702
f 10702 10084 10064
f 10084 10702 10701
f 10701 10700 10084
f 10067 10069 10685
f 10685 10684 10067
f 10047 10067 10684
f 10684 10666 10047
f 6809 6810 6812
f 6812 6811 6809
f 10739 10751 10752
f 10752 10740 10739
f 4211 4495 4497
f 4497 4213 4211
f 10005 10645 10646
f 10646 10023 10005
f 9032 9609 9610
f 9610 9611 9032
f 7651 8143 8157
f 8157 7664 7651
f 9990 10007 10026
f 10026 10613 9990
f 10026 10628 10612
f 10612 10613 10026
f 9983 10608 10627
f 10627 10003 9983
f 1841 1852 1853
f 1853 1844 1841
f 7601 7614 8108
f 8108 8095 7601
f 10900 10915 11516
f 11516 11503 10900
f 10593 10594 10613
f 10613 10612 10593
f 9987 9988 10611
f 10611 10610 9987
f 9967 9986 10609
f 10609 10590 9967
f 1415 1754 1763
f 1763 1423 1415
f 9964 10587 10608
f 10608 9983 9964
f 7465 7490 7491
f 7491 7466 7465
f 10572 10573 10594
f 10594 10593 10572
f 4061 4064 4364
f 4364 4073 4061
f 4833 5137 5153
f 5153 5152 4833
f 9948 10570 10592
f 10592 9969 9948
f 9965 9966 10589
f 10589 10588 9965
f 9100 9102 9116
f 9116 9114 9100
f 11516 11530 11531
f 11531 11532 11516
f 11019 11020 11614
f 11614 11613 11019
f 8566 9132 9133
f 9133 9134 8566
f 6381 6383 6821
f 6821 6819 6381
f 4185 4475 4483
f 4483 4194 4185
f 2959 2968 3270
f 3270 3257 2959
f 9948 9949 10571
f 10571 10570 9948
f 489 493 698
f 698 694 489
f 9929 10547 10571
f 10571 9949 9929
f 740 751 752
f 752 741 740
f 2411 2672 2671
f 2671 2670 2411
f 10548 10551 10550
f 10550 10549 10548
f 10464 11083 11092
f 11092 10479 10464
f 1868 1880 1881
f 1881 1869 1868
f 1268 1593 1594
f 1594 1584 1268
f 10875 10876 10894
f 10894 10893 10875
f 10892 11514 11515
f 11515 10911 10892
f 10481 10508 10509
f 10509 10482 10481
f 9876 10495 10497
f 10497 9878 9876
f 5487 5809 5810
f 5810 5811 5487
f 9860 10480 10495
f 10495 9876 9860
f 10470 10484 10485
f 10485 10471 10470
f 10464 10479 10480
f 10480 10466 10464
f 9843 10466 10480
f 10480 9860 9843
f 6066 6077 6078
f 6078 6067 6066
f 10453 10468 10469
f 10469 10454 10453
f 4773 5092 5097
f 5097 4780 4773
f 7323 7324 7336
f 7336 7821 7323
f 10136 10137 10755
f 10755 10754 10136
f 9845 10452 10435
f 10435 10436 9845
f 9809 10448 10450
f 10450 9811 9809
f 9811 10450 10451
f 10451 9825 9811
f 9807 10432 10448
f 10448 9809 9807
f 9800 10441 10424
f 10424 9802 9800
f 9800 9816 10422
f 10422 10441 9800
f 122 306 303
f 303 307 122
f 5317 5321 5322
f 5322 5318 5317
f 10433 10434 10436
f 10436 10435 10433
f 10414 10415 10434
f 10434 10433 10414
f 10429 10430 10432
f 10432 10431 10429
f 9224 9225 9240
f 9240 9829 9224
f 9794 10429 10431
f 10431 9806 9794
f 9806 10431 10432
f 10432 9807 9806
f 10427 10428 10430
f 10430 10429 10427
f 9790 10425 10427
f 10427 9792 9790
f 10423 10424 10426
f 10426 10425 10423
f 9801 9802 10424
f 10424 10423 9801
f 9816 10421 10409
f 10409 10413 9816
f 9816 10413 10412
f 10412 10422 9816
f 7050 7051 7537
f 7537 7536 7050
f 10397 10401 10417
f 10417 10415 10397
f 10396 10397 10415
f 10415 10414 10396
f 10406 10410 10413
f 10413 10409 10406
f 5846 5853 5854
f 5854 5847 5846
f 10406 10407 10411
f 10411 10410 10406
f 9786 10406 10409
f 10409 9787 9786
f 3523 3822 3821
f 3821 3820 3523
f 9782 10398 10399
f 10399 10402 9782
f 10482 10509 10510
f 10510 10483 10482
f 10394 10398 10401
f 10401 10397 10394
f 10394 10397 10396
f 10396 10395 10394
f 10385 10392 10393
f 10393 10386 10385
f 9776 9777 10392
f 10392 10391 9776
f 10383 10390 10391
f 10391 10384 10383
f 9774 9775 10390
f 10390 10389 9774
f 10381 10388 10389
f 10389 10382 10381
f 4371 4372 4673
f 4673 4672 4371
f 9762 10376 10386
f 10386 9770 9762
f 9754 9756 9764
f 9764 10379 9754
f 323 524 525
f 525 332 323
f 9762 9763 10377
f 10377 10376 9762
f 2195 2196 2537
f 2537 2205 2195
f 9738 10357 10367
f 10367 9747 9738
f 3606 3613 3916
f 3916 3912 3606
f 9728 10345 10357
f 10357 9738 9728
f 1376 1377 1379
f 1379 1378 1376
f 9717 10349 10347
f 10347 10335 9717
f 11399 11400 11402
f 11402 11401 11399
f 5751 5752 6111
f 6111 6110 5751
f 9705 9707 10335
f 10335 10333 9705
f 9703 9705 10333
f 10333 10331 9703
f 9701 9703 10331
f 10331 10329 9701
f 10510 10530 10531
f 10531 10511 10510
f 4508 4813 4828
f 4828 4527 4508
f 9699 10327 10326
f 10326 10313 9699
f 6568 6584 7041
f 7041 7025 6568
f 9697 10310 10325
f 10325 9716 9697
f 9224 9829 9815
f 9815 9830 9224
f 8003 8022 8515
f 8515 8496 8003
f 665 666 880
f 880 879 665
f 9699 10313 10311
f 10311 10312 9699
f 9680 10293 10309
f 10309 9696 9680
f 11493 11504 11927
f 11927 11916 11493
f 1744 1753 1754
f 1754 1745 1744
f 1446 1448 1456
f 1456 1454 1446
f 3506 3507 3808
f 3808 3807 3506
f 11091 11639 11647
f 11647 11092 11091
f 10384 10391 10392
f 10392 10385 10384
f 6104 6112 6113
f 6113 6105 6104
f 9666 10280 10278
f 10278 10279 9666
f 10258 10276 10278
f 10278 10260 10258
f 9647 9648 9679
f 9679 9664 9647
f 4666 4667 4984
f 4984 4983 4666
f 3248 3257 3566
f 3566 3556 3248
f 1894 1905 1906
f 1906 1895 1894
f 9632 10259 10258
f 10258 10243 9632
f 9627 10238 10257
f 10257 9647 9627
f 1701 1705 1708
f 1708 1704 1701
f 9909 10527 10547
f 10547 9929 9909
f 10221 10240 10242
f 10242 10241 10221
f 9611 10221 10241
f 10241 9630 9611
f 10069 10086 10703
f 10703 10685 10069
f 10452 10467 10468
f 10468 10453 10452
f 10204 10226 10227
f 10227 10205 10204
f 10203 10225 10226
f 10226 10204 10203
f 9590 9592 9612
f 9612 10223 9590
f 9607 10218 10220
f 10220 9610 9607
f 9587 10193 10216
f 10216 9589 9587
f 114 117 118
f 118 115 114
f 681 906 905
f 905 895 681
f 10182 10202 10203
f 10203 10204 10182
f 9574 10200 10202
f 10202 9575 9574
f 9573 9590 10197
f 10197 10194 9573
f 10194 10197 10196
f 10196 10195 10194
f 4395 4687 4690
f 4690 4397 4395
f 10129 10130 10750
f 10750 10749 10129
f 9560 9576 10182
f 10182 10169 9560
f 1246 1252 1484
f 1484 1472 1246
f 7413 7907 7908
f 7908 7910 7413
f 1081 1085 1087
f 1087 1083 1081
f 10773 11383 11394
f 11394 11392 10773
f 186 188 206
f 206 204 186
f 10162 10163 10165
f 10165 10164 10162
f 9575 10202 10182
f 10182 9576 9575
f 9543 10160 10162
f 10162 9545 9543
f 3774 3783 4084
f 4084 4075 3774
f 11515 11947 11948
f 11948 11527 11515
f 917 918 920
f 920 919 917
f 9525 9536 10153
f 10153 10144 9525
f 2289 2302 2303
f 2303 2290 2289
f 10149 10150 10152
f 10152 10151 10149
f 9530 10149 10151
f 10151 9532 9530
f 9526 10145 10147
f 10147 9528 9526
f 10143 10144 10146
f 10146 10145 10143
f 9521 9522 10142
f 10142 10141 9521
f 10123 10135 10136
f 10136 10124 10123
f 9499 9512 10135
f 10135 10123 9499
f 9498 10122 10134
f 10134 9511 9498
f 9505 9506 10129
f 10129 10128 9505
f 10115 10127 10128
f 10128 10116 10115
f 9491 9504 10127
f 10127 10115 9491
f 863 878 1040
f 1040 1029 863
f 9488 10113 10126
f 10126 9502 9488
f 10101 10114 10115
f 10115 10102 10101
f 2967 3269 3280
f 3280 2976 2967
f 5032 5350 5360
f 5360 5033 5032
f 75 78 77
f 77 76 75
f 7034 7046 7047
f 7047 7035 7034
f 9438 9439 10085
f 10085 9455 9438
f 9455 10085 10084
f 10084 10083 9455
f 9439 10064 10084
f 10084 10085 9439
f 4425 4727 4738
f 4738 4437 4425
f 9424 9441 10068
f 10068 10048 9424
f 10047 10048 10068
f 10068 10067 10047
f 9439 10066 10065
f 10065 10064 9439
f 9405 10024 10045
f 10045 10046 9405
f 699 700 914
f 914 913 699
f 6004 6005 6386
f 6386 6384 6004
f 10007 10008 10025
f 10025 10026 10007
f 10005 10023 10024
f 10024 10006 10005
f 2501 2510 2776
f 2776 2767 2501
f 9498 9499 10123
f 10123 10122 9498
f 8372 8373 8909
f 8909 8908 8372
f 10311 10949 10947
f 10947 10948 10311
f 9966 9967 10590
f 10590 10589 9966
f 9775 9776 10391
f 10391 10390 9775
f 9369 9371 9390
f 9390 10008 9369
f 9369 10008 10007
f 10007 9990 9369
f 9985 10005 10006
f 10006 9986 9985
f 5843 6205 6204
f 6204 6203 5843
f 8430 8443 8984
f 8984 8960 8430
f 5467 5468 5806
f 5806 5805 5467
f 1548 1550 1558
f 1558 1556 1548
f 10201 10857 10858
f 10858 10224 10201
f 9368 9989 9988
f 9988 9987 9368
f 9349 9969 9988
f 9988 9989 9349
f 8981 9554 9557
f 9557 8984 8981
f 706 712 713
f 713 715 706
f 3613 3619 3620
f 3620 3614 3613
f 7114 7609 7612
f 7612 7611 7114
f 1193 1377 1376
f 1376 1369 1193
f 9573 10194 10195
f 10195 10198 9573
f 901 902 904
f 904 903 901
f 4587 4893 4898
f 4898 4899 4587
f 4872 4873 5190
f 5190 5189 4872
f 9457 9472 9473
f 9473 9458 9457
f 9312 9331 9951
f 9951 9930 9312
f 9330 9950 9949
f 9949 9948 9330
f 7789 7790 7792
f 7792 7791 7789
f 9310 9929 9949
f 9949 9950 9310
f 10811 10812 10815
f 10815 10814 10811
f 10799 10817 10818
f 10818 10819 10799
f 12017 12026 12027
f 12027 12018 12017
f 1768 1779 2158
f 2158 2148 1768
f 4771 4778 5095
f 5095 5090 4771
f 1777 1788 1789
f 1789 1778 1777
f 7936 8421 8424
f 8424 7940 7936
f 9283 9908 9909
f 9909 9284 9283
f 9910 9930 10551
f 10551 10548 9910
f 2351 2618 2369
f 2369 2360 2351
f 2657 2658 2919
f 2919 2918 2657
f 9290 9889 9861
f 9861 9862 9290
f 9275 9883 9886
f 9886 9279 9275
f 9279 9886 9887
f 9887 9888 9279
f 9880 9881 9884
f 9884 9883 9880
f 164 344 336
f 336 337 164
f 9235 9860 9876
f 9876 9237 9235
f 1415 1423 1424
f 1424 1416 1415
f 1974 1987 1988
f 1988 1975 1974
f 10718 10733 10734
f 10734 10719 10718
f 8441 8971 8974
f 8974 8973 8441
f 677 904 902
f 902 890 677
f 9846 9847 9862
f 9862 9861 9846
f 10612 10628 11235
f 11235 11216 10612
f 9223 9843 9860
f 9860 9235 9223
f 11154 11686 11704
f 11704 11176 11154
f 11018 11612 11621
f 11621 11028 11018
f 1075 1076 1205
f 1205 1204 1075
f 9238 9827 9829
f 9829 9240 9238
f 9367 9368 9987
f 9987 9986 9367
f 7189 7698 7697
f 7697 7682 7189
f 9238 9847 9844
f 9844 9827 9238
f 1808 2199 2198
f 2198 2189 1808
f 10687 10705 10706
f 10706 10688 10687
f 9203 9214 9224
f 9224 9830 9203
f 263 427 426
f 426 425 263
f 9813 9815 9829
f 9829 9827 9813
f 9201 9811 9825
f 9825 9211 9201
f 2593 2853 2854
f 2854 2856 2593
f 4224 4508 4527
f 4527 4236 4224
f 6160 6175 6176
f 6176 6161 6160
f 9192 9202 9816
f 9816 9800 9192
f 4984 4991 4992
f 4992 4985 4984
f 9796 9798 9815
f 9815 9813 9796
f 9749 10347 10349
f 10349 9753 9749
f 9808 9809 9811
f 9811 9810 9808
f 9198 9808 9810
f 9810 9200 9198
f 9200 9810 9811
f 9811 9201 9200
f 9799 9800 9802
f 9802 9801 9799
f 9182 9191 9799
f 9799 9801 9182
f 6588 7032 7045
f 7045 6589 6588
f 9784 9788 9798
f 9798 9796 9784
f 4145 4423 4424
f 4424 4425 4145
f 9783 9784 9796
f 9796 9795 9783
f 9185 9791 9793
f 9793 9187 9185
f 9187 9793 9794
f 9794 9188 9187
f 9789 9790 9792
f 9792 9791 9789
f 9183 9184 9790
f 9790 9789 9183
f 9775 9779 9780
f 9780 9776 9775
f 9172 9178 9779
f 9779 9775 9172
f 3430 3431 3449
f 3449 3744 3430
f 9166 9770 9778
f 9778 9175 9166
f 11415 11434 11435
f 11435 11416 11415
f 9157 9763 9771
f 9771 9167 9157
f 9159 9160 9764
f 9764 9756 9159
f 9159 9756 9754
f 9754 9755 9159
f 301 497 500
f 500 305 301
f 9739 9740 9752
f 9752 9753 9739
f 9748 9752 9755
f 9755 9751 9748
f 9750 9751 9755
f 9755 9754 9750
f 9748 9749 9753
f 9753 9752 9748
f 9135 9141 9740
f 9740 9731 9135
f 9134 9729 9148
f 9148 9140 9134
f 491 495 496
f 496 492 491
f 9133 9716 9727
f 9727 9726 9133
f 517 526 527
f 527 528 517
f 943 1100 1103
f 1103 954 943
f 54 56 64
f 64 62 54
f 9113 9115 9125
f 9125 9718 9113
f 9122 9698 9133
f 9133 9123 9122
f 2849 2851 3131
f 3131 3129 2849
f 9203 9830 9831
f 9831 9817 9203
f 774 942 941
f 941 940 774
f 2420 2681 2692
f 2692 2691 2420
f 9113 9709 9707
f 9707 9708 9113
f 9699 9700 9702
f 9702 9701 9699
f 4872 4874 4875
f 4875 4873 4872
f 3302 3311 3611
f 3611 3604 3302
f 9095 9097 9687
f 9687 9686 9095
f 9077 9078 9095
f 9095 9093 9077
f 9089 9090 9683
f 9683 9682 9089
f 9074 9089 9682
f 9682 9667 9074
f 9068 9665 9110
f 9110 9087 9068
f 5869 6237 6228
f 6228 5870 5869
f 5965 5966 5967
f 5967 5968 5965
f 9055 9073 9666
f 9666 9652 9055
f 11042 11050 11051
f 11051 11044 11042
f 9629 9649 9650
f 9650 9631 9629
f 9052 9053 9650
f 9650 9649 9052
f 9035 9631 9650
f 9650 9053 9035
f 9050 9051 9648
f 9648 9647 9050
f 1927 2306 2318
f 2318 2319 1927
f 9017 9036 9633
f 9633 9613 9017
f 9612 9613 9633
f 9633 9632 9612
f 9984 10004 10005
f 10005 9985 9984
f 9032 9611 9630
f 9630 9034 9032
f 9014 9606 9608
f 9608 9016 9014
f 9148 9729 9728
f 9728 9738 9148
f 3705 3710 4009
f 4009 4002 3705
f 1118 1263 1267
f 1267 1120 1118
f 9015 9609 9032
f 9032 9016 9015
f 8998 9589 9606
f 9606 9014 8998
f 457 459 667
f 667 472 457
f 8978 8982 8999
f 8999 9591 8978
f 2879 2887 3179
f 3179 3171 2879
f 5152 5153 5154
f 5154 5155 5152
f 9571 9587 9589
f 9589 9588 9571
f 8972 9571 9588
f 9588 8975 8972
f 8975 9588 9589
f 9589 8998 8975
f 9556 9574 9575
f 9575 9559 9556
f 9556 9572 9573
f 9573 9574 9556
f 8977 9572 9556
f 9556 8981 8977
f 8977 8978 9573
f 9573 9572 8977
f 11822 11836 11837
f 11837 11823 11822
f 9555 9556 9559
f 9559 9558 9555
f 8981 9556 9555
f 9555 9554 8981
f 8958 9551 8971
f 8971 8959 8958
f 8958 9549 9552
f 9552 9551 8958
f 8971 9551 9552
f 9552 9553 8971
f 8954 9545 9547
f 9547 8956 8954
f 8952 9543 9545
f 9545 8954 8952
f 9826 9827 9844
f 9844 9845 9826
f 8939 9530 9532
f 9532 8941 8939
f 8941 9532 9533
f 9533 8942 8941
f 11251 11759 11758
f 11758 11757 11251
f 8937 9528 9530
f 9530 8939 8937
f 8935 9526 9528
f 9528 8937 8935
f 1825 2206 2215
f 2215 2213 1825
f 8933 9524 9526
f 9526 8935 8933
f 4495 4791 4792
f 4792 4793 4495
f 8925 8926 9523
f 9523 9522 8925
f 8923 8924 9521
f 9521 9520 8923
f 8922 8923 9520
f 9520 9519 8922
f 6432 6442 6889
f 6889 6877 6432
f 8408 8942 8952
f 8952 8419 8408
f 6797 6811 6812
f 6812 6798 6797
f 11366 11367 11371
f 11371 11370 11366
f 8896 8909 9504
f 9504 9491 8896
f 10065 10683 10701
f 10701 10702 10065
f 4528 4829 4845
f 4845 4538 4528
f 2113 2114 2456
f 2456 2447 2113
f 8883 8895 9490
f 9490 9474 8883
f 9470 9487 9486
f 9486 9471 9470
f 4783 5101 5103
f 5103 4786 4783
f 9486 9487 9488
f 9488 9489 9486
f 8880 9471 8906
f 8906 8893 8880
f 442 459 460
f 460 443 442
f 8882 8883 9474
f 9474 9473 8882
f 8868 8881 9472
f 9472 9457 8868
f 8865 8866 9471
f 9471 8880 8865
f 5289 5300 5301
f 5301 5290 5289
f 8853 8868 9457
f 9457 9441 8853
f 8849 8850 9456
f 9456 8866 8849
f 8850 9438 9455
f 9455 9456 8850
f 7666 7682 8175
f 8175 8159 7666
f 3394 3395 3400
f 3400 3698 3394
f 10326 10327 10329
f 10329 10328 10326
f 8852 8853 9441
f 9441 9424 8852
f 8834 8835 9440
f 9440 8850 8834
f 9983 10003 10004
f 10004 9984 9983
f 9238 9239 9862
f 9862 9847 9238
f 6123 6124 6127
f 6127 6126 6123
f 8821 9422 9423
f 9423 9407 8821
f 8819 9404 9421
f 9421 8835 8819
f 1732 2102 2103
f 2103 2104 1732
f 4647 4962 4973
f 4973 4656 4647
f 724 737 738
f 738 726 724
f 6053 6441 6451
f 6451 6054 6053
f 9159 9755 9752
f 9752 9740 9159
f 8803 8804 9406
f 9406 8819 8803
f 8819 9406 9405
f 9405 9404 8819
f 10181 10810 10831
f 10831 10830 10181
f 8924 8925 9522
f 9522 9521 8924
f 8804 9387 9405
f 9405 9406 8804
f 2237 2241 2244
f 2244 2240 2237
f 8820 9390 9371
f 9371 9372 8820
f 4871 4872 5189
f 5189 5188 4871
f 1281 1282 1286
f 1286 1285 1281
f 9331 9350 9970
f 9970 9951 9331
f 8770 8772 8790
f 8790 9372 8770
f 9773 9774 10389
f 10389 10388 9773
f 3974 3975 4257
f 4257 4256 3974
f 8766 9348 9368
f 9368 8788 8766
f 7595 8098 8100
f 8100 7597 7595
f 7350 7361 7863
f 7863 7849 7350
f 30 72 74
f 74 31 30
f 3023 3032 3335
f 3335 3327 3023
f 8766 8768 9349
f 9349 9348 8766
f 133 134 138
f 138 137 133
f 8746 9330 9349
f 9349 8768 8746
f 10200 10201 10203
f 10203 10202 10200
f 889 901 1065
f 1065 1064 889
f 11436 11450 11451
f 11451 11437 11436
f 57 60 59
f 59 58 57
f 4678 4994 4999
f 4999 4684 4678
f 11713 11731 11732
f 11732 11714 11713
f 4076 4085 4373
f 4373 4365 4076
f 6417 6863 6864
f 6864 6852 6417
f 8745 9281 9285
f 9285 9311 8745
f 8741 9277 9281
f 9281 8745 8741
f 10760 10761 11375
f 11375 11374 10760
f 11018 11028 11029
f 11029 11019 11018
f 6851 6852 7313
f 7313 7301 6851
f 1513 1514 1520
f 1520 1519 1513
f 11977 11990 11991
f 11991 11978 11977
f 8685 9290 9256
f 9256 8686 8685
f 8685 8702 9291
f 9291 9290 8685
f 9284 9285 9289
f 9289 9288 9284
f 9282 9283 9287
f 9287 9286 9282
f 9286 9287 9288
f 9288 9289 9286
f 9274 9278 9281
f 9281 9277 9274
f 8719 9271 9274
f 9274 9277 8719
f 8682 9271 8719
f 8719 8700 8682
f 11970 11986 11987
f 11987 11971 11970
f 6264 6654 6653
f 6653 6652 6264
f 9910 10548 10549
f 10549 10528 9910
f 4148 4158 4448
f 4448 4438 4148
f 317 318 320
f 320 319 317
f 4093 4100 4101
f 4101 4094 4093
f 9183 9789 9791
f 9791 9185 9183
f 11856 11871 11872
f 11872 11873 11856
f 8666 8686 9256
f 9256 9239 8666
f 4373 4374 4675
f 4675 4674 4373
f 8921 8922 9519
f 9519 9518 8921
f 9748 9751 9750
f 9750 9749 9748
f 8651 9240 9225
f 9225 8652 8651
f 8649 9238 9240
f 9240 8651 8649
f 8647 9223 9236
f 9236 8664 8647
f 4922 5246 5256
f 5256 5255 4922
f 10799 10819 11436
f 11436 11418 10799
f 8635 9213 9223
f 9223 8647 8635
f 8625 8638 9214
f 9214 9203 8625
f 9201 9211 9213
f 9213 9212 9201
f 9816 9817 9831
f 9831 10421 9816
f 8615 9202 9192
f 9192 8616 8615
f 8615 8625 9203
f 9203 9202 8615
f 8613 9198 9200
f 9200 8623 8613
f 8611 9190 9198
f 9198 8613 8611
f 11375 11388 11389
f 11389 11377 11375
f 11300 11314 11315
f 11315 11301 11300
f 9844 9847 9846
f 9846 9845 9844
f 7545 7546 7549
f 7549 7548 7545
f 8608 9187 9189
f 9189 8610 8608
f 8604 9183 9185
f 9185 8606 8604
f 8602 9181 9183
f 9183 8604 8602
f 8602 8603 9182
f 9182 9181 8602
f 8593 9174 9180
f 9180 8599 8593
f 8597 8598 9179
f 9179 9178 8597
f 9171 9177 9178
f 9178 9172 9171
f 9170 9176 9177
f 9177 9171 9170
f 8589 8595 9176
f 9176 9170 8589
f 8587 9166 9175
f 9175 8594 8587
f 10144 10787 10776
f 10776 10146 10144
f 6998 7016 7501
f 7501 7481 6998
f 8579 9158 9168
f 9168 8587 8579
f 8587 9168 9167
f 9167 9166 8587
f 9157 9167 9168
f 9168 9158 9157
f 5795 6159 6168
f 6168 5804 5795
f 11876 11891 11892
f 11892 11877 11876
f 4572 4875 4878
f 4878 4575 4572
f 8574 8580 9159
f 9159 9151 8574
f 9149 9157 9158
f 9158 9150 9149
f 5150 5151 5484
f 5484 5483 5150
f 4365 4373 4674
f 4674 4666 4365
f 8765 8767 8789
f 8789 8787 8765
f 8443 8980 8981
f 8981 8984 8443
f 9190 9806 9808
f 9808 9198 9190
f 8563 9124 9132
f 9132 8566 8563
f 6835 6836 6839
f 6839 6838 6835
f 9123 9133 9132
f 9132 9124 9123
f 8546 9127 9125
f 9125 9126 8546
f 8555 9112 9121
f 9121 9124 8555
f 8548 9106 9108
f 9108 8551 8548
f 8545 9104 9106
f 9106 8548 8545
f 1278 1282 1283
f 1283 1279 1278
f 9174 9175 9778
f 9778 9777 9174
f 9088 9109 9112
f 9112 9108 9088
f 11653 11654 11656
f 11656 11655 11653
f 665 879 892
f 892 679 665
f 9082 9084 9104
f 9104 9102 9082
f 9535 10168 10154
f 10154 9537 9535
f 9036 9634 9632
f 9632 9633 9036
f 8538 9082 9102
f 9102 9100 8538
f 11770 11786 11787
f 11787 11771 11770
f 9097 9098 9100
f 9100 9099 9097
f 8536 8537 9098
f 9098 9096 8536
f 9520 9521 10141
f 10141 10140 9520
f 8542 9092 9091
f 9091 9090 8542
f 11576 11578 11991
f 11991 11990 11576
f 8532 8540 9089
f 9089 9074 8532
f 9065 9067 9086
f 9086 9084 9065
f 8524 9065 9084
f 9084 9082 8524
f 8722 8748 9331
f 9331 9312 8722
f 8786 8804 8805
f 8805 8787 8786
f 11532 11959 11961
f 11961 11533 11532
f 8535 8536 9078
f 9078 9077 8535
f 9554 9555 9558
f 9558 9557 9554
f 8531 8532 9074
f 9074 9073 8531
f 8516 8531 9073
f 9073 9055 8516
f 8528 8529 9072
f 9072 9071 8528
f 9051 9070 9071
f 9071 9052 9051
f 8506 9048 9067
f 9067 9065 8506
f 8545 9116 9102
f 9102 9104 8545
f 8496 8515 9054
f 9054 9036 8496
f 8509 8510 9051
f 9051 9050 8509
f 8487 8488 8508
f 8508 9048 8487
f 2928 3224 3225
f 3225 3218 2928
f 4204 4215 4499
f 4499 4488 4204
f 8488 9029 9049
f 9049 8508 8488
f 5467 5805 5807
f 5807 5470 5467
f 11214 11231 11233
f 11233 11215 11214
f 2566 2574 2841
f 2841 2837 2566
f 6740 7191 7189
f 7189 7190 6740
f 349 563 553
f 553 353 349
f 4021 4308 4311
f 4311 4310 4021
f 2371 2380 2640
f 2640 2631 2371
f 8475 8496 9036
f 9036 9017 8475
f 8491 9032 9034
f 9034 8494 8491
f 5582 5921 5922
f 5922 5923 5582
f 5649 6006 6005
f 6005 6004 5649
f 9749 9750 10368
f 10368 10358 9749
f 2207 2549 2548
f 2548 2540 2207
f 1563 1564 1568
f 1568 1567 1563
f 8459 8475 9017
f 9017 9001 8459
f 3601 3909 3915
f 3915 3609 3601
f 4007 4012 4013
f 4013 4008 4007
f 6215 6610 6609
f 6609 6608 6215
f 8459 9001 8999
f 8999 9000 8459
f 8982 8983 9000
f 9000 8999 8982
f 8443 8444 8983
f 8983 8980 8443
f 8971 8972 8975
f 8975 8974 8971
f 8457 8973 8974
f 8974 8975 8457
f 8649 8666 9239
f 9239 9238 8649
f 3405 3707 3410
f 3410 3407 3405
f 8429 8959 8971
f 8971 8441 8429
f 8425 8956 8958
f 8958 8428 8425
f 7142 7156 7652
f 7652 7638 7142
f 8419 8952 8954
f 8954 8422 8419
f 3059 3362 3363
f 3363 3060 3059
f 9964 9983 9984
f 9984 9965 9964
f 8409 8943 8945
f 8945 8411 8409
f 8409 8410 8944
f 8944 8943 8409
f 8404 8939 8941
f 8941 8407 8404
f 8407 8941 8942
f 8942 8408 8407
f 8402 8937 8939
f 8939 8404 8402
f 8398 8933 8935
f 8935 8400 8398
f 8924 8931 8932
f 8932 8925 8924
f 8388 8925 8932
f 8932 8396 8388
f 8923 8930 8931
f 8931 8924 8923
f 10451 10464 10466
f 10466 10465 10451
f 8384 8392 8928
f 8928 8921 8384
f 8915 8926 8927
f 8927 8916 8915
f 8389 8390 8927
f 8927 8926 8389
f 8388 8389 8926
f 8926 8925 8388
f 6399 6411 6410
f 6410 6400 6399
f 8909 8920 8921
f 8921 8910 8909
f 8383 8384 8921
f 8921 8920 8383
f 8682 9255 9272
f 9272 9271 8682
f 10929 11529 11544
f 11544 10946 10929
f 8365 8366 8919
f 8919 8381 8365
f 8380 8381 8917
f 8917 8916 8380
f 8573 9150 9158
f 9158 8579 8573
f 10610 11232 11231
f 11231 11214 10610
f 6414 6830 6832
f 6832 6847 6414
f 2369 2618 2619
f 2619 2620 2369
f 8356 8372 8908
f 8908 8895 8356
f 8368 8906 8907
f 8907 8369 8368
f 392 393 595
f 595 586 392
f 9173 9776 9780
f 9780 9179 9173
f 8944 8960 9560
f 9560 9535 8944
f 8355 8356 8895
f 8895 8894 8355
f 10198 10816 10837
f 10837 10199 10198
f 10796 10806 11426
f 11426 11428 10796
f 8328 8341 8881
f 8881 8868 8328
f 9350 9369 9990
f 9990 9970 9350
f 3522 3533 3841
f 3841 3832 3522
f 5934 5935 6294
f 6294 6293 5934
f 757 948 949
f 949 770 757
f 8637 8652 9225
f 9225 9224 8637
f 11370 11371 11372
f 11372 11373 11370
f 8315 8328 8868
f 8868 8853 8315
f 8327 8867 8866
f 8866 8865 8327
f 8312 8849 8866
f 8866 8867 8312
f 27 35 36
f 36 28 27
f 9703 9704 9706
f 9706 9705 9703
f 8300 8314 8852
f 8852 8837 8300
f 4185 4186 4476
f 4476 4475 4185
f 8314 8315 8853
f 8853 8852 8314
f 8297 8298 8851
f 8851 8312 8297
f 8298 8834 8850
f 8850 8851 8298
f 1776 1778 1789
f 1789 1787 1776
f 7053 7054 7540
f 7540 7539 7053
f 9090 9700 9699
f 9699 9683 9090
f 4887 5201 5207
f 5207 5206 4887
f 2933 3223 3232
f 3232 3231 2933
f 8254 8268 8806
f 8806 8790 8254
f 8253 8787 8805
f 8805 8267 8253
f 7337 7339 7838
f 7838 7837 7337
f 8240 8254 8790
f 8790 8772 8240
f 6010 6011 6013
f 6013 6012 6010
f 8766 8788 8789
f 8789 8767 8766
f 8239 8765 8787
f 8787 8253 8239
f 4868 5186 5190
f 5190 4873 4868
f 3729 4030 3742
f 3742 3730 3729
f 1221 1223 1227
f 1227 1225 1221
f 8224 8226 8240
f 8240 8771 8224
f 8240 8772 8770
f 8770 8771 8240
f 8766 8767 8769
f 8769 8768 8766
f 8746 8768 8769
f 8769 8747 8746
f 8221 8739 8765
f 8765 8239 8221
f 3383 3679 3678
f 3678 3677 3383
f 11765 11779 11780
f 11780 11766 11765
f 145 151 330
f 330 321 145
f 7054 7055 7541
f 7541 7540 7054
f 2309 2320 2321
f 2321 2310 2309
f 8205 8222 8748
f 8748 8722 8205
f 8740 8744 8747
f 8747 8743 8740
f 3677 3974 3983
f 3983 3687 3677
f 382 583 582
f 582 579 382
f 5523 5524 5862
f 5862 5861 5523
f 61 67 69
f 69 63 61
f 9791 9792 9794
f 9794 9793 9791
f 3422 3425 3426
f 3426 3423 3422
f 10550 10551 10573
f 10573 10572 10550
f 8700 8719 8718
f 8718 8701 8700
f 9524 10143 10145
f 10145 9526 9524
f 8718 8719 8720
f 8720 8721 8718
f 1702 1703 2078
f 2078 2074 1702
f 4458 4468 4469
f 4469 4459 4458
f 10647 10666 11274
f 11274 11253 10647
f 2704 2713 2977
f 2977 2968 2704
f 8190 8205 8722
f 8722 8702 8190
f 5453 5795 5804
f 5804 5464 5453
f 8173 8680 8683
f 8683 8174 8173
f 8680 8681 8682
f 8682 8683 8680
f 6194 6206 6602
f 6602 6591 6194
f 9093 9095 9706
f 9706 9704 9093
f 8143 8647 8664
f 8664 8663 8143
f 10164 10762 10766
f 10766 10166 10164
f 1965 2331 2332
f 2332 1976 1965
f 8131 8144 8648
f 8648 8650 8131
f 2556 2822 2820
f 2820 2821 2556
f 8129 8635 8647
f 8647 8143 8129
f 11316 11331 11840
f 11840 11828 11316
f 8625 8636 8637
f 8637 8638 8625
f 8119 8132 8636
f 8636 8625 8119
f 11547 11561 11976
f 11976 11975 11547
f 7518 7520 8023
f 8023 8022 7518
f 8132 8133 8637
f 8637 8636 8132
f 8128 8634 8635
f 8635 8129 8128
f 10166 10784 10180
f 10180 10167 10166
f 3614 3620 3919
f 3919 3917 3614
f 8109 8119 8625
f 8625 8615 8109
f 6648 6649 7096
f 7096 7095 6648
f 8095 8108 8614
f 8614 8601 8095
f 8108 8109 8615
f 8615 8614 8108
f 8104 8610 8612
f 8612 8106 8104
f 10781 10796 10797
f 10797 10782 10781
f 8102 8608 8610
f 8610 8104 8102
f 8100 8606 8608
f 8608 8102 8100
f 8546 8558 9135
f 9135 9127 8546
f 8096 8602 8604
f 8604 8098 8096
f 8600 8601 8603
f 8603 8602 8600
f 8094 8095 8601
f 8601 8600 8094
f 8088 8089 8598
f 8598 8597 8088
f 8087 8088 8597
f 8597 8596 8087
f 8086 8087 8596
f 8596 8595 8086
f 8079 8086 8595
f 8595 8589 8079
f 8083 8084 8594
f 8594 8593 8083
f 4308 4598 4601
f 4601 4311 4308
f 3433 3735 3723
f 3723 3436 3433
f 7385 7386 7885
f 7885 7884 7385
f 8070 8071 8581
f 8581 8580 8070
f 8063 8573 8579
f 8579 8069 8063
f 364 373 572
f 572 571 364
f 10646 10663 10665
f 10665 10664 10646
f 8053 8064 8574
f 8574 8568 8053
f 8062 8567 8573
f 8573 8063 8062
f 8049 8053 8568
f 8568 8558 8049
f 8059 8562 8565
f 8565 8062 8059
f 8057 8557 8562
f 8562 8059 8057
f 8556 8563 8562
f 8562 8557 8556
f 8055 8553 8557
f 8557 8057 8055
f 8048 8049 8558
f 8558 8546 8048
f 12016 12025 12026
f 12026 12017 12016
f 8048 8544 8547
f 8547 8051 8048
f 8544 8545 8548
f 8548 8547 8544
f 8038 8040 8543
f 8543 8541 8038
f 3556 3566 3875
f 3875 3865 3556
f 8040 8533 8542
f 8542 8543 8040
f 8038 8541 8540
f 8540 8532 8038
f 9514 9515 9517
f 9517 9516 9514
f 765 779 780
f 780 766 765
f 9125 9719 9717
f 9717 9718 9125
f 10437 10453 10454
f 10454 10438 10437
f 5423 5424 5437
f 5437 5760 5423
f 8512 8529 8530
f 8530 8514 8512
f 8034 8035 8530
f 8530 8529 8034
f 6010 6012 6394
f 6394 6392 6010
f 10278 10931 10930
f 10930 10912 10278
f 8032 8033 8528
f 8528 8527 8032
f 8509 8526 8527
f 8527 8510 8509
f 8031 8032 8527
f 8527 8526 8031
f 8015 8031 8526
f 8526 8509 8015
f 8011 8012 8525
f 8525 8030 8011
f 9309 9310 9950
f 9950 9330 9309
f 5979 6346 6356
f 6356 6357 5979
f 1520 1538 1536
f 1536 1533 1520
f 8495 8512 8514
f 8514 8513 8495
f 8410 8430 8960
f 8960 8944 8410
f 8018 8495 8513
f 8513 8020 8018
f 6305 6695 6709
f 6709 6306 6305
f 7998 8014 8508
f 8508 8488 7998
f 8001 8491 8494
f 8494 8493 8001
f 8018 8493 8494
f 8494 8495 8018
f 8380 8916 8927
f 8927 8390 8380
f 7979 7981 7996
f 7996 8486 7979
f 6582 6583 7040
f 7040 7039 6582
f 10422 11052 11058
f 11058 10441 10422
f 9115 9116 9126
f 9126 9125 9115
f 9510 9511 10134
f 10134 10133 9510
f 4703 5021 5022
f 5022 4704 4703
f 7984 8473 8474
f 8474 7985 7984
f 9049 9050 9665
f 9665 9068 9049
f 8441 8973 8457
f 8457 8442 8441
f 897 898 909
f 909 1070 897
f 7952 7969 8459
f 8459 8444 7952
f 7050 7057 7058
f 7058 7051 7050
f 10384 10385 11029
f 11029 11028 10384
f 11691 11714 11715
f 11715 11692 11691
f 5224 5237 5572
f 5572 5561 5224
f 7926 7951 8443
f 8443 8430 7926
f 7951 7952 8444
f 8444 8443 7951
f 7944 8429 8441
f 8441 7948 7944
f 7948 8441 8442
f 8442 7949 7948
f 11268 11289 11805
f 11805 11804 11268
f 7944 8427 8428
f 8428 8429 7944
f 8418 8419 8422
f 8422 8421 8418
f 9271 9272 9275
f 9275 9274 9271
f 7916 8409 8411
f 8411 7918 7916
f 7914 8406 7924
f 7924 7915 7914
f 8366 8369 8907
f 8907 8905 8366
f 7924 8406 8407
f 8407 8408 7924
f 8956 9547 9549
f 9549 8958 8956
f 7912 8402 8404
f 8404 7914 7912
f 8388 8396 8397
f 8397 8389 8388
f 7893 8389 8397
f 8397 7902 7893
f 7900 7901 8396
f 8396 8395 7900
f 7898 7899 8394
f 8394 8393 7898
f 11353 11354 11854
f 11854 11853 11353
f 9814 9831 9830
f 9830 9815 9814
f 8383 8391 8392
f 8392 8384 8383
f 6054 6451 6461
f 6461 6064 6054
f 7563 8063 8069
f 8069 7564 7563
f 10328 10329 10331
f 10331 10330 10328
f 7887 7896 8391
f 8391 8383 7887
f 7893 7894 8390
f 8390 8389 7893
f 7884 8380 8390
f 8390 7894 7884
f 6498 6499 6952
f 6952 6951 6498
f 7886 7887 8383
f 8383 8382 7886
f 7873 8365 8381
f 8381 7885 7873
f 6244 6638 6646
f 6646 6251 6244
f 6593 6594 7049
f 7049 7048 6593
f 6305 6693 6694
f 6694 6695 6305
f 7875 7876 8372
f 8372 8371 7875
f 5418 5419 5757
f 5757 5756 5418
f 7138 7635 7636
f 7636 7139 7138
f 7862 8367 8370
f 8370 7874 7862
f 7862 8354 8368
f 8368 8367 7862
f 7873 7874 8366
f 8366 8365 7873
f 733 929 936
f 936 741 733
f 7861 8340 8354
f 8354 7862 7861
f 5560 5909 5910
f 5910 5912 5560
f 6519 6529 6539
f 6539 6977 6519
f 33 34 36
f 36 35 33
f 184 186 204
f 204 202 184
f 7849 8343 8341
f 8341 8342 7849
f 7573 8077 8084
f 8084 7581 7573
f 7823 7837 8328
f 8328 8315 7823
f 11743 11760 11761
f 11761 11744 11743
f 8534 8535 9094
f 9094 9092 8534
f 6512 6964 6966
f 6966 6515 6512
f 136 137 141
f 141 140 136
f 7808 7822 8314
f 8314 8300 7808
f 7819 8313 8312
f 8312 8311 7819
f 10027 10047 10666
f 10666 10647 10027
f 4111 4112 4394
f 4394 4393 4111
f 11268 11804 11806
f 11806 11270 11268
f 9781 9784 9783
f 9783 9782 9781
f 8033 8034 8529
f 8529 8528 8033
f 7807 7808 8300
f 8300 8285 7807
f 7789 7791 8299
f 8299 7804 7789
f 7804 8299 8298
f 8298 8297 7804
f 6966 7420 7432
f 7432 7431 6966
f 9887 10503 10506
f 10506 10505 9887
f 7778 7793 7807
f 7807 8283 7778
f 7778 8283 8284
f 8284 8268 7778
f 7791 8282 8281
f 8281 8280 7791
f 1042 1043 1055
f 1055 1053 1042
f 7776 8267 8281
f 8281 8282 7776
f 9272 9880 9883
f 9883 9275 9272
f 8489 8509 9050
f 9050 9030 8489
f 135 136 140
f 140 139 135
f 4687 4688 4691
f 4691 4690 4687
f 10378 10380 11024
f 11024 11023 10378
f 7762 7778 8268
f 8268 8254 7762
f 9969 10592 10611
f 10611 9988 9969
f 6483 6492 6945
f 6945 6936 6483
f 7746 8239 8253
f 8253 7761 7746
f 5223 5224 5561
f 5561 5560 5223
f 8634 9212 9213
f 9213 8635 8634
f 8567 9140 9148
f 9148 9147 8567
f 8547 8548 8551
f 8551 8550 8547
f 2000 2352 2342
f 2342 2001 2000
f 7732 8226 8224
f 8224 8225 7732
f 8222 8223 8225
f 8225 8224 8222
f 7713 8223 8222
f 8222 8205 7713
f 7712 8204 8220
f 8220 7730 7712
f 1904 1905 2295
f 2295 1914 1904
f 6712 6726 7172
f 7172 7169 6712
f 8835 9421 9439
f 9439 9440 8835
f 9610 10220 10221
f 10221 9611 9610
f 11774 11790 11791
f 11791 11775 11774
f 8637 9224 9214
f 9214 8638 8637
f 6266 6657 6666
f 6666 6268 6266
f 4298 4588 4587
f 4587 4586 4298
f 4073 4362 4372
f 4372 4083 4073
f 7682 7697 8190
f 8190 8175 7682
f 2956 3256 3267
f 3267 3266 2956
f 481 487 488
f 488 482 481
f 5989 6357 6368
f 6368 5998 5989
f 10425 10426 10428
f 10428 10427 10425
f 191 194 193
f 193 192 191
f 9513 9514 10137
f 10137 10136 9513
f 6369 6787 6785
f 6785 6786 6369
f 5647 5648 6003
f 6003 6002 5647
f 5907 6270 5919
f 5919 5908 5907
f 8145 8158 8159
f 8159 8160 8145
f 1240 1241 1243
f 1243 1242 1240
f 11717 11735 11736
f 11736 11718 11717
f 8145 8160 8666
f 8666 8649 8145
f 10794 11407 11408
f 11408 10795 10794
f 7636 8129 8143
f 8143 7651 7636
f 3049 3062 3364
f 3364 3353 3049
f 485 486 490
f 490 489 485
f 2233 2234 2236
f 2236 2235 2233
f 3555 3556 3865
f 3865 3855 3555
f 8130 8131 8133
f 8133 8132 8130
f 7625 7639 8130
f 8130 8132 7625
f 7761 8253 8267
f 8267 7776 7761
f 7635 8128 8129
f 8129 7636 7635
f 3411 3712 3715
f 3715 3414 3411
f 1529 1530 1531
f 1531 1532 1529
f 7610 8107 8117
f 8117 7613 7610
f 7613 8117 8118
f 8118 7623 7613
f 133 137 326
f 326 149 133
f 7609 8106 8107
f 8107 7610 7609
f 517 528 724
f 724 723 517
f 9964 9965 10588
f 10588 10587 9964
f 7599 8102 8104
f 8104 7607 7599
f 5114 5123 5138
f 5138 5454 5114
f 9457 9458 10087
f 10087 10086 9457
f 7600 8094 8096
f 8096 7602 7600
f 7600 7601 8095
f 8095 8094 7600
f 7587 8089 8093
f 8093 7592 7587
f 7590 7591 8092
f 8092 8091 7590
f 7587 7588 8090
f 8090 8089 7587
f 3596 3604 3605
f 3605 3597 3596
f 2268 2281 2282
f 2282 2270 2268
f 7584 7585 8087
f 8087 8086 7584
f 8078 8085 8086
f 8086 8079 8078
f 7583 7584 8086
f 8086 8085 7583
f 8021 8514 8530
f 8530 8035 8021
f 7580 7581 8084
f 8084 8083 7580
f 1840 1841 1844
f 1844 1843 1840
f 7567 7575 8078
f 8078 8071 7567
f 5256 5583 5592
f 5592 5257 5256
f 3497 3505 3506
f 3506 3498 3497
f 685 687 898
f 898 897 685
f 7555 8059 8062
f 8062 8061 7555
f 7546 8052 8055
f 8055 7549 7546
f 1786 1788 2177
f 2177 1797 1786
f 3516 3820 3821
f 3821 3816 3516
f 8047 8048 8051
f 8051 8050 8047
f 7531 8034 8046
f 8046 7540 7531
f 7535 7536 8043
f 8043 8042 7535
f 7534 7535 8042
f 8042 8041 7534
f 10701 11313 11327
f 11327 11328 10701
f 7531 7532 8035
f 8035 8034 7531
f 7517 8021 8035
f 8035 7532 7517
f 7512 7528 8031
f 8031 8015 7512
f 7526 7527 8030
f 8030 8029 7526
f 7509 8011 8030
f 8030 7527 7509
f 7500 8018 8020
f 8020 7516 7500
f 7516 8020 8021
f 8021 7517 7516
f 8051 8553 8055
f 8055 8052 8051
f 7510 7512 8015
f 8015 8014 7510
f 7492 7510 8014
f 8014 7998 7492
f 7489 7490 8013
f 8013 7509 7489
f 7509 8013 8012
f 8012 8011 7509
f 7490 7995 8012
f 8012 8013 7490
f 4198 4199 4486
f 4486 4485 4198
f 2600 2864 2608
f 2608 2601 2600
f 2221 2222 2224
f 2224 2223 2221
f 7480 7985 8001
f 8001 7496 7480
f 7492 7998 7996
f 7996 7997 7492
f 2913 2914 3205
f 3205 3204 2913
f 4266 4267 4558
f 4558 4557 4266
f 330 336 532
f 532 521 330
f 1636 2021 2033
f 2033 1648 1636
f 9532 10151 10152
f 10152 9533 9532
f 7476 7968 7984
f 7984 7479 7476
f 7479 7984 7985
f 7985 7480 7479
f 2067 2068 2400
f 2400 2399 2067
f 1120 1267 1277
f 1277 1280 1120
f 4923 4924 5247
f 5247 5238 4923
f 11124 11666 11681
f 11681 11148 11124
f 8159 8175 8685
f 8685 8684 8159
f 8976 8979 8978
f 8978 8977 8976
f 7476 7966 7967
f 7967 7968 7476
f 7443 7934 7937
f 7937 7938 7443
f 9970 9990 10613
f 10613 10594 9970
f 11761 11775 11776
f 11776 11762 11761
f 7059 7060 7062
f 7062 7061 7059
f 7791 8280 8298
f 8298 8299 7791
f 7943 7944 7948
f 7948 7947 7943
f 7947 7948 7949
f 7949 7950 7947
f 7939 7943 7946
f 7946 7942 7939
f 7614 7615 8109
f 8109 8108 7614
f 11465 11900 11902
f 11902 11468 11465
f 1210 1211 1217
f 1217 1216 1210
f 7935 7936 7940
f 7940 7939 7935
f 535 745 736
f 736 536 535
f 7442 7933 7934
f 7934 7443 7442
f 5005 5326 5335
f 5335 5334 5005
f 6518 6968 6959
f 6959 6520 6518
f 546 547 549
f 549 548 546
f 9651 9652 9666
f 9666 10279 9651
f 7424 7918 7909
f 7909 7426 7424
f 7422 7916 7918
f 7918 7424 7422
f 9279 9888 9908
f 9908 9283 9279
f 7422 7423 7917
f 7917 7916 7422
f 11069 11080 11081
f 11081 11071 11069
f 7413 7910 7912
f 7912 7416 7413
f 7413 7414 7426
f 7426 7907 7413
f 7426 7909 7908
f 7908 7907 7426
f 7409 7410 7906
f 7906 7905 7409
f 11288 11309 11821
f 11821 11803 11288
f 7402 7900 7906
f 7906 7410 7402
f 7408 7409 7905
f 7905 7904 7408
f 10737 10749 10750
f 10750 10738 10737
f 7407 7408 7904
f 7904 7903 7407
f 7399 7407 7903
f 7903 7897 7399
f 7395 7893 7902
f 7902 7404 7395
f 7402 7403 7901
f 7901 7900 7402
f 1823 1831 1832
f 1832 1824 1823
f 677 679 892
f 892 891 677
f 7886 7895 7896
f 7896 7887 7886
f 7395 7396 7894
f 7894 7893 7395
f 7385 7884 7894
f 7894 7396 7385
f 5487 5811 5827
f 5827 5826 5487
f 5511 5516 5859
f 5859 5856 5511
f 181 182 195
f 195 196 181
f 8395 8396 8932
f 8932 8931 8395
f 7377 7388 7886
f 7886 7876 7377
f 2291 2304 2305
f 2305 2292 2291
f 668 894 893
f 893 881 668
f 7807 8285 8284
f 8284 8283 7807
f 11627 11636 11637
f 11637 11629 11627
f 7361 7376 7875
f 7875 7863 7361
f 7371 7374 7874
f 7874 7873 7371
f 7373 7862 7874
f 7874 7374 7373
f 1491 1873 1872
f 1872 1869 1491
f 2288 2301 2302
f 2302 2289 2288
f 9666 10295 10294
f 10294 10280 9666
f 7349 7848 7861
f 7861 7860 7349
f 2803 3070 3080
f 3080 2811 2803
f 5091 5092 5419
f 5419 5418 5091
f 7339 7350 7849
f 7849 7838 7339
f 5 6 7
f 7 8 5
f 7336 7337 7837
f 7837 7823 7336
f 7322 7820 7836
f 7836 7334 7322
f 7311 7803 7819
f 7819 7820 7311
f 9846 9861 10481
f 10481 10467 9846
f 1238 1242 1243
f 1243 1239 1238
f 7492 7493 7511
f 7511 7510 7492
f 3725 4017 4020
f 4020 3729 3725
f 7301 7313 7323
f 7323 7806 7301
f 4428 4438 4739
f 4739 4729 4428
f 10854 10873 11487
f 11487 11467 10854
f 2721 2985 2994
f 2994 2730 2721
f 7300 7301 7793
f 7793 7778 7300
f 7284 7286 7792
f 7792 7790 7284
f 10718 11328 11343
f 11343 10733 10718
f 5967 5979 5980
f 5980 5968 5967
f 7271 7288 7300
f 7300 7763 7271
f 7286 7777 7776
f 7776 7775 7286
f 7747 7748 7763
f 7763 7762 7747
f 11743 11758 11759
f 11759 11760 11743
f 2218 2552 2559
f 2559 2223 2218
f 7240 7255 7748
f 7748 7733 7240
f 9782 9783 10401
f 10401 10398 9782
f 1439 1447 1448
f 1448 1440 1439
f 9680 9696 9695
f 9695 9681 9680
f 3013 3022 3023
f 3023 3014 3013
f 630 642 652
f 652 848 630
f 8457 8975 8998
f 8998 8458 8457
f 7221 7733 7732
f 7732 7717 7221
f 7237 7730 7731
f 7731 7238 7237
f 9889 9910 10528
f 10528 10508 9889
f 10769 10770 10774
f 10774 10773 10769
f 1973 1986 1987
f 1987 1974 1973
f 7697 7698 7714
f 7714 7713 7697
f 5472 5490 5830
f 5830 5812 5472
f 7189 7191 7205
f 7205 7698 7189
f 7188 7681 7696
f 7696 7204 7188
f 7935 7938 7937
f 7937 7936 7935
f 3375 3376 3670
f 3670 3669 3375
f 1799 1800 1809
f 1809 1808 1799
f 11420 11437 11872
f 11872 11871 11420
f 7171 7189 7682
f 7682 7666 7171
f 7168 7664 7680
f 7680 7187 7168
f 7187 7680 7681
f 7681 7188 7187
f 506 711 712
f 712 706 506
f 3944 4235 3964
f 3964 3954 3944
f 5837 5851 5852
f 5852 5838 5837
f 8267 8803 8819
f 8819 8281 8267
f 6127 6516 6527
f 6527 6526 6127
f 7156 7170 7665
f 7665 7652 7156
f 7170 7171 7666
f 7666 7665 7170
f 3628 3926 3933
f 3933 3629 3628
f 7155 7651 7664
f 7664 7168 7155
f 1026 1153 1167
f 1167 1039 1026
f 7376 7377 7876
f 7876 7875 7376
f 8623 9200 9201
f 9201 8624 8623
f 6549 6558 7016
f 7016 6998 6549
f 8036 8037 8039
f 8039 8038 8036
f 2205 2537 2547
f 2547 2214 2205
f 9612 10224 10222
f 10222 10223 9612
f 7837 8342 8341
f 8341 8328 7837
f 7139 7636 7651
f 7651 7155 7139
f 7256 7258 7274
f 7274 7272 7256
f 3509 3510 3811
f 3811 3810 3509
f 796 969 982
f 982 808 796
f 153 154 156
f 156 155 153
f 7434 7444 7951
f 7951 7926 7434
f 6832 6834 6849
f 6849 6847 6832
f 7128 7143 7639
f 7639 7625 7128
f 9754 10379 10378
f 10378 10369 9754
f 11949 11963 11964
f 11964 11950 11949
f 7403 7404 7902
f 7902 7901 7403
f 7141 7637 7639
f 7639 7143 7141
f 6848 7310 7322
f 7322 6861 6848
f 7141 7142 7638
f 7638 7637 7141
f 7126 7623 7635
f 7635 7138 7126
f 4602 4909 4910
f 4910 4911 4602
f 8071 8078 8588
f 8588 8581 8071
f 7127 7128 7625
f 7625 7624 7127
f 102 106 295
f 295 294 102
f 9051 9052 9649
f 9649 9648 9051
f 7103 7598 7599
f 7599 7104 7103
f 7697 7713 8205
f 8205 8190 7697
f 5399 5408 5409
f 5409 5400 5399
f 7114 7611 7125
f 7125 7115 7114
f 7112 7607 7609
f 7609 7114 7112
f 8821 8837 8852
f 8852 9422 8821
f 7100 7107 7602
f 7602 7595 7100
f 7596 7597 7599
f 7599 7598 7596
f 7101 7596 7598
f 7598 7103 7101
f 7099 7594 7596
f 7596 7101 7099
f 7091 7587 7592
f 7592 7593 7091
f 7085 7580 7588
f 7588 7092 7085
f 10875 10877 11491
f 11491 11489 10875
f 347 348 352
f 352 351 347
f 7087 7088 7584
f 7584 7583 7087
f 7080 7087 7583
f 7583 7575 7080
f 7085 7582 7581
f 7581 7580 7085
f 7573 7581 7582
f 7582 7574 7573
f 7564 7573 7574
f 7574 7565 7564
f 6159 6557 6566
f 6566 6168 6159
f 6233 6234 6235
f 6235 6236 6233
f 7060 7566 7557
f 7557 7062 7060
f 7060 7072 7567
f 7567 7566 7060
f 2646 2908 2915
f 2915 2653 2646
f 7061 7062 7557
f 7557 7544 7061
f 7067 7551 7554
f 7554 7070 7067
f 7551 7552 7555
f 7555 7554 7551
f 7070 7554 7555
f 7555 7556 7070
f 7065 7548 7551
f 7551 7067 7065
f 8601 8616 9192
f 9192 9191 8601
f 7548 7549 7552
f 7552 7551 7548
f 7061 7542 7545
f 7545 7063 7061
f 7099 7100 7595
f 7595 7594 7099
f 7061 7544 7543
f 7543 7542 7061
f 4876 4882 4883
f 4883 4877 4876
f 7531 7540 7541
f 7541 7532 7531
f 1663 1674 2054
f 2054 2045 1663
f 7045 7532 7541
f 7541 7055 7045
f 6502 6503 6955
f 6955 6954 6502
f 7052 7053 7539
f 7539 7538 7052
f 6851 7301 7300
f 7300 7299 6851
f 7049 7050 7536
f 7536 7535 7049
f 7048 7049 7535
f 7535 7534 7048
f 7035 7047 7533
f 7533 7522 7035
f 7032 7517 7532
f 7532 7045 7032
f 2536 2803 2811
f 2811 2546 2536
f 7039 7040 7527
f 7527 7526 7039
f 5604 5954 5966
f 5966 5965 5604
f 10854 10855 10874
f 10874 10873 10854
f 7104 7599 7607
f 7607 7112 7104
f 7033 7034 7521
f 7521 7520 7033
f 7016 7017 7033
f 7033 7519 7016
f 9474 9490 10114
f 10114 10101 9474
f 7033 7520 7518
f 7518 7519 7033
f 8984 9557 9558
f 9558 9559 8984
f 7016 7519 7518
f 7518 7501 7016
f 7028 7500 7516
f 7516 7031 7028
f 7031 7516 7517
f 7517 7032 7031
f 10480 10494 10496
f 10496 10495 10480
f 11331 11344 11345
f 11345 11332 11331
f 7025 7512 7510
f 7510 7511 7025
f 11194 11195 11724
f 11724 11723 11194
f 8043 8044 8537
f 8537 8536 8043
f 10147 10777 10779
f 10779 10149 10147
f 7496 7497 7500
f 7500 7499 7496
f 7014 7496 7499
f 7499 7498 7014
f 7028 7498 7499
f 7499 7500 7028
f 7011 7480 7496
f 7496 7014 7011
f 7008 7009 7493
f 7493 7474 7008
f 4128 4404 4403
f 4403 4402 4128
f 7006 7491 7490
f 7490 7489 7006
f 8740 8741 8745
f 8745 8744 8740
f 8220 8721 8739
f 8739 8221 8220
f 4878 5194 5197
f 5197 4880 4878
f 754 767 768
f 768 755 754
f 4792 5109 4800
f 4800 4793 4792
f 7566 7567 8071
f 8071 8070 7566
f 6989 6998 7481
f 7481 7454 6989
f 7008 7475 7478
f 7478 7011 7008
f 7011 7478 7479
f 7479 7480 7011
f 7008 7474 7471
f 7471 7475 7008
f 9091 9092 9094
f 9094 9093 9091
f 7471 7472 7476
f 7476 7475 7471
f 7467 7471 7474
f 7474 7470 7467
f 7469 7470 7474
f 7474 7473 7469
f 7467 7468 7472
f 7472 7471 7467
f 6988 7463 7466
f 7466 6997 6988
f 6169 6567 6569
f 6569 6171 6169
f 6988 7453 7464
f 7464 7463 6988
f 7463 7464 7465
f 7465 7466 7463
f 6591 6592 7047
f 7047 7046 6591
f 299 300 304
f 304 303 299
f 1534 1908 1897
f 1897 1899 1534
f 8555 9124 8563
f 8563 8556 8555
f 9109 9110 9111
f 9111 9112 9109
f 7063 7545 7548
f 7548 7065 7063
f 2403 2404 2411
f 2411 2670 2403
f 11503 11516 11517
f 11517 11504 11503
f 6978 6979 7445
f 7445 7444 6978
f 6975 7441 6987
f 6987 6976 6975
f 6987 7441 7442
f 7442 7443 6987
f 2812 2814 3082
f 3082 3081 2812
f 11136 11159 11160
f 11160 11138 11136
f 743 744 746
f 746 745 743
f 4414 4415 4719
f 4719 4707 4414
f 6968 6969 7434
f 7434 7423 6968
f 6958 7421 7422
f 7422 7424 6958
f 6968 7423 7422
f 7422 7421 6968
f 5880 5887 6246
f 6246 6239 5880
f 6964 7415 7418
f 7418 6966 6964
f 6962 7412 7415
f 7415 6964 6962
f 1403 1404 1405
f 1405 1406 1403
f 7412 7413 7416
f 7416 7415 7412
f 6962 7414 7413
f 7413 7412 6962
f 6942 7403 7411
f 7411 6951 6942
f 6948 6949 7409
f 7409 7408 6948
f 7398 7406 7407
f 7407 7399 7398
f 4116 4397 4400
f 4400 4399 4116
f 6943 6944 7405
f 7405 7404 6943
f 6934 7396 7405
f 7405 6944 6934
f 3040 3049 3353
f 3353 3344 3040
f 6926 6936 7397
f 7397 7388 6926
f 11878 11893 11894
f 11894 11880 11878
f 4593 4900 4903
f 4903 4596 4593
f 9097 9708 9707
f 9707 9687 9097
f 6925 6926 7388
f 7388 7387 6925
f 6913 6925 7387
f 7387 7376 6913
f 6922 6923 7386
f 7386 7385 6922
f 10045 10065 10066
f 10066 10046 10045
f 6911 7371 7386
f 7386 6923 6911
f 1731 1732 1733
f 1733 1734 1731
f 6887 7349 7360
f 7360 6899 6887
f 9682 10296 10294
f 10294 10295 9682
f 5133 5134 5466
f 5466 5465 5133
f 5873 6222 6225
f 6225 5876 5873
f 3680 3688 3984
f 3984 3976 3680
f 6877 6889 7350
f 7350 7339 6877
f 6875 7334 7349
f 7349 6887 6875
f 8934 8945 9536
f 9536 9525 8934
f 8173 8663 8664
f 8664 8665 8173
f 2564 2567 2566
f 2566 2565 2564
f 7978 7979 8486
f 8486 7995 7978
f 916 1078 1083
f 1083 1084 916
f 472 667 666
f 666 665 472
f 6877 7339 7337
f 7337 7338 6877
f 6865 7335 7336
f 7336 7324 6865
f 3996 3997 4279
f 4279 4278 3996
f 6864 6865 7324
f 7324 7323 6864
f 1026 1027 1155
f 1155 1153 1026
f 1542 1543 1934
f 1934 1918 1542
f 6833 7298 7312
f 7312 6848 6833
f 6848 7312 7311
f 7311 7310 6848
f 11739 11755 11756
f 11756 11740 11739
f 11466 11467 11487
f 11487 11486 11466
f 4470 4478 4777
f 4777 4770 4470
f 6836 6837 6851
f 6851 7299 6836
f 4816 5135 4833
f 4833 4817 4816
f 6836 7299 7300
f 7300 7288 6836
f 7967 8457 8458
f 8458 7968 7967
f 6836 7272 7274
f 7274 6839 6836
f 7284 7285 7287
f 7287 7286 7284
f 6811 7268 7286
f 7286 7287 6811
f 6806 6807 7283
f 7283 6822 6806
f 1279 1283 1284
f 1284 1280 1279
f 3516 3814 3817
f 3817 3518 3516
f 4657 4666 4983
f 4983 4974 4657
f 7472 7950 7966
f 7966 7476 7472
f 1168 1182 1358
f 1358 1347 1168
f 7253 7269 7270
f 7270 7254 7253
f 9133 9698 9697
f 9697 9716 9133
f 1104 1268 1270
f 1270 1105 1104
f 8748 9351 9350
f 9350 9331 8748
f 7047 7048 7534
f 7534 7533 7047
f 6785 6787 6799
f 6799 7258 6785
f 7240 7241 7256
f 7256 7255 7240
f 10962 10978 10979
f 10979 10965 10962
f 520 521 532
f 532 531 520
f 8720 8741 8740
f 8740 8721 8720
f 8001 8493 8018
f 8018 8002 8001
f 11216 11757 11758
f 11758 11743 11216
f 6771 7236 7239
f 7239 6783 6771
f 7236 7237 7238
f 7238 7239 7236
f 1925 1941 1942
f 1942 1926 1925
f 8545 8546 9126
f 9126 9116 8545
f 6759 6761 6773
f 6773 7224 6759
f 6759 7224 7222
f 7222 7208 6759
f 7221 7222 7224
f 7224 7223 7221
f 6757 7204 7220
f 7220 6771 6757
f 6742 6744 6759
f 6759 7208 6742
f 2226 2568 2571
f 2571 2230 2226
f 6740 7206 7205
f 7205 7191 6740
f 1835 1837 2224
f 2224 2222 1835
f 8895 8896 9491
f 9491 9490 8895
f 2282 2292 2293
f 2293 2283 2282
f 8022 8023 8516
f 8516 8515 8022
f 7171 7172 7190
f 7190 7189 7171
f 6725 7186 6756
f 6756 6739 6725
f 6725 7168 7187
f 7187 7186 6725
f 2933 3231 2944
f 2944 2934 2933
f 6712 7169 7170
f 7170 7156 6712
f 8540 8541 8543
f 8543 8542 8540
f 3178 3488 3487
f 3487 3486 3178
f 7169 7172 7171
f 7171 7170 7169
f 6709 7155 7168
f 7168 6725 6709
f 11400 11421 11856
f 11856 11855 11400
f 6901 6913 7376
f 7376 7361 6901
f 5784 6150 6159
f 6159 5795 5784
f 2270 2282 2283
f 2283 2272 2270
f 9284 9310 9311
f 9311 9285 9284
f 2348 2599 2600
f 2600 2601 2348
f 67 68 70
f 70 69 67
f 8173 8665 8681
f 8681 8680 8173
f 11257 11777 11793
f 11793 11278 11257
f 6711 6712 7156
f 7156 7142 6711
f 1972 1985 1986
f 1986 1973 1972
f 9367 9986 10006
f 10006 9387 9367
f 7615 7624 7625
f 7625 7626 7615
f 3609 3616 3617
f 3617 3610 3609
f 6711 7142 7141
f 7141 7140 6711
f 296 297 475
f 475 474 296
f 711 714 713
f 713 712 711
f 10045 10665 10683
f 10683 10065 10045
f 11762 11776 11777
f 11777 11763 11762
f 6958 7424 7426
f 7426 6960 6958
f 6671 6682 7127
f 7127 7117 6671
f 6679 7125 7126
f 7126 6680 6679
f 6670 6671 7117
f 7117 7116 6670
f 6660 7107 7100
f 7100 6662 6660
f 6658 7105 7107
f 7107 6660 6658
f 6658 6659 7106
f 7106 7105 6658
f 10160 10161 10163
f 10163 10162 10160
f 6653 7101 7103
f 7103 6656 6653
f 6653 6654 6662
f 6662 7098 6653
f 6653 7098 7099
f 7099 7101 6653
f 6649 6650 7097
f 7097 7096 6649
f 7615 7626 8119
f 8119 8109 7615
f 10565 10587 10588
f 10588 10566 10565
f 6646 7093 7092
f 7092 7091 6646
f 6639 7085 7092
f 7092 7093 6639
f 5387 5388 5729
f 5729 5728 5387
f 7652 7665 8158
f 8158 8145 7652
f 1455 1807 1818
f 1818 1816 1455
f 2156 2491 2500
f 2500 2166 2156
f 3615 3918 3920
f 3920 3621 3615
f 8400 8935 8937
f 8937 8402 8400
f 8596 8597 9178
f 9178 9177 8596
f 7079 7086 7087
f 7087 7080 7079
f 11320 11335 11336
f 11336 11321 11320
f 10483 10510 10511
f 10511 10484 10483
f 7072 7078 7079
f 7079 7080 7072
f 6623 6633 7079
f 7079 7078 6623
f 6630 7071 7077
f 7077 6631 6630
f 6620 7067 7070
f 7070 7069 6620
f 7939 7940 7944
f 7944 7943 7939
f 6630 7069 7070
f 7070 7071 6630
f 10201 10224 10225
f 10225 10203 10201
f 6615 7063 7065
f 7065 6617 6615
f 6613 7061 7063
f 7063 6615 6613
f 1707 2083 1718
f 1718 1710 1707
f 2351 2609 2619
f 2619 2618 2351
f 6611 7059 7061
f 7061 6613 6611
f 7049 7056 7057
f 7057 7050 7049
f 6605 6606 7057
f 7057 7056 6605
f 6594 6605 7056
f 7056 7049 6594
f 6589 7045 7055
f 7055 6600 6589
f 6598 6599 7054
f 7054 7053 6598
f 2676 2677 2680
f 2680 2679 2676
f 9487 10100 10113
f 10113 9488 9487
f 5888 5893 6253
f 6253 6247 5888
f 6576 6577 7034
f 7034 7033 6576
f 11251 11252 11773
f 11773 11759 11251
f 6574 7030 6588
f 6588 6575 6574
f 6588 7030 7031
f 7031 7032 6588
f 6571 7015 7028
f 7028 6574 6571
f 10767 10771 10774
f 10774 10770 10767
f 3826 4117 4123
f 4123 3829 3826
f 8978 9591 9590
f 9590 9573 8978
f 6558 6559 7017
f 7017 7016 6558
f 9441 9457 10086
f 10086 10069 9441
f 6569 7010 7013
f 7013 6571 6569
f 6571 7013 7014
f 7014 7015 6571
f 6567 7007 7010
f 7010 6569 6567
f 6567 7009 7008
f 7008 7007 6567
f 6548 6997 7006
f 7006 6557 6548
f 7837 7838 7849
f 7849 8342 7837
f 8866 9456 9455
f 9455 9454 8866
f 6540 6549 6998
f 6998 6989 6540
f 6538 6988 6997
f 6997 6548 6538
f 1786 1797 1798
f 1798 1787 1786
f 6528 6976 6987
f 6987 6537 6528
f 3436 3723 3727
f 3727 3439 3436
f 8933 8934 9525
f 9525 9524 8933
f 5078 5087 5088
f 5088 5079 5078
f 6519 6977 6978
f 6978 6969 6519
f 6539 6979 6978
f 6978 6977 6539
f 2832 2833 3109
f 3109 3106 2832
f 6516 6967 6975
f 6975 6527 6516
f 6527 6975 6976
f 6976 6528 6527
f 792 976 978
f 978 793 792
f 6518 6519 6969
f 6969 6968 6518
f 6509 6962 6964
f 6964 6512 6509
f 6506 6507 6520
f 6520 6957 6506
f 6503 6504 6956
f 6956 6955 6503
f 9166 9167 9771
f 9771 9770 9166
f 7803 7804 8313
f 8313 7819 7803
f 6947 6953 6954
f 6954 6948 6947
f 6501 6502 6954
f 6954 6953 6501
f 5139 5156 5490
f 5490 5472 5139
f 6497 6498 6951
f 6951 6950 6497
f 10334 10335 10347
f 10347 10346 10334
f 6936 6945 6946
f 6946 6937 6936
f 6490 6491 6944
f 6944 6943 6490
f 2593 2856 2858
f 2858 2595 2593
f 6925 6935 6936
f 6936 6926 6925
f 9278 9279 9283
f 9283 9282 9278
f 6482 6483 6936
f 6936 6935 6482
f 6472 6482 6935
f 6935 6925 6472
f 5499 5500 5846
f 5846 5845 5499
f 6471 6924 6923
f 6923 6922 6471
f 3327 3335 3631
f 3631 3630 3327
f 8355 8371 8372
f 8372 8356 8355
f 6911 6923 6924
f 6924 6912 6911
f 5443 5773 5783
f 5783 5782 5443
f 6452 6462 6913
f 6913 6901 6452
f 6451 6900 6912
f 6912 6461 6451
f 4691 5003 5004
f 5004 5005 4691
f 6899 6911 6912
f 6912 6900 6899
f 7876 7886 8382
f 8382 8372 7876
f 7469 7997 7996
f 7996 7981 7469
f 3724 3728 3731
f 3731 3727 3724
f 6442 6452 6901
f 6901 6889 6442
f 6283 6680 6694
f 6694 6693 6283
f 11492 11493 11916
f 11916 11915 11492
f 1582 1966 1977
f 1977 1592 1582
f 2216 2217 2221
f 2221 2557 2216
f 8505 8506 9065
f 9065 8524 8505
f 6875 6887 6888
f 6888 6876 6875
f 457 472 473
f 473 458 457
f 9504 9505 10128
f 10128 10127 9504
f 10083 10084 10719
f 10719 10100 10083
f 6427 6862 6876
f 6876 6428 6427
f 6861 6875 6876
f 6876 6862 6861
f 4706 5023 5013
f 5013 4708 4706
f 4075 4084 4085
f 4085 4076 4075
f 5693 5705 6065
f 6065 6055 5693
f 6417 6418 6431
f 6431 6863 6417
f 10260 10278 10912
f 10912 10896 10260
f 10195 10813 10812
f 10812 10811 10195
f 6431 6865 6864
f 6864 6863 6431
f 3153 3162 3468
f 3468 3457 3153
f 6427 6847 6849
f 6849 6862 6427
f 7106 7116 7614
f 7614 7601 7106
f 6848 6861 6862
f 6862 6849 6848
f 8399 8411 8945
f 8945 8934 8399
f 7968 8458 8473
f 8473 7984 7968
f 11794 11812 11813
f 11813 11795 11794
f 6402 6403 6417
f 6417 6850 6402
f 7297 7311 7312
f 7312 7298 7297
f 6402 6850 6851
f 6851 6837 6402
f 10550 10572 11178
f 11178 11157 10550
f 6833 6848 6849
f 6849 6834 6833
f 6411 6828 6830
f 6830 6414 6411
f 683 896 907
f 907 908 683
f 6396 6397 6405
f 6405 6838 6396
f 514 522 523
f 523 515 514
f 6402 6837 6836
f 6836 6835 6402
f 94 274 282
f 282 95 94
f 6821 6823 6834
f 6834 6832 6821
f 6822 6833 6834
f 6834 6823 6822
f 6389 6819 6830
f 6830 6828 6389
f 6388 6389 6828
f 6828 6393 6388
f 4489 4784 4783
f 4783 4782 4489
f 6396 6824 6813
f 6813 6814 6396
f 6383 6385 6823
f 6823 6821 6383
f 10666 10684 11295
f 11295 11274 10666
f 6380 6381 6819
f 6819 6389 6380
f 7443 7938 7464
f 7464 7453 7443
f 417 428 629
f 629 619 417
f 6378 6387 6814
f 6814 6800 6378
f 6799 6800 6814
f 6814 6813 6799
f 6796 6798 6812
f 6812 6810 6796
f 4893 4894 5219
f 5219 4898 4893
f 6376 6796 6810
f 6810 6808 6376
f 6375 6376 6808
f 6808 6385 6375
f 3090 3394 3392
f 3392 3393 3090
f 11816 11830 11831
f 11831 11817 11816
f 11806 11807 11809
f 11809 11808 11806
f 6369 6370 6378
f 6378 6800 6369
f 6369 6800 6799
f 6799 6787 6369
f 6783 6797 6798
f 6798 6784 6783
f 6366 6367 6796
f 6796 6376 6366
f 1277 1278 1279
f 1279 1280 1277
f 9509 9510 10133
f 10133 10132 9509
f 7585 7590 8091
f 8091 8087 7585
f 6358 6359 6369
f 6369 6786 6358
f 5483 5484 5823
f 5823 5822 5483
f 6346 6758 6772
f 6772 6356 6346
f 7985 8474 8491
f 8491 8001 7985
f 1204 1383 1386
f 1386 1207 1204
f 6757 6771 6772
f 6772 6758 6757
f 529 539 540
f 540 530 529
f 9785 9786 9787
f 9787 9788 9785
f 8909 8910 9505
f 9505 9504 8909
f 522 533 534
f 534 523 522
f 6336 6337 6347
f 6347 6760 6336
f 6347 6761 6759
f 6759 6760 6347
f 8327 8865 8880
f 8880 8340 8327
f 6336 6760 6759
f 6759 6744 6336
f 740 741 936
f 936 935 740
f 6335 6755 6758
f 6758 6346 6335
f 6755 6756 6757
f 6757 6758 6755
f 1074 1077 1206
f 1206 1203 1074
f 1246 1247 1253
f 1253 1252 1246
f 6726 6727 6741
f 6741 6740 6726
f 6322 6725 6739
f 6739 6335 6322
f 1686 1687 2067
f 2067 2066 1686
f 7638 7652 8145
f 8145 8144 7638
f 6014 6404 6405
f 6405 6397 6014
f 5067 5396 5407
f 5407 5079 5067
f 275 285 284
f 284 276 275
f 10220 10852 10853
f 10853 10221 10220
f 6712 6713 6727
f 6727 6726 6712
f 6306 6709 6725
f 6725 6322 6306
f 8118 8624 8634
f 8634 8128 8118
f 5325 5657 5658
f 5658 5659 5325
f 3152 3153 3457
f 3457 3450 3152
f 697 701 915
f 915 912 697
f 2218 2219 2553
f 2553 2552 2218
f 3709 4008 4013
f 4013 3712 3709
f 6309 6310 6713
f 6713 6710 6309
f 2398 2399 2658
f 2658 2657 2398
f 4495 4793 4800
f 4800 4497 4495
f 6309 6710 6711
f 6711 6698 6309
f 6099 6100 6493
f 6493 6492 6099
f 6293 6294 6309
f 6309 6696 6293
f 6293 6696 6697
f 6697 6683 6293
f 6283 6693 6305
f 6305 6292 6283
f 2279 2289 2290
f 2290 2280 2279
f 11692 11715 11716
f 11716 11693 11692
f 9533 10152 10160
f 10160 9543 9533
f 6274 6284 6293
f 6293 6681 6274
f 6274 6681 6682
f 6682 6671 6274
f 8366 8905 8918
f 8918 8919 8366
f 6293 6683 6682
f 6682 6681 6293
f 9350 9351 9370
f 9370 9369 9350
f 7349 7860 7373
f 7373 7360 7349
f 6272 6669 6679
f 6679 6282 6272
f 9647 10257 10274
f 10274 9648 9647
f 2302 2314 2315
f 2315 2303 2302
f 8485 8487 9048
f 9048 8506 8485
f 6273 6274 6671
f 6671 6670 6273
f 6268 6666 6668
f 6668 6271 6268
f 7497 8002 8018
f 8018 7500 7497
f 6262 6662 6654
f 6654 6264 6262
f 6260 6660 6662
f 6662 6262 6260
f 6258 6658 6660
f 6660 6260 6258
f 10687 10688 11300
f 11300 11299 10687
f 10484 11114 11093
f 11093 10485 10484
f 6652 6653 6656
f 6656 6655 6652
f 8681 9254 9255
f 9255 8682 8681
f 6266 6655 6656
f 6656 6657 6266
f 7935 7939 7942
f 7942 7938 7935
f 6255 6651 6650
f 6650 6649 6255
f 6250 6645 6650
f 6650 6651 6250
f 10258 10259 10277
f 10277 10276 10258
f 6254 6255 6649
f 6649 6648 6254
f 312 503 511
f 511 314 312
f 6246 6247 6642
f 6642 6641 6246
f 6239 6246 6641
f 6641 6633 6239
f 6235 6632 6640
f 6640 6244 6235
f 5831 5832 6194
f 6194 6193 5831
f 9213 9842 9843
f 9843 9223 9213
f 6228 6239 6633
f 6633 6623 6228
f 6234 6629 6632
f 6632 6235 6234
f 9254 9878 9881
f 9881 9880 9254
f 6234 6621 6630
f 6630 6629 6234
f 768 957 947
f 947 769 768
f 6612 6622 6623
f 6623 6624 6612
f 4901 5222 5223
f 5223 5225 4901
f 6217 6622 6612
f 6612 6219 6217
f 6226 6619 6234
f 6234 6227 6226
f 6226 6617 6620
f 6620 6619 6226
f 11307 11308 11820
f 11820 11819 11307
f 3730 3742 3741
f 3741 3731 3730
f 6234 6619 6620
f 6620 6621 6234
f 6223 6615 6617
f 6617 6226 6223
f 6211 6607 6609
f 6609 6610 6211
f 9696 10309 10310
f 10310 9697 9696
f 6209 6210 6606
f 6606 6605 6209
f 6208 6209 6605
f 6605 6604 6208
f 7205 7716 7714
f 7714 7698 7205
f 6207 6208 6604
f 6604 6603 6207
f 6591 6602 6603
f 6603 6592 6591
f 6206 6207 6603
f 6603 6602 6206
f 6204 6601 6600
f 6600 6599 6204
f 6191 6589 6600
f 6600 6601 6191
f 6185 6202 6597
f 6597 6585 6185
f 7468 7469 7980
f 7980 7963 7468
f 3530 3830 3839
f 3839 3838 3530
f 713 728 924
f 924 923 713
f 6576 6590 6591
f 6591 6577 6576
f 6193 6194 6591
f 6591 6590 6193
f 6176 6193 6590
f 6590 6576 6176
f 6187 6575 6588
f 6588 6190 6187
f 11836 11846 11847
f 11847 11837 11836
f 1077 1081 1083
f 1083 1078 1077
f 6170 6184 6584
f 6584 6568 6170
f 16 17 44
f 44 39 16
f 6182 6183 6583
f 6583 6582 6182
f 6168 6566 6583
f 6583 6183 6168
f 6161 6176 6576
f 6576 6559 6161
f 3508 3509 3810
f 3810 3809 3508
f 6187 6573 6574
f 6574 6575 6187
f 1441 1449 1800
f 1800 1791 1441
f 7282 7283 7285
f 7285 7284 7282
f 6697 7140 7141
f 7141 7143 6697
f 1182 1183 1359
f 1359 1358 1182
f 6160 6161 6559
f 6559 6558 6160
f 10225 10244 10245
f 10245 10226 10225
f 3429 3430 3433
f 3433 3432 3429
f 1722 2090 2091
f 2091 2092 1722
f 6141 6151 6549
f 6549 6540 6141
f 11616 11617 12027
f 12027 12026 11616
f 6149 6538 6548
f 6548 6150 6149
f 2841 2844 3125
f 3125 3122 2841
f 1764 1765 1766
f 1766 1767 1764
f 6137 6536 6149
f 6149 6138 6137
f 11945 11956 11957
f 11957 11946 11945
f 7117 7127 7624
f 7624 7615 7117
f 4176 4177 4467
f 4467 4466 4176
f 6149 6536 6537
f 6537 6538 6149
f 6127 6526 6137
f 6137 6128 6127
f 6115 6116 6130
f 6130 6517 6115
f 905 906 908
f 908 907 905
f 6115 6517 6518
f 6518 6520 6115
f 7253 7746 7761
f 7761 7269 7253
f 6130 6519 6518
f 6518 6517 6130
f 6511 6512 6515
f 6515 6514 6511
f 6127 6514 6515
f 6515 6516 6127
f 6922 7385 7396
f 7396 6934 6922
f 6508 6509 6512
f 6512 6511 6508
f 7220 7712 7730
f 7730 7237 7220
f 6118 6505 6508
f 6508 6121 6118
f 3073 3081 3384
f 3384 3376 3073
f 10643 10644 10646
f 10646 10645 10643
f 6505 6506 6509
f 6509 6508 6505
f 1264 1265 1266
f 1266 1267 1264
f 9986 9987 10610
f 10610 10609 9986
f 7255 7256 7272
f 7272 7271 7255
f 6105 6106 6499
f 6499 6498 6105
f 1107 1112 1290
f 1290 1289 1107
f 9787 9797 9798
f 9798 9788 9787
f 7533 7534 8041
f 8041 8040 7533
f 3584 3585 3894
f 3894 3893 3584
f 6096 6097 6491
f 6491 6490 6096
f 7529 7530 8033
f 8033 8032 7529
f 4664 4981 4990
f 4990 4673 4664
f 6076 6471 6481
f 6481 6087 6076
f 11721 11739 11740
f 11740 11722 11721
f 6645 6646 7091
f 7091 7090 6645
f 559 560 562
f 562 561 559
f 10610 10611 11234
f 11234 11232 10610
f 6067 6078 6472
f 6472 6462 6067
f 6064 6461 6471
f 6471 6076 6064
f 5136 5467 5470
f 5470 5469 5136
f 11831 11843 11844
f 11844 11832 11831
f 8551 9108 9112
f 9112 8555 8551
f 1422 1424 1432
f 1432 1430 1422
f 5330 5662 5661
f 5661 5660 5330
f 8595 8596 9177
f 9177 9176 8595
f 9086 9088 9108
f 9108 9106 9086
f 3612 3618 3619
f 3619 3613 3612
f 6055 6067 6462
f 6462 6452 6055
f 8915 9510 9523
f 9523 8926 8915
f 5769 6128 6137
f 6137 5772 5769
f 338 345 346
f 346 339 338
f 4297 4298 4586
f 4586 4585 4297
f 2811 3080 3088
f 3088 3089 2811
f 3534 3543 3555
f 3555 3853 3534
f 3732 3733 3736
f 3736 3735 3732
f 6032 6429 6053
f 6053 6041 6032
f 6053 6429 6428
f 6428 6441 6053
f 6987 7443 7453
f 7453 6988 6987
f 6515 6966 6967
f 6967 6516 6515
f 5340 5670 5669
f 5669 5668 5340
f 6666 7112 7114
f 7114 6668 6666
f 10258 10260 10896
f 10896 10895 10258
f 5716 6076 6087
f 6087 5727 5716
f 8536 9096 9095
f 9095 9078 8536
f 6033 6034 6042
f 6042 6430 6033
f 6042 6432 6431
f 6431 6430 6042
f 7533 8040 8038
f 8038 8039 7533
f 6019 6020 6033
f 6033 6416 6019
f 6019 6416 6417
f 6417 6403 6019
f 1112 1122 1300
f 1300 1290 1112
f 6031 6413 6414
f 6414 6415 6031
f 6025 6400 6410
f 6410 6028 6025
f 10834 11435 10852
f 10852 10835 10834
f 3906 3912 4201
f 4201 4197 3906
f 6401 6402 6405
f 6405 6404 6401
f 6014 6395 6392
f 6392 6016 6014
f 11065 11624 11626
f 11626 11067 11065
f 6012 6388 6393
f 6393 6394 6012
f 6012 6390 6389
f 6389 6388 6012
f 8515 8516 9055
f 9055 9054 8515
f 9099 9100 9114
f 9114 9113 9099
f 6383 6384 6386
f 6386 6385 6383
f 6005 6375 6385
f 6385 6386 6005
f 6002 6003 6382
f 6382 6009 6002
f 6009 6382 6381
f 6381 6380 6009
f 7543 8047 8050
f 8050 7546 7543
f 5997 5998 6377
f 6377 6005 5997
f 6005 6377 6376
f 6376 6375 6005
f 5998 6366 6376
f 6376 6377 5998
f 8568 8574 9151
f 9151 9141 8568
f 10137 10138 10756
f 10756 10755 10137
f 5999 6000 6370
f 6370 6369 5999
f 5328 5329 5340
f 5340 5668 5328
f 5991 5999 6369
f 6369 6359 5991
f 6356 6367 6368
f 6368 6357 6356
f 5147 5149 5482
f 5482 5480 5147
f 6947 6948 7408
f 7408 7407 6947
f 3764 4061 4073
f 4073 3772 3764
f 995 1005 1133
f 1133 1123 995
f 2085 2423 2424
f 2424 2412 2085
f 8852 9424 9423
f 9423 9422 8852
f 5990 5991 6359
f 6359 6358 5990
f 5978 5979 6357
f 6357 5989 5978
f 5301 5302 5635
f 5635 5634 5301
f 10026 10027 10647
f 10647 10628 10026
f 909 1071 1069
f 1069 1070 909
f 5967 6335 6346
f 6346 5979 5967
f 770 949 960
f 960 784 770
f 11727 11743 11744
f 11744 11728 11727
f 5969 5970 6337
f 6337 6336 5969
f 891 892 1052
f 1052 1051 891
f 1388 1711 1712
f 1712 1709 1388
f 7530 7539 8045
f 8045 8033 7530
f 1449 1451 1457
f 1457 1811 1449
f 6310 6311 6324
f 6324 6323 6310
f 1647 2032 2043
f 2043 1660 1647
f 8083 8593 8599
f 8599 8090 8083
f 10222 10224 10243
f 10243 10876 10222
f 1637 1638 2023
f 2023 2022 1637
f 4887 5206 5209
f 5209 4888 4887
f 5935 5945 6311
f 6311 6308 5935
f 6308 6311 6310
f 6310 6309 6308
f 5932 6292 6305
f 6305 6304 5932
f 5924 5934 6293
f 6293 6284 5924
f 9666 9667 9682
f 9682 10295 9666
f 5911 5924 6284
f 6284 6274 5911
f 5919 6272 6282
f 6282 5922 5919
f 5922 6282 6283
f 6283 5923 5922
f 7897 7903 7904
f 7904 7898 7897
f 7419 7914 7915
f 7915 7420 7419
f 5907 6268 6271
f 6271 6270 5907
f 6520 6959 6958
f 6958 6957 6520
f 5919 6270 6271
f 6271 6272 5919
f 5904 6266 6268
f 6268 5907 5904
f 5898 6260 6262
f 6262 5900 5898
f 5912 6259 6258
f 6258 6257 5912
f 4102 4107 4108
f 4108 4103 4102
f 5895 6256 6255
f 6255 6254 5895
f 5893 5895 6254
f 6254 6253 5893
f 5891 6252 6251
f 6251 6250 5891
f 5887 5888 6247
f 6247 6246 5887
f 5877 6236 6245
f 6245 5884 5877
f 6235 6244 6245
f 6245 6236 6235
f 8998 9014 9016
f 9016 9015 8998
f 6228 6237 6238
f 6238 6239 6228
f 5879 5880 6239
f 6239 6238 5879
f 5869 5879 6238
f 6238 6237 5869
f 5876 6233 6236
f 6236 5877 5876
f 7924 8408 8419
f 8419 8418 7924
f 3299 3602 3610
f 3610 3308 3299
f 9612 9632 10243
f 10243 10224 9612
f 5862 5870 6228
f 6228 6217 5862
f 5634 5635 5991
f 5991 5990 5634
f 10199 10837 10857
f 10857 10201 10199
f 9797 10421 9831
f 9831 9814 9797
f 5023 5024 5352
f 5352 5351 5023
f 6222 6223 6226
f 6226 6225 6222
f 5866 6222 5873
f 5873 5867 5866
f 9330 9948 9969
f 9969 9349 9330
f 10024 10664 10665
f 10665 10045 10024
f 10226 10245 10246
f 10246 10227 10226
f 312 314 316
f 316 315 312
f 9211 9825 9842
f 9842 9213 9211
f 880 881 1043
f 1043 1042 880
f 5863 6218 6220
f 6220 5866 5863
f 6209 6214 6215
f 6215 6210 6209
f 5850 6210 6215
f 6215 5857 5850
f 6208 6213 6214
f 6214 6209 6208
f 5855 5856 6214
f 6214 6213 5855
f 6207 6212 6213
f 6213 6208 6207
f 5854 5855 6213
f 6213 6212 5854
f 5847 5854 6212
f 6212 6207 5847
f 5837 6199 6211
f 6211 5851 5837
f 5825 5828 6205
f 6205 5843 5825
f 3897 3905 4196
f 4196 4189 3897
f 4682 4683 4998
f 4998 4997 4682
f 5823 5839 6201
f 6201 6184 5823
f 6182 6199 6200
f 6200 6183 6182
f 5820 6183 6200
f 6200 5838 5820
f 1894 2284 2285
f 2285 1905 1894
f 5813 5831 6193
f 6193 6176 5813
f 7899 7905 7906
f 7906 7900 7899
f 5827 6189 6192
f 6192 5828 5827
f 5856 5857 6215
f 6215 6214 5856
f 8664 9236 9237
f 9237 8665 8664
f 5828 6192 6191
f 6191 6188 5828
f 5827 6187 6190
f 6190 6189 5827
f 5811 6174 6187
f 6187 5827 5811
f 5806 5823 6184
f 6184 6170 5806
f 9628 9648 9649
f 9649 9629 9628
f 1261 1552 1554
f 1554 1265 1261
f 5804 6168 6183
f 6183 5820 5804
f 4021 4310 4031
f 4031 4022 4021
f 2421 2433 2432
f 2432 2422 2421
f 4873 5192 4878
f 4878 4875 4873
f 9404 9405 10046
f 10046 9421 9404
f 3495 3798 3806
f 3806 3503 3495
f 5807 6171 6173
f 6173 5810 5807
f 5805 5806 6170
f 6170 6169 5805
f 47 48 54
f 54 53 47
f 2411 2682 2683
f 2683 2672 2411
f 1949 1950 2323
f 2323 2322 1949
f 5787 5796 6160
f 6160 6151 5787
f 7223 7224 7241
f 7241 7240 7223
f 9015 9016 9608
f 9608 9607 9015
f 5313 5647 5653
f 5653 5319 5313
f 2914 2915 3206
f 3206 3205 2914
f 5786 5787 6151
f 6151 6141 5786
f 5773 6138 6149
f 6149 5783 5773
f 5783 6149 6150
f 6150 5784 5783
f 8786 8788 9389
f 9389 8804 8786
f 6638 6639 7093
f 7093 6646 6638
f 5774 6139 6140
f 6140 6131 5774
f 5786 6141 6140
f 6140 6139 5786
f 5772 6137 6138
f 6138 5773 5772
f 5761 6129 6130
f 6130 6116 5761
f 5767 6123 6126
f 6126 5769 5767
f 8960 8984 9559
f 9559 9560 8960
f 5765 6120 6123
f 6123 5767 5765
f 9490 9491 10115
f 10115 10114 9490
f 1458 1459 1824
f 1824 1463 1458
f 5761 6116 6115
f 6115 6114 5761
f 6694 7138 7139
f 7139 6695 6694
f 5923 6283 6292
f 6292 5932 5923
f 3004 3005 3311
f 3311 3310 3004
f 5750 5751 6110
f 6110 6109 5750
f 11982 11995 11996
f 11996 11983 11982
f 5749 5750 6109
f 6109 6108 5749
f 6309 6698 6697
f 6697 6696 6309
f 3714 3716 3717
f 3717 3715 3714
f 6088 6098 6099
f 6099 6089 6088
f 5718 5729 6088
f 6088 6078 5718
f 1692 1695 1696
f 1696 1693 1692
f 5717 5718 6078
f 6078 6077 5717
f 5704 6064 6076
f 6076 5716 5704
f 455 456 471
f 471 470 455
f 7465 7978 7995
f 7995 7490 7465
f 3031 3343 3335
f 3335 3032 3031
f 9421 10046 10066
f 10066 9439 9421
f 204 206 224
f 224 222 204
f 4817 4830 5150
f 5150 5134 4817
f 8606 9185 9187
f 9187 8608 8606
f 5705 5706 6066
f 6066 6065 5705
f 5703 6054 6064
f 6064 5704 5703
f 7520 7521 8039
f 8039 8037 7520
f 5684 5693 6055
f 6055 6043 5684
f 1183 1184 1360
f 1360 1359 1183
f 5681 6052 5703
f 5703 5692 5681
f 5681 6041 6053
f 6053 6052 5681
f 11509 11522 11523
f 11523 11510 11509
f 6599 6600 7055
f 7055 7054 6599
f 6117 6118 6121
f 6121 6120 6117
f 8512 9053 9072
f 9072 8529 8512
f 11868 11885 11886
f 11886 11870 11868
f 10160 10794 10795
f 10795 10161 10160
f 5680 6032 6041
f 6041 5681 5680
f 7520 8037 8036
f 8036 8023 7520
f 3647 3648 3946
f 3946 3945 3647
f 5669 6033 6020
f 6020 5671 5669
f 1236 1240 1457
f 1457 1451 1236
f 5677 6027 6030
f 6030 5680 5677
f 8739 8743 8767
f 8767 8765 8739
f 7496 8001 8002
f 8002 7497 7496
f 7072 7080 7575
f 7575 7567 7072
f 5680 6030 6031
f 6031 6032 5680
f 5666 6027 5677
f 5677 5667 5666
f 5659 6017 6025
f 6025 5666 5659
f 3596 3597 3905
f 3905 3904 3596
f 7680 8173 8174
f 8174 7681 7680
f 9553 10180 10181
f 10181 9571 9553
f 5656 5661 6021
f 6021 6015 5656
f 7557 7566 8070
f 8070 8064 7557
f 5661 6018 6019
f 6019 6021 5661
f 5671 6020 6019
f 6019 6018 5671
f 5655 6014 6016
f 6016 5658 5655
f 5658 6016 6017
f 6017 5659 5658
f 8804 9389 9388
f 9388 9387 8804
f 5651 5652 6013
f 6013 6011 5651
f 5652 5653 6009
f 6009 6008 5652
f 7397 7398 7896
f 7896 7895 7397
f 5640 5641 6006
f 6006 5649 5640
f 5641 5997 6005
f 6005 6006 5641
f 9029 9030 9050
f 9050 9049 9029
f 1225 1227 1231
f 1231 1229 1225
f 1230 1438 1446
f 1446 1234 1230
f 5648 5649 6004
f 6004 6003 5648
f 5635 5644 5999
f 5999 5991 5635
f 934 938 939
f 939 935 934
f 4336 4337 4639
f 4639 4630 4336
f 8637 8650 8651
f 8651 8652 8637
f 7323 7808 7807
f 7807 7806 7323
f 5625 5634 5990
f 5990 5981 5625
f 10768 11362 11361
f 11361 11360 10768
f 6647 6648 7095
f 7095 7094 6647
f 4126 4414 4404
f 4404 4128 4126
f 7006 7489 7509
f 7509 7024 7006
f 5935 6308 6309
f 6309 6294 5935
f 5604 5965 5968
f 5968 5614 5604
f 2042 2052 2053
f 2053 2043 2042
f 3782 4083 4092
f 4092 3791 3782
f 7282 7297 7298
f 7298 7283 7282
f 2094 2095 2436
f 2436 2425 2094
f 8064 8070 8580
f 8580 8574 8064
f 7300 7778 7762
f 7762 7763 7300
f 5594 5595 5945
f 5945 5935 5594
f 5583 5932 5944
f 5944 5592 5583
f 3720 3723 3722
f 3722 3721 3720
f 9369 9370 9372
f 9372 9371 9369
f 4478 4479 4778
f 4778 4777 4478
f 9707 9709 9717
f 9717 10335 9707
f 5573 5584 5594
f 5594 5933 5573
f 11037 11038 11040
f 11040 11039 11037
f 5573 5933 5934
f 5934 5924 5573
f 5594 5935 5934
f 5934 5933 5594
f 5582 5923 5932
f 5932 5583 5582
f 2793 3057 3070
f 3070 2803 2793
f 9966 9985 9986
f 9986 9967 9966
f 5567 5908 5919
f 5919 5570 5567
f 5572 5573 5924
f 5924 5911 5572
f 5570 5919 5922
f 5922 5921 5570
f 8494 9034 9035
f 9035 8495 8494
f 7481 7501 8003
f 8003 7986 7481
f 1967 2327 2335
f 2335 1980 1967
f 3901 3909 3910
f 3910 3902 3901
f 11929 11938 11939
f 11939 11930 11929
f 2338 2339 2344
f 2344 2592 2338
f 5560 5561 5572
f 5572 5909 5560
f 5572 5911 5910
f 5910 5909 5572
f 5558 5906 5567
f 5567 5559 5558
f 9223 9235 9237
f 9237 9236 9223
f 5558 5904 5907
f 5907 5906 5558
f 6391 6392 6395
f 6395 6396 6391
f 5555 5902 5904
f 5904 5558 5555
f 1945 1957 1958
f 1958 1946 1945
f 5552 5900 5902
f 5902 5555 5552
f 9 10 13
f 13 12 9
f 5552 5553 5562
f 5562 5897 5552
f 5552 5897 5898
f 5898 5900 5552
f 5562 5899 5898
f 5898 5897 5562
f 5547 5548 5896
f 5896 5894 5547
f 5893 5894 5896
f 5896 5895 5893
f 5548 5889 5895
f 5895 5896 5548
f 715 716 720
f 720 719 715
f 21 22 26
f 26 25 21
f 5543 5885 5892
f 5892 5549 5543
f 5549 5892 5891
f 5891 5890 5549
f 5545 5546 5887
f 5887 5886 5545
f 5539 5545 5886
f 5886 5879 5539
f 5536 5878 5885
f 5885 5543 5536
f 8048 8546 8545
f 8545 8544 8048
f 3552 3850 3851
f 3851 3852 3552
f 5877 5884 5885
f 5885 5878 5877
f 6861 7322 7334
f 7334 6875 6861
f 4617 4920 4921
f 4921 4922 4617
f 5535 5875 5878
f 5878 5536 5535
f 5535 5873 5876
f 5876 5875 5535
f 5875 5876 5877
f 5877 5878 5875
f 5532 5867 5873
f 5873 5535 5532
f 3946 3955 4238
f 4238 4226 3946
f 6431 6432 6877
f 6877 6865 6431
f 2076 2405 2408
f 2408 2407 2076
f 5522 5868 5862
f 5862 5524 5522
f 5525 5865 5532
f 5532 5526 5525
f 5525 5863 5866
f 5866 5865 5525
f 5532 5865 5866
f 5866 5867 5532
f 5856 5859 5860
f 5860 5857 5856
f 5512 5513 5858
f 5858 5857 5512
f 5505 5506 5852
f 5852 5851 5505
f 5498 5838 5852
f 5852 5506 5498
f 653 664 877
f 877 874 653
f 21 25 28
f 28 24 21
f 8040 8041 8534
f 8534 8533 8040
f 1931 1946 1947
f 1947 1933 1931
f 5491 5499 5845
f 5845 5831 5491
f 5485 5488 5844
f 5844 5842 5485
f 9133 9726 9729
f 9729 9134 9133
f 5841 5842 5844
f 5844 5843 5841
f 5484 5840 5839
f 5839 5823 5484
f 5480 5820 5838
f 5838 5498 5480
f 11258 11279 11794
f 11794 11778 11258
f 11400 11855 11857
f 11857 11402 11400
f 4101 4106 4391
f 4391 4387 4101
f 9878 10497 10499
f 10499 9881 9878
f 4874 4876 4877
f 4877 4875 4874
f 5812 5830 5831
f 5831 5813 5812
f 5487 5826 5829
f 5829 5488 5487
f 5806 5821 5822
f 5822 5823 5806
f 5466 5483 5822
f 5822 5821 5466
f 5470 5807 5810
f 5810 5809 5470
f 8523 8524 9082
f 9082 8538 8523
f 7584 7589 7590
f 7590 7585 7584
f 5376 5387 5728
f 5728 5717 5376
f 6385 6806 6822
f 6822 6823 6385
f 4317 4609 4608
f 4608 4607 4317
f 7625 8132 8119
f 8119 7626 7625
f 11135 11136 11138
f 11138 11137 11135
f 7546 8050 8051
f 8051 8052 7546
f 5455 5456 5796
f 5796 5787 5455
f 3497 3498 3801
f 3801 3800 3497
f 5452 5784 5795
f 5795 5453 5452
f 6199 6596 6607
f 6607 6211 6199
f 5547 5894 5893
f 5893 5888 5547
f 5436 5785 5786
f 5786 5775 5436
f 5443 5782 5452
f 5452 5444 5443
f 11622 11623 11625
f 11625 11624 11622
f 5452 5782 5783
f 5783 5784 5452
f 5435 5774 5762
f 5762 5437 5435
f 5432 5771 5443
f 5443 5433 5432
f 7423 7434 7926
f 7926 7917 7423
f 1964 2329 2331
f 2331 1965 1964
f 11642 11661 11662
f 11662 11643 11642
f 5429 5767 5769
f 5769 5432 5429
f 5426 5765 5767
f 5767 5429 5426
f 5423 5763 5765
f 5765 5426 5423
f 5070 5071 5399
f 5399 5398 5070
f 8508 9069 9067
f 9067 9048 8508
f 5423 5760 5761
f 5761 5763 5423
f 9122 9681 9695
f 9695 9698 9122
f 5437 5762 5761
f 5761 5760 5437
f 5752 5758 5759
f 5759 5753 5752
f 8144 8145 8649
f 8649 8648 8144
f 5420 5421 5759
f 5759 5758 5420
f 5751 5757 5758
f 5758 5752 5751
f 5419 5420 5758
f 5758 5757 5419
f 5750 5756 5757
f 5757 5751 5750
f 3441 3442 3445
f 3445 3444 3441
f 5414 5415 5754
f 5754 5753 5414
f 3593 3602 3603
f 3603 3594 3593
f 8281 8819 8835
f 8835 8836 8281
f 4225 4226 4518
f 4518 4517 4225
f 5400 5409 5748
f 5748 5740 5400
f 8882 8894 8895
f 8895 8883 8882
f 7268 7269 7777
f 7777 7286 7268
f 5351 5352 5693
f 5693 5684 5351
f 2593 2594 2602
f 2602 2853 2593
f 9073 9074 9667
f 9667 9666 9073
f 5388 5399 5739
f 5739 5729 5388
f 9792 10427 10429
f 10429 9794 9792
f 8394 8395 8931
f 8931 8930 8394
f 5717 5728 5729
f 5729 5718 5717
f 5432 5769 5772
f 5772 5771 5432
f 5375 5716 5727
f 5727 5386 5375
f 8588 8589 9170
f 9170 9169 8588
f 6949 6950 7410
f 7410 7409 6949
f 8098 8604 8606
f 8606 8100 8098
f 6946 6947 7407
f 7407 7406 6946
f 6629 6630 6631
f 6631 6632 6629
f 7205 7206 7208
f 7208 7207 7205
f 5363 5376 5717
f 5717 5706 5363
f 5374 5704 5716
f 5716 5375 5374
f 8280 8281 8836
f 8836 8298 8280
f 3344 3647 3638
f 3638 3345 3344
f 5352 5362 5705
f 5705 5693 5352
f 5350 5702 5374
f 5374 5360 5350
f 5350 5692 5703
f 5703 5702 5350
f 1703 2084 2085
f 2085 2078 1703
f 10880 10897 10898
f 10898 10899 10880
f 8943 8944 9535
f 9535 9534 8943
f 9454 9455 9487
f 9487 9470 9454
f 10244 10879 10897
f 10897 10245 10244
f 1746 1755 2138
f 2138 2128 1746
f 4223 4507 4508
f 4508 4224 4223
f 1827 2209 2207
f 2207 2208 1827
f 5340 5341 5351
f 5351 5682 5340
f 1237 1239 1243
f 1243 1241 1237
f 11139 11161 11690
f 11690 11689 11139
f 2433 2693 2701
f 2701 2434 2433
f 5338 5679 5349
f 5349 5339 5338
f 5338 5677 5680
f 5680 5679 5338
f 1399 1400 1408
f 1408 1407 1399
f 1556 1558 1579
f 1579 1577 1556
f 5328 5668 5669
f 5669 5671 5328
f 7916 7917 8410
f 8410 8409 7916
f 5318 5319 5653
f 5653 5652 5318
f 5316 5317 5651
f 5651 5650 5316
f 6726 6740 7190
f 7190 7172 6726
f 5314 5315 5649
f 5649 5648 5314
f 1361 1369 1683
f 1683 1675 1361
f 461 463 474
f 474 669 461
f 1250 1254 1255
f 1255 1251 1250
f 239 263 264
f 264 240 239
f 5298 5633 5642
f 5642 5643 5298
f 5307 5308 5641
f 5641 5640 5307
f 1324 1335 1649
f 1649 1638 1324
f 286 452 469
f 469 295 286
f 3841 3842 4137
f 4137 4127 3841
f 1983 1993 1994
f 1994 1984 1983
f 9512 9513 10136
f 10136 10135 9512
f 5278 5614 5624
f 5624 5288 5278
f 1530 1906 1905
f 1905 1904 1530
f 5279 5280 5616
f 5616 5615 5279
f 313 321 513
f 513 509 313
f 5267 5604 5614
f 5614 5278 5267
f 7874 8370 8369
f 8369 8366 7874
f 10587 11192 11212
f 11212 10608 10587
f 1405 1414 1413
f 1413 1406 1405
f 3127 3423 3426
f 3426 3130 3127
f 1252 1254 1498
f 1498 1496 1252
f 4427 4428 4729
f 4729 4728 4427
f 9095 9096 9098
f 9098 9097 9095
f 5247 5259 5268
f 5268 5593 5247
f 4952 5278 5288
f 5288 4963 4952
f 2794 3072 3071
f 3071 3062 2794
f 30 68 67
f 67 72 30
f 527 735 724
f 724 528 527
f 11875 11890 11891
f 11891 11876 11875
f 1684 1690 2070
f 2070 2064 1684
f 5245 5571 5582
f 5582 5581 5245
f 5256 5581 5582
f 5582 5583 5256
f 5884 5891 5892
f 5892 5885 5884
f 3160 3456 3465
f 3465 3464 3160
f 10027 10028 10048
f 10048 10047 10027
f 42 93 96
f 96 43 42
f 1466 1467 1851
f 1851 1848 1466
f 2491 2757 2766
f 2766 2500 2491
f 5223 5560 5562
f 5562 5225 5223
f 1096 1098 1099
f 1099 1100 1096
f 1467 1468 1482
f 1482 1481 1467
f 5229 5554 5557
f 5557 5231 5229
f 1766 2146 2156
f 2156 1777 1766
f 2189 2521 2519
f 2519 2520 2189
f 5543 5549 5550
f 5550 5544 5543
f 10380 10387 10388
f 10388 10381 10380
f 5211 5216 5545
f 5545 5539 5211
f 7962 7963 7980
f 7980 7979 7962
f 10122 10123 10743
f 10743 10742 10122
f 5528 5538 5539
f 5539 5529 5528
f 5727 6087 6097
f 6097 5738 5727
f 5207 5534 5537
f 5537 5208 5207
f 5534 5535 5536
f 5536 5537 5534
f 5861 6216 6218
f 6218 5863 5861
f 1924 1926 1942
f 1942 1940 1924
f 653 874 875
f 875 863 653
f 5323 5324 5330
f 5330 5660 5323
f 5522 5527 5528
f 5528 5529 5522
f 5195 5202 5528
f 5528 5527 5195
f 5194 5521 5523
f 5523 5197 5194
f 2281 2291 2292
f 2292 2282 2281
f 5516 5519 5520
f 5520 5517 5516
f 1563 1567 1570
f 1570 1566 1563
f 5186 5517 5520
f 5520 5190 5186
f 5512 5517 5518
f 5518 5513 5512
f 5180 5513 5518
f 5518 5187 5180
f 4001 4282 4285
f 4285 4006 4001
f 5510 5515 5516
f 5516 5511 5510
f 5184 5185 5516
f 5516 5515 5184
f 5509 5514 5515
f 5515 5510 5509
f 1519 1520 1533
f 1533 1534 1519
f 5176 5183 5514
f 5514 5509 5176
f 2104 2444 2124
f 2124 2111 2104
f 12010 12020 12021
f 12021 12011 12010
f 6822 7283 7298
f 7298 6833 6822
f 924 1089 1091
f 1091 925 924
f 5499 5507 5508
f 5508 5500 5499
f 5172 5173 5506
f 5506 5505 5172
f 5164 5498 5506
f 5506 5173 5164
f 439 639 651
f 651 452 439
f 5093 5094 5421
f 5421 5420 5093
f 6244 6251 6252
f 6252 6245 6244
f 5157 5166 5499
f 5499 5491 5157
f 4800 5109 5110
f 5110 5111 4800
f 2231 2235 2236
f 2236 2232 2231
f 3922 3927 4203
f 4203 4205 3922
f 3457 3468 3773
f 3773 3765 3457
f 11775 11791 11792
f 11792 11776 11775
f 10966 11563 11561
f 11561 11562 10966
f 3530 3838 3541
f 3541 3531 3530
f 4011 4012 4299
f 4299 4016 4011
f 5156 5157 5491
f 5491 5490 5156
f 5153 5471 5487
f 5487 5486 5153
f 5486 5487 5488
f 5488 5489 5486
f 6559 6576 7033
f 7033 7017 6559
f 7221 7223 7240
f 7240 7733 7221
f 5138 5139 5472
f 5472 5456 5138
f 5138 5456 5455
f 5455 5454 5138
f 8087 8091 8092
f 8092 8088 8087
f 5111 5444 5452
f 5452 5121 5111
f 7986 8003 8496
f 8496 8475 7986
f 5099 5437 5424
f 5424 5101 5099
f 5099 5100 5113
f 5113 5434 5099
f 5105 5428 5431
f 5431 5107 5105
f 4639 4648 4965
f 4965 4954 4639
f 690 900 911
f 911 696 690
f 5428 5429 5432
f 5432 5431 5428
f 5107 5431 5432
f 5432 5433 5107
f 11249 11268 11270
f 11270 11269 11249
f 5425 5426 5429
f 5429 5428 5425
f 4739 4749 5070
f 5070 5058 4739
f 6441 6888 6900
f 6900 6451 6441
f 5422 5423 5426
f 5426 5425 5422
f 8922 8929 8930
f 8930 8923 8922
f 5086 5414 5421
f 5421 5094 5086
f 5086 5087 5415
f 5415 5414 5086
f 5078 5406 5415
f 5415 5087 5078
f 3624 3630 3631
f 3631 3632 3624
f 7473 7474 7493
f 7493 7492 7473
f 4694 5011 5012
f 5012 5014 4694
f 5080 5081 5409
f 5409 5408 5080
f 8910 8921 9518
f 9518 9505 8910
f 1506 1508 1516
f 1516 1514 1506
f 3689 3697 3992
f 3992 3985 3689
f 1238 1454 1460
f 1460 1242 1238
f 10023 10646 10664
f 10664 10024 10023
f 3479 3489 3792
f 3792 3783 3479
f 4782 4783 4786
f 4786 4785 4782
f 10332 10333 10335
f 10335 10334 10332
f 681 683 908
f 908 906 681
f 7908 7909 8399
f 8399 8398 7908
f 4393 4693 4694
f 4694 4696 4393
f 5387 5398 5399
f 5399 5388 5387
f 2178 2180 2189
f 2189 2520 2178
f 246 247 417
f 417 406 246
f 3014 3023 3327
f 3327 3319 3014
f 1530 1893 1895
f 1895 1906 1530
f 1918 1934 1932
f 1932 1929 1918
f 7464 7963 7962
f 7962 7961 7464
f 4031 4310 4313
f 4313 4034 4031
f 504 507 506
f 506 505 504
f 10216 10830 10833
f 10833 10218 10216
f 586 595 799
f 799 787 586
f 5044 5058 5387
f 5387 5376 5044
f 981 993 994
f 994 982 981
f 6109 6110 6502
f 6502 6501 6109
f 5055 5375 5386
f 5386 5056 5055
f 5546 5547 5888
f 5888 5887 5546
f 381 560 559
f 559 570 381
f 10410 10411 10412
f 10412 10413 10410
f 5832 5846 6206
f 6206 6194 5832
f 5043 5044 5376
f 5376 5363 5043
f 3927 3928 4204
f 4204 4203 3927
f 2303 2315 2316
f 2316 2304 2303
f 1557 1581 1580
f 1580 1558 1557
f 3507 3513 3812
f 3812 3808 3507
f 3694 3695 3991
f 3991 3990 3694
f 11818 11832 11833
f 11833 11819 11818
f 8702 8722 9312
f 9312 9291 8702
f 5058 5070 5398
f 5398 5387 5058
f 5021 5348 5032
f 5032 5022 5021
f 863 875 876
f 876 878 863
f 1501 1881 1894
f 1894 1895 1501
f 5012 5013 5341
f 5341 5340 5012
f 5019 5334 5337
f 5337 5021 5019
f 5005 5334 5019
f 5019 5010 5005
f 6631 6639 6640
f 6640 6632 6631
f 189 210 209
f 209 190 189
f 6557 7006 7024
f 7024 6566 6557
f 5004 5325 5326
f 5326 5005 5004
f 5001 5002 5324
f 5324 5323 5001
f 3412 3417 3418
f 3418 3413 3412
f 4998 4999 5322
f 5322 5321 4998
f 4994 5318 5322
f 5322 4999 4994
f 1373 1382 1692
f 1692 1687 1373
f 9090 9091 9702
f 9702 9700 9090
f 4992 4997 5320
f 5320 5316 4992
f 2246 2247 2249
f 2249 2248 2246
f 4989 4990 5315
f 5315 5314 4989
f 8999 9613 9612
f 9612 9592 8999
f 5301 5309 5310
f 5310 5302 5301
f 4974 4975 5301
f 5301 5300 4974
f 4973 5299 5298
f 5298 5297 4973
f 5208 5537 5544
f 5544 5214 5208
f 137 138 142
f 142 141 137
f 4954 4965 5289
f 5289 5279 4954
f 2588 2590 2852
f 2852 2851 2588
f 2239 2243 2591
f 2591 2590 2239
f 4034 4315 4324
f 4324 4035 4034
f 499 509 507
f 507 504 499
f 7562 7563 7564
f 7564 7565 7562
f 94 258 260
f 260 274 94
f 328 519 529
f 529 530 328
f 3196 3202 3512
f 3512 3506 3196
f 5641 5642 5998
f 5998 5997 5641
f 756 769 947
f 947 946 756
f 4940 4941 5269
f 5269 5268 4940
f 4566 4570 4571
f 4571 4567 4566
f 4951 5258 5257
f 5257 5267 4951
f 6585 6597 7052
f 7052 7042 6585
f 11273 11294 11296
f 11296 11275 11273
f 2869 2879 3171
f 3171 3163 2869
f 5255 5256 5257
f 5257 5258 5255
f 7282 7284 7790
f 7790 7297 7282
f 7914 8404 8407
f 8407 8406 7914
f 4918 5235 5245
f 5245 4921 4918
f 4912 5236 5237
f 5237 5224 4912
f 4923 5238 5237
f 5237 5236 4923
f 8666 8684 8685
f 8685 8686 8666
f 4910 5233 4918
f 4918 4911 4910
f 3430 3744 3745
f 3745 3734 3430
f 4907 5229 5231
f 5231 4910 4907
f 497 498 501
f 501 500 497
f 3446 3756 3465
f 3465 3456 3446
f 5185 5189 5519
f 5519 5516 5185
f 793 978 967
f 967 794 793
f 4912 5224 5223
f 5223 5222 4912
f 4894 5215 5221
f 5221 5219 4894
f 6936 6937 7398
f 7398 7397 6936
f 5218 5219 5221
f 5221 5220 5218
f 4586 4587 4899
f 4899 4897 4586
f 4898 5219 5218
f 5218 5217 4898
f 4896 4898 5217
f 5217 5216 4896
f 4892 4896 5216
f 5216 5211 4892
f 5208 5214 5215
f 5215 5209 5208
f 5207 5532 5535
f 5535 5534 5207
f 3805 3806 4105
f 4105 4104 3805
f 1723 1732 1731
f 1731 1724 1723
f 11427 11866 11879
f 11879 11429 11427
f 4883 4891 5210
f 5210 5202 4883
f 5386 5727 5738
f 5738 5397 5386
f 10853 11463 11485
f 11485 10872 10853
f 9502 9516 9517
f 9517 9503 9502
f 10627 11230 11249
f 11249 10642 10627
f 5279 5289 5290
f 5290 5280 5279
f 4880 5199 4887
f 4887 4881 4880
f 4880 5197 5200
f 5200 5199 4880
f 2157 2167 2501
f 2501 2492 2157
f 5302 5310 5644
f 5644 5635 5302
f 485 489 694
f 694 688 485
f 4887 5199 5200
f 5200 5201 4887
f 5191 5195 5196
f 5196 5194 5191
f 4875 4877 5195
f 5195 5191 4875
f 1504 1505 1887
f 1887 1875 1504
f 4878 5192 5193
f 5193 5194 4878
f 4866 4871 5188
f 5188 5184 4866
f 5175 5182 5183
f 5183 5176 5175
f 968 981 982
f 982 969 968
f 5280 5290 5625
f 5625 5616 5280
f 5172 5180 5181
f 5181 5173 5172
f 4854 5173 5181
f 5181 4863 4854
f 4856 4857 5175
f 5175 5174 4856
f 1216 1217 1221
f 1221 1220 1216
f 6799 6813 7274
f 7274 7258 6799
f 5729 5739 6098
f 6098 6088 5729
f 4393 4696 4689
f 4689 4395 4393
f 4844 5164 5173
f 5173 4854 4844
f 5156 5165 5166
f 5166 5157 5156
f 4846 4847 5166
f 5166 5165 4846
f 92 95 291
f 291 99 92
f 3907 4198 4202
f 4202 3913 3907
f 7464 7961 7978
f 7978 7465 7464
f 2388 2395 2654
f 2654 2648 2388
f 1525 1528 1527
f 1527 1526 1525
f 5202 5210 5538
f 5538 5528 5202
f 4833 5152 5155
f 5155 4834 4833
f 4827 4829 5149
f 5149 5147 4827
f 9717 9719 9730
f 9730 10349 9717
f 756 946 948
f 948 757 756
f 4816 5133 5136
f 5136 5135 4816
f 5131 5132 5134
f 5134 5133 5131
f 1718 2083 2090
f 2090 1722 1718
f 4814 4815 5132
f 5132 5131 4814
f 2569 2834 2835
f 2835 2836 2569
f 2080 2081 2082
f 2082 2083 2080
f 4804 5122 5130
f 5130 4813 4804
f 6387 6391 6396
f 6396 6814 6387
f 5396 5737 5747
f 5747 5407 5396
f 4981 5307 5315
f 5315 4990 4981
f 167 170 169
f 169 168 167
f 4803 5121 5122
f 5122 4804 4803
f 4272 4563 4569
f 4569 4279 4272
f 3576 3586 3895
f 3895 3885 3576
f 9095 9686 9705
f 9705 9706 9095
f 8921 8928 8929
f 8929 8922 8921
f 4794 5112 5113
f 5113 5100 4794
f 3114 3115 3121
f 3121 3120 3114
f 5190 5191 5194
f 5194 5193 5190
f 4179 4188 4477
f 4477 4469 4179
f 4789 5105 5107
f 5107 4792 4789
f 1371 1372 1686
f 1686 1685 1371
f 4123 4399 4400
f 4400 4401 4123
f 4779 4780 5097
f 5097 5096 4779
f 4778 4779 5096
f 5096 5095 4778
f 4770 4771 5090
f 5090 5089 4770
f 1224 1225 1229
f 1229 1228 1224
f 4767 4768 5088
f 5088 5087 4767
f 947 959 960
f 960 949 947
f 143 146 145
f 145 144 143
f 1799 2180 2178
f 2178 2179 1799
f 4760 4761 5081
f 5081 5080 4760
f 4750 4760 5080
f 5080 5071 4750
f 2855 2868 3162
f 3162 3153 2855
f 9367 9387 9388
f 9388 9368 9367
f 1016 1154 1155
f 1155 1027 1016
f 7580 8083 8090
f 8090 7588 7580
f 5297 5298 5643
f 5643 5308 5297
f 580 581 582
f 582 583 580
f 9589 9607 9608
f 9608 9606 9589
f 5307 5640 5649
f 5649 5315 5307
f 4046 4054 4346
f 4346 4337 4046
f 3146 3147 3150
f 3150 3149 3146
f 4727 5054 5057
f 5057 4738 4727
f 5839 5841 6202
f 6202 6201 5839
f 10759 10763 10766
f 10766 10762 10759
f 8222 8224 8749
f 8749 8748 8222
f 8094 8600 8602
f 8602 8096 8094
f 11888 11905 11906
f 11906 11889 11888
f 2227 2228 2234
f 2234 2233 2227
f 6110 6111 6503
f 6503 6502 6110
f 4378 4379 4680
f 4680 4679 4378
f 6623 7078 7072
f 7072 6624 6623
f 4847 4856 5174
f 5174 5166 4847
f 4719 4728 5043
f 5043 5034 4719
f 4728 4729 5044
f 5044 5043 4728
f 415 426 427
f 427 416 415
f 5067 5068 5397
f 5397 5396 5067
f 11937 11949 11950
f 11950 11938 11937
f 4704 5022 5032
f 5032 4717 4704
f 11918 11929 11930
f 11930 11919 11918
f 7469 7473 7492
f 7492 7997 7469
f 3163 3171 3479
f 3479 3469 3163
f 4738 5057 5069
f 5069 4748 4738
f 9509 9522 9523
f 9523 9510 9509
f 9887 10505 9908
f 9908 9888 9887
f 5464 5804 5820
f 5820 5480 5464
f 11333 11334 11843
f 11843 11842 11333
f 7116 7117 7615
f 7615 7614 7116
f 1369 1376 1378
f 1378 1370 1369
f 4694 4695 4708
f 4708 5011 4694
f 2608 2864 2865
f 2865 2866 2608
f 4708 5013 5012
f 5012 5011 4708
f 8020 8513 8514
f 8514 8021 8020
f 5706 5717 6077
f 6077 6066 5706
f 3445 3753 3756
f 3756 3446 3445
f 4688 5006 5007
f 5007 5002 4688
f 603 606 821
f 821 618 603
f 4696 5008 5007
f 5007 5006 4696
f 5826 5827 5828
f 5828 5829 5826
f 1965 1976 1977
f 1977 1966 1965
f 4683 4684 4999
f 4999 4998 4683
f 6414 6847 6427
f 6427 6415 6414
f 4676 4682 4997
f 4997 4992 4676
f 6000 6007 6378
f 6378 6370 6000
f 4988 4995 4996
f 4996 4989 4988
f 4678 4679 4995
f 4995 4994 4678
f 55 63 64
f 64 56 55
f 289 290 478
f 478 298 289
f 4672 4673 4990
f 4990 4989 4672
f 1527 1528 1532
f 1532 1531 1527
f 10852 11449 11463
f 11463 10853 10852
f 175 176 177
f 177 178 175
f 6140 6141 6540
f 6540 6539 6140
f 3812 3813 4110
f 4110 4109 3812
f 4648 4657 4974
f 4974 4965 4648
f 3270 3281 3586
f 3586 3576 3270
f 11749 11766 11767
f 11767 11750 11749
f 249 250 251
f 251 252 249
f 10258 10895 10893
f 10893 10894 10258
f 4638 4953 4964
f 4964 4647 4638
f 9795 9796 9813
f 9813 9812 9795
f 3399 3696 3695
f 3695 3694 3399
f 4627 4950 4953
f 4953 4638 4627
f 7713 7714 7716
f 7716 7715 7713
f 6669 7115 7125
f 7125 6679 6669
f 4941 4954 5279
f 5279 5269 4941
f 10394 10395 10399
f 10399 10398 10394
f 4627 4939 4951
f 4951 4950 4627
f 6130 6131 6529
f 6529 6519 6130
f 4950 4951 4952
f 4952 4953 4950
f 7204 7696 7712
f 7712 7220 7204
f 6259 6273 6670
f 6670 6659 6259
f 299 303 306
f 306 302 299
f 5237 5238 5573
f 5573 5572 5237
f 3902 3903 4195
f 4195 4194 3902
f 4579 4881 4887
f 4887 4886 4579
f 1594 1595 1979
f 1979 1978 1594
f 364 571 564
f 564 366 364
f 585 586 787
f 787 786 585
f 506 507 509
f 509 508 506
f 1717 1721 1724
f 1724 1720 1717
f 2397 2656 2660
f 2660 2402 2397
f 4608 4609 4924
f 4924 4923 4608
f 11276 11791 11811
f 11811 11297 11276
f 9772 9773 10388
f 10388 10387 9772
f 8421 8422 8425
f 8425 8424 8421
f 4605 4920 4617
f 4617 4606 4605
f 2938 3226 3225
f 3225 3224 2938
f 4605 4918 4921
f 4921 4920 4605
f 4602 4911 4918
f 4918 4605 4602
f 4590 4912 4902
f 4902 4593 4590
f 4599 4906 4909
f 4909 4602 4599
f 4906 4907 4910
f 4910 4909 4906
f 8398 8399 8934
f 8934 8933 8398
f 4593 4902 4901
f 4901 4900 4593
f 4896 4897 4899
f 4899 4898 4896
f 4873 4875 5191
f 5191 5190 4873
f 7542 7543 7546
f 7546 7545 7542
f 4583 4889 4895
f 4895 4587 4583
f 6249 6250 6651
f 6651 6255 6249
f 4888 4894 4895
f 4895 4889 4888
f 3102 3103 3105
f 3105 3104 3102
f 3616 3622 3623
f 3623 3617 3616
f 8745 9309 9330
f 9330 8746 8745
f 4584 4585 4891
f 4891 4890 4584
f 11946 11957 11958
f 11958 11948 11946
f 5183 5184 5515
f 5515 5514 5183
f 4580 4584 4890
f 4890 4882 4580
f 4579 4886 4889
f 4889 4583 4579
f 4886 4887 4888
f 4888 4889 4886
f 3985 3992 4274
f 4274 4267 3985
f 4575 4878 4880
f 4880 4578 4575
f 9113 9718 9717
f 9717 9709 9113
f 1298 1613 1626
f 1626 1310 1298
f 10467 10481 10482
f 10482 10468 10467
f 122 123 127
f 127 126 122
f 4568 4873 4875
f 4875 4572 4568
f 11999 12011 12012
f 12012 12000 11999
f 4819 4836 5156
f 5156 5139 4819
f 4865 4870 4871
f 4871 4866 4865
f 4558 4559 4865
f 4865 4864 4558
f 4547 4854 4863
f 4863 4556 4547
f 2713 2722 2986
f 2986 2977 2713
f 4540 4549 4856
f 4856 4847 4540
f 4844 4854 4855
f 4855 4845 4844
f 4547 4548 4855
f 4855 4854 4547
f 4565 4566 4871
f 4871 4870 4565
f 4538 4845 4855
f 4855 4548 4538
f 2483 2492 2758
f 2758 2749 2483
f 10788 11419 11400
f 11400 10789 10788
f 4806 4818 5138
f 5138 5123 4806
f 9458 9459 10088
f 10088 10087 9458
f 3593 3594 3903
f 3903 3902 3593
f 2239 2240 2244
f 2244 2243 2239
f 5247 5593 5594
f 5594 5584 5247
f 4706 4707 5024
f 5024 5023 4706
f 4518 4529 4836
f 4836 4819 4518
f 4515 4832 4835
f 4835 4831 4515
f 4527 4828 4829
f 4829 4528 4527
f 11848 11853 11854
f 11854 11849 11848
f 6490 6943 6952
f 6952 6499 6490
f 2046 2055 2388
f 2388 2381 2046
f 8143 8663 8173
f 8173 8157 8143
f 263 425 439
f 439 285 263
f 4500 4517 4818
f 4818 4806 4500
f 5184 5188 5189
f 5189 5185 5184
f 4510 4511 4815
f 4815 4814 4510
f 4507 4804 4813
f 4813 4508 4507
f 2638 2901 2909
f 2909 2647 2638
f 9535 9560 10169
f 10169 10168 9535
f 7433 7925 7933
f 7933 7442 7433
f 10025 10028 10027
f 10027 10026 10025
f 11779 11795 11796
f 11796 11780 11779
f 340 342 547
f 547 545 340
f 4499 4500 4806
f 4806 4805 4499
f 5455 5787 5786
f 5786 5785 5455
f 4497 4802 4507
f 4507 4498 4497
f 4529 4539 4846
f 4846 4836 4529
f 4507 4802 4803
f 4803 4804 4507
f 8978 8979 8983
f 8983 8982 8978
f 5043 5363 5362
f 5362 5361 5043
f 5091 5096 5097
f 5097 5092 5091
f 9727 10344 10345
f 10345 9728 9727
f 9202 9203 9817
f 9817 9816 9202
f 4788 4789 4792
f 4792 4791 4788
f 4785 4786 4789
f 4789 4788 4785
f 4489 4782 4785
f 4785 4491 4489
f 2913 2918 2919
f 2919 2914 2913
f 6417 6852 6851
f 6851 6850 6417
f 5056 5068 5069
f 5069 5057 5056
f 4474 4774 4781
f 4781 4482 4474
f 4480 4481 4780
f 4780 4779 4480
f 2023 2034 2035
f 2035 2024 2023
f 4479 4480 4779
f 4779 4778 4479
f 1844 1853 1854
f 1854 1847 1844
f 4766 4775 4776
f 4776 4767 4766
f 4596 4903 4906
f 4906 4599 4596
f 26 71 65
f 65 66 26
f 4278 4279 4569
f 4569 4568 4278
f 11327 11839 11849
f 11849 11342 11327
f 6 9 12
f 12 15 6
f 3005 3014 3319
f 3319 3311 3005
f 7940 8424 8427
f 8427 7944 7940
f 4904 5227 5229
f 5229 4907 4904
f 3137 3138 3141
f 3141 3140 3137
f 4459 4469 4769
f 4769 4760 4459
f 938 944 945
f 945 939 938
f 2221 2223 2563
f 2563 2561 2221
f 628 836 835
f 835 834 628
f 932 937 1096
f 1096 1094 932
f 8743 8747 8769
f 8769 8767 8743
f 7665 7666 8159
f 8159 8158 7665
f 4749 4759 4760
f 4760 4750 4749
f 4377 4385 4386
f 4386 4378 4377
f 4448 4458 4759
f 4759 4749 4448
f 4924 4932 5259
f 5259 5247 4924
f 6150 6548 6557
f 6557 6159 6150
f 2995 3004 3310
f 3310 3301 2995
f 9679 10275 10293
f 10293 9680 9679
f 10145 10775 10777
f 10777 10147 10145
f 5201 5526 5532
f 5532 5207 5201
f 4988 5313 5319
f 5319 4995 4988
f 5774 6131 6130
f 6130 6129 5774
f 1970 1983 1984
f 1984 1971 1970
f 2825 3096 3095
f 3095 3094 2825
f 5056 5386 5397
f 5397 5068 5056
f 49 109 115
f 115 55 49
f 4773 4780 4781
f 4781 4774 4773
f 1885 1887 1899
f 1899 1897 1885
f 1104 1106 1107
f 1107 1108 1104
f 1854 1866 1867
f 1867 1856 1854
f 1850 1851 1863
f 1863 1862 1850
f 5227 5551 5554
f 5554 5229 5227
f 108 114 115
f 115 109 108
f 4412 4704 4717
f 4717 4716 4412
f 4424 4716 4717
f 4717 4718 4424
f 426 628 640
f 640 641 426
f 402 603 618
f 618 415 402
f 11272 11291 11293
f 11293 11292 11272
f 1 5 8
f 8 4 1
f 4403 4708 4695
f 4695 4405 4403
f 7096 7097 7591
f 7591 7590 7096
f 10850 11461 11483
f 11483 10870 10850
f 1856 1867 1868
f 1868 1858 1856
f 7311 7805 7804
f 7804 7803 7311
f 4403 4705 4706
f 4706 4708 4403
f 10087 10088 10705
f 10705 10704 10087
f 5505 5851 5858
f 5858 5513 5505
f 7943 7947 7950
f 7950 7946 7943
f 4400 4700 4703
f 4703 4702 4400
f 1387 1388 1392
f 1392 1391 1387
f 2233 2583 2582
f 2582 2580 2233
f 4510 4814 4816
f 4816 4514 4510
f 2286 2297 2298
f 2298 2299 2286
f 2840 3119 3124
f 3124 2843 2840
f 1967 1980 1981
f 1981 1968 1967
f 4405 4695 4694
f 4694 4693 4405
f 1833 1835 2217
f 2217 2216 1833
f 4388 4389 4686
f 4686 4685 4388
f 1687 1692 1693
f 1693 1688 1687
f 4382 4383 4682
f 4682 4681 4382
f 4374 4382 4681
f 4681 4675 4374
f 4371 4672 4680
f 4680 4379 4371
f 5055 5373 5374
f 5374 5375 5055
f 11081 11091 11092
f 11092 11083 11081
f 8601 8614 8615
f 8615 8616 8601
f 4377 4378 4679
f 4679 4678 4377
f 5014 5329 5328
f 5328 5327 5014
f 8976 8977 8981
f 8981 8980 8976
f 3944 4224 4236
f 4236 4235 3944
f 9423 9424 10048
f 10048 10028 9423
f 19 46 51
f 51 52 19
f 4786 5103 5105
f 5105 4789 4786
f 4345 4647 4656
f 4656 4354 4345
f 808 982 994
f 994 820 808
f 1503 1506 1505
f 1505 1504 1503
f 9628 9629 10240
f 10240 10239 9628
f 6852 6864 7323
f 7323 7313 6852
f 11605 12024 12023
f 12023 12015 11605
f 3967 3976 4258
f 4258 4249 3967
f 5310 5316 5650
f 5650 5644 5310
f 487 491 492
f 492 488 487
f 2397 2398 2657
f 2657 2656 2397
f 4337 4346 4648
f 4648 4639 4337
f 137 141 329
f 329 326 137
f 6612 6624 7072
f 7072 7060 6612
f 1650 1661 1662
f 1662 1651 1650
f 5234 5569 5245
f 5245 5235 5234
f 2622 2631 2632
f 2632 2623 2622
f 4333 4627 4638
f 4638 4334 4333
f 440 454 652
f 652 642 440
f 7468 7963 7942
f 7942 7946 7468
f 9951 9970 10594
f 10594 10573 9951
f 4336 4630 4629
f 4629 4628 4336
f 4333 4619 4618
f 4618 4627 4333
f 7255 7271 7763
f 7763 7748 7255
f 7597 8100 8102
f 8102 7599 7597
f 4314 4616 4619
f 4619 4315 4314
f 4616 4617 4618
f 4618 4619 4616
f 269 277 445
f 445 432 269
f 11411 11432 11433
f 11433 11413 11411
f 3926 4211 4213
f 4213 3933 3926
f 9169 9170 9773
f 9773 9772 9169
f 4437 4738 4748
f 4748 4447 4437
f 6645 7090 7097
f 7097 6650 6645
f 629 824 823
f 823 822 629
f 4301 4302 4317
f 4317 4607 4301
f 4301 4607 4608
f 4608 4591 4301
f 4311 4601 4604
f 4604 4314 4311
f 7088 7095 7589
f 7589 7584 7088
f 4601 4602 4605
f 4605 4604 4601
f 4984 4985 5310
f 5310 5309 4984
f 4314 4604 4605
f 4605 4606 4314
f 4598 4599 4602
f 4602 4601 4598
f 4595 4596 4599
f 4599 4598 4595
f 2663 2671 2938
f 2938 2929 2663
f 1542 1918 1915
f 1915 1908 1542
f 4592 4593 4596
f 4596 4595 4592
f 4301 4591 4590
f 4590 4589 4301
f 9111 9122 9121
f 9121 9112 9111
f 2235 2581 2586
f 2586 2585 2235
f 9291 9312 9930
f 9930 9910 9291
f 4293 4579 4583
f 4583 4294 4293
f 713 715 719
f 719 728 713
f 4283 4289 4580
f 4580 4573 4283
f 4285 4577 4293
f 4293 4286 4285
f 4293 4577 4578
f 4578 4579 4293
f 3430 3732 3735
f 3735 3433 3430
f 4281 4283 4573
f 4573 4571 4281
f 8895 8908 8909
f 8909 8896 8895
f 6811 7270 7269
f 7269 7268 6811
f 4280 4281 4571
f 4571 4570 4280
f 1853 2254 2255
f 2255 1865 1853
f 7007 7008 7011
f 7011 7010 7007
f 4562 4568 4569
f 4569 4563 4562
f 10164 10781 10761
f 10761 10762 10164
f 5206 5207 5208
f 5208 5209 5206
f 5153 5486 5489
f 5489 5154 5153
f 4827 5147 5164
f 5164 4844 4827
f 3907 3913 3914
f 3914 3908 3907
f 6367 6784 6798
f 6798 6796 6367
f 4267 4268 4559
f 4559 4558 4267
f 4748 5069 5068
f 5068 5067 4748
f 5396 5397 5738
f 5738 5737 5396
f 1561 1584 1967
f 1967 1956 1561
f 6606 6608 6609
f 6609 6607 6606
f 4549 4557 4558
f 4558 4550 4549
f 4258 4266 4557
f 4557 4549 4258
f 1722 2102 1732
f 1732 1723 1722
f 5739 5740 6099
f 6099 6098 5739
f 7070 7562 7565
f 7565 7071 7070
f 4718 5033 5042
f 5042 4727 4718
f 5033 5360 5374
f 5374 5373 5033
f 4256 4257 4548
f 4548 4547 4256
f 3734 3745 4045
f 4045 4038 3734
f 4238 4248 4539
f 4539 4529 4238
f 11067 11626 11628
f 11628 11069 11067
f 2045 2054 2055
f 2055 2046 2045
f 4237 4528 4538
f 4538 4247 4237
f 4692 5010 5019
f 5019 4700 4692
f 4226 4238 4529
f 4529 4518 4226
f 2278 2288 2289
f 2289 2279 2278
f 4236 4527 4528
f 4528 4237 4236
f 2677 2934 2944
f 2944 2680 2677
f 4963 5288 5298
f 5298 5299 4963
f 1560 1561 1956
f 1956 1955 1560
f 11759 11773 11774
f 11774 11760 11759
f 11820 11834 11835
f 11835 11821 11820
f 4216 4225 4517
f 4517 4500 4216
f 10004 10643 10645
f 10645 10005 10004
f 83 84 87
f 87 86 83
f 4511 4512 4516
f 4516 4515 4511
f 4513 4514 4515
f 4515 4516 4513
f 1323 1636 1648
f 1648 1334 1323
f 4509 4512 4511
f 4511 4510 4509
f 4214 4498 4507
f 4507 4223 4214
f 11920 11931 11932
f 11932 11921 11920
f 3608 3914 3918
f 3918 3615 3608
f 97 108 296
f 296 287 97
f 746 755 756
f 756 747 746
f 4215 4216 4500
f 4500 4499 4215
f 10154 10170 10799
f 10799 10786 10154
f 10330 10331 10333
f 10333 10332 10330
f 4213 4497 4498
f 4498 4214 4213
f 7924 8418 7933
f 7933 7925 7924
f 10851 10871 11484
f 11484 11462 10851
f 1075 1204 1207
f 1207 1078 1075
f 4203 4487 4489
f 4489 4205 4203
f 4203 4204 4488
f 4488 4487 4203
f 4192 4481 4486
f 4486 4199 4192
f 4193 4194 4483
f 4483 4482 4193
f 4192 4193 4482
f 4482 4481 4192
f 11468 11902 11903
f 11903 11469 11468
f 4189 4190 4479
f 4479 4478 4189
f 4469 4477 4478
f 4478 4470 4469
f 4188 4189 4478
f 4478 4477 4188
f 11410 11431 11432
f 11432 11411 11410
f 9125 9127 9135
f 9135 9731 9125
f 310 313 509
f 509 499 310
f 11050 11055 11056
f 11056 11051 11050
f 6497 6950 6956
f 6956 6504 6497
f 11954 11968 11969
f 11969 11955 11954
f 9573 10198 10200
f 10200 9574 9573
f 11195 11213 11214
f 11214 11196 11195
f 5269 5279 5615
f 5615 5605 5269
f 4158 4168 4458
f 4458 4448 4158
f 2564 2565 2569
f 2569 2568 2564
f 1398 1735 1736
f 1736 1725 1398
f 10628 10647 11253
f 11253 11250 10628
f 4146 4437 4447
f 4447 4157 4146
f 11279 11300 11812
f 11812 11794 11279
f 493 494 496
f 496 495 493
f 4145 4425 4437
f 4437 4146 4145
f 2693 2956 2967
f 2967 2701 2693
f 9348 9349 9989
f 9989 9368 9348
f 539 738 749
f 749 550 539
f 7775 7776 8282
f 8282 7791 7775
f 1193 1195 1379
f 1379 1377 1193
f 9188 9794 9806
f 9806 9190 9188
f 10424 10441 10442
f 10442 10443 10424
f 4267 4274 4275
f 4275 4268 4267
f 4147 4428 4427
f 4427 4426 4147
f 4135 4423 4145
f 4145 4136 4135
f 4135 4413 4424
f 4424 4423 4135
f 6426 6427 6428
f 6428 6429 6426
f 1268 1562 1566
f 1566 1270 1268
f 11025 11026 11619
f 11619 11618 11025
f 4126 4127 4415
f 4415 4414 4126
f 4176 4466 4476
f 4476 4186 4176
f 4135 4411 4412
f 4412 4413 4135
f 1806 2188 2197
f 2197 1817 1806
f 2767 2776 3040
f 3040 3031 2767
f 1441 1442 1450
f 1450 1449 1441
f 6631 7077 7085
f 7085 6639 6631
f 4112 4118 4405
f 4405 4394 4112
f 4113 4395 4397
f 4397 4116 4113
f 4111 4393 4395
f 4395 4113 4111
f 522 722 734
f 734 533 522
f 4384 4389 4390
f 4390 4385 4384
f 5523 5861 5863
f 5863 5525 5523
f 4097 4385 4390
f 4390 4104 4097
f 4382 4387 4388
f 4388 4383 4382
f 1828 1830 1836
f 1836 1834 1828
f 43 92 99
f 99 46 43
f 4093 4094 4382
f 4382 4381 4093
f 8535 9077 9093
f 9093 9094 8535
f 4371 4379 4380
f 4380 4372 4371
f 4073 4364 4363
f 4363 4362 4073
f 5323 5654 5657
f 5657 5325 5323
f 5890 5891 6250
f 6250 6249 5890
f 4064 4354 4363
f 4363 4364 4064
f 9173 9179 9180
f 9180 9174 9173
f 4063 4345 4354
f 4354 4064 4063
f 5107 5433 5443
f 5443 5110 5107
f 3199 3200 3510
f 3510 3509 3199
f 336 344 358
f 358 532 336
f 925 1091 1092
f 1092 928 925
f 895 905 1067
f 1067 1056 895
f 122 123 311
f 311 306 122
f 10224 10858 10878
f 10878 10225 10224
f 1222 1422 1430
f 1430 1226 1222
f 456 458 473
f 473 471 456
f 4038 4045 4336
f 4336 4325 4038
f 1746 1747 1756
f 1756 1755 1746
f 4035 4332 4335
f 4335 4044 4035
f 9091 9093 9704
f 9704 9702 9091
f 7420 7915 7924
f 7924 7432 7420
f 176 361 372
f 372 177 176
f 819 834 835
f 835 820 819
f 4009 4014 4015
f 4015 4010 4009
f 512 513 521
f 521 520 512
f 9068 9087 9088
f 9088 9069 9068
f 4024 4025 4037
f 4037 4316 4024
f 4024 4316 4317
f 4317 4302 4024
f 4034 4313 4314
f 4314 4315 4034
f 6710 6713 6712
f 6712 6711 6710
f 3421 3422 3719
f 3719 3718 3421
f 4012 4291 4298
f 4298 4299 4012
f 4015 4016 4297
f 4297 4296 4015
f 4007 4292 4295
f 4295 4012 4007
f 4012 4295 4294
f 4294 4291 4012
f 4007 4286 4293
f 4293 4292 4007
f 8562 8563 8566
f 8566 8565 8562
f 17 18 50
f 50 48 17
f 4009 4010 4289
f 4289 4288 4009
f 4002 4287 4283
f 4283 4003 4002
f 4002 4009 4288
f 4288 4287 4002
f 4000 4003 4283
f 4283 4281 4000
f 3999 4000 4281
f 4281 4280 3999
f 6683 6697 7143
f 7143 7128 6683
f 3840 4136 4145
f 4145 3851 3840
f 5007 5008 5014
f 5014 5327 5007
f 8976 8980 8983
f 8983 8979 8976
f 3885 3895 3896
f 3896 3886 3885
f 3983 4265 4273
f 4273 3991 3983
f 6506 6957 6958
f 6958 6960 6506
f 7 20 19
f 19 18 7
f 4306 4595 4598
f 4598 4308 4306
f 927 934 935
f 935 928 927
f 1810 1811 1820
f 1820 1819 1810
f 3400 3401 3700
f 3700 3699 3400
f 8485 8506 8507
f 8507 8486 8485
f 77 81 156
f 156 154 77
f 4932 4940 5268
f 5268 5259 4932
f 11934 11945 11946
f 11946 11935 11934
f 10117 10129 10749
f 10749 10737 10117
f 971 983 984
f 984 985 971
f 3070 3372 3383
f 3383 3080 3070
f 61 117 120
f 120 67 61
f 4974 4983 4984
f 4984 4975 4974
f 6031 6415 6427
f 6427 6426 6031
f 1453 1455 1816
f 1816 1459 1453
f 7388 7397 7895
f 7895 7886 7388
f 3966 3967 4249
f 4249 4248 3966
f 6043 6055 6452
f 6452 6442 6043
f 4766 4767 5087
f 5087 5086 4766
f 4373 4381 4382
f 4382 4374 4373
f 928 935 936
f 936 929 928
f 6169 6170 6568
f 6568 6567 6169
f 5349 5679 5680
f 5680 5681 5349
f 21 24 23
f 23 22 21
f 8473 9015 9016
f 9016 8474 8473
f 2668 2925 2926
f 2926 2927 2668
f 10508 11133 11135
f 11135 10509 10508
f 2229 2230 2231
f 2231 2232 2229
f 8866 9454 9470
f 9470 9471 8866
f 1862 2256 2257
f 2257 2252 1862
f 8745 9311 9310
f 9310 9309 8745
f 2937 2949 2958
f 2958 3246 2937
f 1102 1104 1105
f 1105 1103 1102
f 4479 4484 4485
f 4485 4480 4479
f 6210 6211 6610
f 6610 6215 6210
f 3936 3945 4225
f 4225 4216 3936
f 3945 3946 4226
f 4226 4225 3945
f 6740 6741 6743
f 6743 6742 6740
f 3854 3855 4148
f 4148 4147 3854
f 5316 5320 5321
f 5321 5317 5316
f 964 1110 1111
f 1111 974 964
f 10994 11589 11602
f 11602 11008 10994
f 11605 11606 11615
f 11615 12024 11605
f 8510 8527 9070
f 9070 9051 8510
f 2103 2422 2432
f 2432 2435 2103
f 3622 3628 3629
f 3629 3623 3622
f 4197 4201 4202
f 4202 4198 4197
f 3912 3913 4202
f 4202 4201 3912
f 4192 4199 4200
f 4200 4193 4192
f 3908 3909 4200
f 4200 4199 3908
f 3905 3906 4197
f 4197 4196 3905
f 4480 4485 4486
f 4486 4481 4480
f 8540 8542 9090
f 9090 9089 8540
f 4185 4194 4195
f 4195 4186 4185
f 6428 6876 6888
f 6888 6441 6428
f 4805 4806 5123
f 5123 5114 4805
f 8012 8507 8506
f 8506 8505 8012
f 3893 4186 4195
f 4195 3903 3893
f 5831 5845 5846
f 5846 5832 5831
f 3901 3902 4194
f 4194 4193 3901
f 3896 3897 4189
f 4189 4188 3896
f 11243 11782 11783
f 11783 11262 11243
f 4248 4249 4540
f 4540 4539 4248
f 3886 3896 4188
f 4188 4179 3886
f 1245 1469 1470
f 1470 1473 1245
f 4176 4186 4187
f 4187 4177 4176
f 3893 3894 4187
f 4187 4186 3893
f 3884 4177 4187
f 4187 3894 3884
f 5670 5683 6042
f 6042 6034 5670
f 7010 7011 7014
f 7014 7013 7010
f 6 15 20
f 20 7 6
f 3875 3885 4178
f 4178 4168 3875
f 3801 3802 4101
f 4101 4100 3801
f 2832 3106 3107
f 3107 3110 2832
f 1525 1526 1530
f 1530 1529 1525
f 3874 4167 4177
f 4177 3884 3874
f 4815 4817 5134
f 5134 5132 4815
f 2582 2588 2851
f 2851 2849 2582
f 1040 1051 1064
f 1064 1179 1040
f 1286 1592 1604
f 1604 1287 1286
f 4783 5098 5099
f 5099 5101 4783
f 6682 6683 7128
f 7128 7127 6682
f 3865 3875 4168
f 4168 4158 3865
f 5510 5511 5856
f 5856 5855 5510
f 2652 2653 2915
f 2915 2914 2652
f 3855 3865 4158
f 4158 4148 3855
f 104 105 106
f 106 107 104
f 3852 4146 4157
f 4157 3864 3852
f 10813 10836 10837
f 10837 10816 10813
f 3565 3874 3884
f 3884 3575 3565
f 334 530 540
f 540 538 334
f 2114 2127 2465
f 2465 2456 2114
f 6184 6185 6585
f 6585 6584 6184
f 1711 1714 1713
f 1713 1712 1711
f 3842 3854 4147
f 4147 4137 3842
f 3851 4145 4146
f 4146 3852 3851
f 4766 5086 5094
f 5094 4775 4766
f 177 372 381
f 381 380 177
f 11978 11991 11992
f 11992 11979 11978
f 2600 2862 2865
f 2865 2864 2600
f 9812 9813 9827
f 9827 9826 9812
f 3830 4124 4135
f 4135 3839 3830
f 6258 6259 6659
f 6659 6658 6258
f 5703 6052 6053
f 6053 6054 5703
f 774 775 786
f 786 950 774
f 1431 1439 1440
f 1440 1432 1431
f 2528 2793 2803
f 2803 2536 2528
f 739 750 761
f 761 933 739
f 5133 5465 5467
f 5467 5136 5133
f 3829 4123 4124
f 4124 3830 3829
f 3821 3822 4119
f 4119 4118 3821
f 3818 4115 3826
f 3826 3819 3818
f 3809 4107 4110
f 4110 3813 3809
f 11880 11894 11896
f 11896 11895 11880
f 9536 9537 10154
f 10154 10153 9536
f 3808 3812 4109
f 4109 4106 3808
f 9054 9055 9652
f 9652 9651 9054
f 3955 3966 4248
f 4248 4238 3955
f 5548 5549 5890
f 5890 5889 5548
f 3804 4103 4108
f 4108 3810 3804
f 3922 4205 4207
f 4207 3923 3922
f 3802 3808 4106
f 4106 4101 3802
f 1944 1945 2320
f 2320 2309 1944
f 9549 10166 10167
f 10167 9550 9549
f 3793 3801 4100
f 4100 4093 3793
f 4090 4098 4099
f 4099 4091 4090
f 10509 11135 11137
f 11137 10510 10509
f 3798 3799 4099
f 4099 4098 3798
f 3790 4091 4099
f 4099 3799 3790
f 10276 10277 10279
f 10279 10278 10276
f 3410 3709 3712
f 3712 3411 3410
f 3790 3791 4092
f 4092 4091 3790
f 1647 1648 2033
f 2033 2032 1647
f 7475 7476 7479
f 7479 7478 7475
f 1116 1259 1263
f 1263 1118 1116
f 6019 6401 6404
f 6404 6021 6019
f 4672 4989 4996
f 4996 4680 4672
f 4167 4457 4467
f 4467 4177 4167
f 246 404 394
f 394 250 246
f 1289 1290 1605
f 1605 1595 1289
f 2556 2558 2560
f 2560 2828 2556
f 4688 5000 5003
f 5003 4691 4688
f 3449 3746 3745
f 3745 3744 3449
f 6247 6253 6647
f 6647 6642 6247
f 1285 1286 1287
f 1287 1288 1285
f 10309 10929 10946
f 10946 10310 10309
f 9524 9525 10144
f 10144 10143 9524
f 8537 8538 9100
f 9100 9098 8537
f 3765 3773 4074
f 4074 4066 3765
f 11062 11063 11065
f 11065 11064 11062
f 3405 3704 3708
f 3708 3707 3405
f 1200 1375 1384
f 1384 1205 1200
f 5655 5656 6015
f 6015 6014 5655
f 3757 3765 4066
f 4066 4054 3757
f 3755 4062 4065
f 4065 3764 3755
f 5866 6220 6223
f 6223 6222 5866
f 3754 4044 4053
f 4053 3755 3754
f 10448 10449 10451
f 10451 10450 10448
f 4315 4619 4333
f 4333 4324 4315
f 9547 10164 10166
f 10166 9549 9547
f 1348 1662 1673
f 1673 1359 1348
f 3745 3746 4046
f 4046 4045 3745
f 3742 4036 3754
f 3754 3743 3742
f 5071 5080 5408
f 5408 5399 5071
f 5595 5605 5955
f 5955 5945 5595
f 3733 3734 4038
f 4038 4037 3733
f 3742 4030 4033
f 4033 4036 3742
f 4758 5079 5088
f 5088 4768 4758
f 4033 4034 4035
f 4035 4036 4033
f 7526 8029 8044
f 8044 7537 7526
f 3541 3850 3552
f 3552 3542 3541
f 3721 4026 4019
f 4019 3725 3721
f 3721 3722 3736
f 3736 4023 3721
f 1855 1856 1858
f 1858 1857 1855
f 11139 11689 11673
f 11673 11140 11139
f 3729 4020 4021
f 4021 4022 3729
f 764 945 956
f 956 778 764
f 3714 3715 4016
f 4016 4015 3714
f 3712 4011 4016
f 4016 3715 3712
f 3712 4013 4012
f 4012 4011 3712
f 1697 1698 1700
f 1700 1699 1697
f 6282 6679 6680
f 6680 6283 6282
f 261 275 276
f 276 262 261
f 3773 3774 4075
f 4075 4074 3773
f 3708 4005 4008
f 4008 3709 3708
f 3708 4001 4006
f 4006 4005 3708
f 8508 9049 9068
f 9068 9069 8508
f 3701 3702 3708
f 3708 3704 3701
f 3702 3996 4001
f 4001 3708 3702
f 3171 3179 3489
f 3489 3479 3171
f 3700 3703 3999
f 3999 3994 3700
f 3694 3990 3997
f 3997 3998 3694
f 10837 11470 11471
f 11471 10856 10837
f 3697 3699 3993
f 3993 3992 3697
f 6089 6099 6492
f 6492 6483 6089
f 3687 3983 3991
f 3991 3695 3687
f 4864 4865 5183
f 5183 5182 4864
f 6948 6954 6955
f 6955 6949 6948
f 3924 4209 4211
f 4211 3926 3924
f 3670 3680 3976
f 3976 3967 3670
f 1209 1210 1400
f 1400 1397 1209
f 80 128 131
f 131 134 80
f 131 132 136
f 136 135 131
f 3669 3670 3967
f 3967 3966 3669
f 651 862 861
f 861 860 651
f 1244 1248 1251
f 1251 1247 1244
f 3658 3964 3965
f 3965 3668 3658
f 1256 1257 1261
f 1261 1260 1256
f 552 739 729
f 729 730 552
f 8023 8036 8531
f 8531 8516 8023
f 5245 5581 5256
f 5256 5246 5245
f 8106 8612 8613
f 8613 8107 8106
f 3646 3944 3954
f 3954 3656 3646
f 2958 3248 3247
f 3247 3246 2958
f 4830 4834 5151
f 5151 5150 4830
f 10495 10496 11105
f 11105 11104 10495
f 3992 3993 4275
f 4275 4274 3992
f 1336 1347 1661
f 1661 1650 1336
f 2239 2590 2588
f 2588 2589 2239
f 5245 5569 5570
f 5570 5571 5245
f 3638 3647 3945
f 3945 3936 3638
f 3637 3934 3943
f 3943 3645 3637
f 3521 3522 3832
f 3832 3831 3521
f 3179 3187 3497
f 3497 3489 3179
f 3631 3638 3936
f 3936 3935 3631
f 8550 8554 8557
f 8557 8553 8550
f 3629 3933 3934
f 3934 3637 3629
f 9148 9738 9747
f 9747 9149 9148
f 10138 10758 10757
f 10757 10756 10138
f 6813 6824 6839
f 6839 7274 6813
f 3624 3927 3922
f 3922 3625 3624
f 3621 3920 3925
f 3925 3622 3621
f 3622 3925 3926
f 3926 3628 3622
f 9747 10367 10377
f 10377 9763 9747
f 3919 3923 3924
f 3924 3920 3919
f 10294 10296 10311
f 10311 10948 10294
f 3619 3625 3922
f 3922 3921 3619
f 8581 8588 9169
f 9169 9160 8581
f 3913 3917 3918
f 3918 3914 3913
f 3613 3614 3917
f 3917 3916 3613
f 2661 2662 2665
f 2665 2664 2661
f 3608 3609 3915
f 3915 3914 3608
f 4868 4869 5187
f 5187 5186 4868
f 3601 3602 3910
f 3910 3909 3601
f 3593 3902 3910
f 3910 3602 3593
f 4517 4518 4819
f 4819 4818 4517
f 1538 1540 1550
f 1550 1548 1538
f 8567 9147 9150
f 9150 8573 8567
f 3896 3904 3905
f 3905 3897 3896
f 4037 4318 4317
f 4317 4316 4037
f 5406 5407 5747
f 5747 5746 5406
f 5644 5650 5651
f 5651 5645 5644
f 5484 5485 5842
f 5842 5840 5484
f 5090 5091 5418
f 5418 5417 5090
f 3586 3587 3896
f 3896 3895 3586
f 1378 1380 1691
f 1691 1690 1378
f 3575 3884 3894
f 3894 3585 3575
f 3466 3477 3478
f 3478 3467 3466
f 4466 4767 4776
f 4776 4476 4466
f 11600 11612 11613
f 11613 11601 11600
f 5148 5481 5482
f 5482 5149 5148
f 3864 4157 4167
f 4167 3874 3864
f 2447 2456 2722
f 2722 2713 2447
f 9141 9151 9159
f 9159 9740 9141
f 9549 9550 9553
f 9553 9552 9549
f 3566 3576 3885
f 3885 3875 3566
f 2198 2200 2207
f 2207 2539 2198
f 4666 4674 4675
f 4675 4667 4666
f 11043 11044 11046
f 11046 11045 11043
f 2538 2540 2548
f 2548 2813 2538
f 4017 4018 4021
f 4021 4020 4017
f 11809 11824 11826
f 11826 11825 11809
f 1840 2245 2246
f 2246 2248 1840
f 3553 3864 3874
f 3874 3565 3553
f 976 977 979
f 979 978 976
f 2794 2796 2804
f 2804 3072 2794
f 3552 3852 3864
f 3864 3553 3552
f 4083 4372 4380
f 4380 4092 4083
f 8343 8355 8894
f 8894 8882 8343
f 5101 5422 5425
f 5425 5103 5101
f 6271 6668 6669
f 6669 6272 6271
f 6836 7288 7271
f 7271 7272 6836
f 1375 1689 1694
f 1694 1384 1375
f 1133 1134 1313
f 1313 1312 1133
f 8033 8045 8046
f 8046 8034 8033
f 2887 2895 3187
f 3187 3179 2887
f 10144 10153 10785
f 10785 10787 10144
f 49 55 56
f 56 50 49
f 3533 3534 3842
f 3842 3841 3533
f 7521 7522 7533
f 7533 8039 7521
f 3541 3838 3839
f 3839 3840 3541
f 11066 11067 11069
f 11069 11068 11066
f 6942 6951 6952
f 6952 6943 6942
f 4085 4093 4381
f 4381 4373 4085
f 7933 7936 7937
f 7937 7934 7933
f 6809 6811 7287
f 7287 7285 6809
f 3809 3810 4108
f 4108 4107 3809
f 3521 3831 3822
f 3822 3523 3521
f 3527 3825 3828
f 3828 3530 3527
f 3825 3826 3829
f 3829 3828 3825
f 3530 3828 3829
f 3829 3830 3530
f 3814 3815 3818
f 3818 3817 3814
f 3506 3512 3513
f 3513 3507 3506
f 3516 3816 3815
f 3815 3814 3516
f 3508 3809 3813
f 3813 3514 3508
f 4630 4639 4954
f 4954 4941 4630
f 3804 3810 3811
f 3811 3805 3804
f 4901 4902 4912
f 4912 5222 4901
f 5130 5464 5481
f 5481 5148 5130
f 3502 3805 3811
f 3811 3510 3502
f 7637 7638 7640
f 7640 7639 7637
f 3801 3807 3808
f 3808 3802 3801
f 4549 4550 4857
f 4857 4856 4549
f 764 778 779
f 779 765 764
f 3292 3301 3302
f 3302 3293 3292
f 3495 3496 3799
f 3799 3798 3495
f 9254 9880 9272
f 9272 9255 9254
f 1461 1462 1464
f 1464 1463 1461
f 314 322 323
f 323 316 314
f 3486 3790 3799
f 3799 3496 3486
f 4362 4664 4673
f 4673 4372 4362
f 533 734 743
f 743 534 533
f 3486 3487 3791
f 3791 3790 3486
f 265 267 443
f 443 441 265
f 3826 4115 4116
f 4116 4117 3826
f 8999 9001 9017
f 9017 9613 8999
f 4664 4665 4982
f 4982 4981 4664
f 3469 3479 3783
f 3783 3774 3469
f 1388 1709 1703
f 1703 1704 1388
f 3468 3469 3774
f 3774 3773 3468
f 5955 6325 6323
f 6323 6324 5955
f 10454 10469 10470
f 10470 10455 10454
f 2342 2352 2353
f 2353 2354 2342
f 11367 11368 11372
f 11372 11371 11367
f 2241 2242 2243
f 2243 2244 2241
f 1755 1768 2148
f 2148 2138 1755
f 5268 5269 5605
f 5605 5595 5268
f 6393 6399 6400
f 6400 6394 6393
f 6108 6109 6501
f 6501 6500 6108
f 747 756 757
f 757 748 747
f 4836 4846 5165
f 5165 5156 4836
f 2926 3221 2933
f 2933 2927 2926
f 3449 3450 3757
f 3757 3746 3449
f 1156 1157 1336
f 1336 1335 1156
f 1837 2220 2219
f 2219 2218 1837
f 5900 6262 6264
f 6264 5902 5900
f 3445 3743 3754
f 3754 3753 3445
f 65 67 120
f 120 119 65
f 3699 3700 3994
f 3994 3993 3699
f 10727 11335 11348
f 11348 10741 10727
f 11785 11800 11801
f 11801 11786 11785
f 1638 1649 1650
f 1650 1651 1638
f 3442 3731 3741
f 3741 3445 3442
f 2818 2819 3096
f 3096 2825 2818
f 2265 2278 2279
f 2279 2266 2265
f 3724 3725 3729
f 3729 3728 3724
f 3822 3831 4128
f 4128 4119 3822
f 3728 3729 3730
f 3730 3731 3728
f 3720 3724 3727
f 3727 3723 3720
f 1370 1378 1690
f 1690 1684 1370
f 3720 3721 3725
f 3725 3724 3720
f 11956 11970 11971
f 11971 11957 11956
f 3716 3718 3719
f 3719 3717 3716
f 4688 4689 4696
f 4696 5006 4688
f 3419 3717 3719
f 3719 3422 3419
f 324 333 527
f 527 526 324
f 1724 1731 1734
f 1734 1730 1724
f 6358 6786 6785
f 6785 6773 6358
f 3414 3715 3717
f 3717 3419 3414
f 3413 3418 3716
f 3716 3714 3413
f 4044 4335 4063
f 4063 4053 4044
f 3412 3413 3714
f 3714 3713 3412
f 4910 5231 5234
f 5234 5233 4910
f 3645 3943 3944
f 3944 3646 3645
f 4481 4482 4781
f 4781 4780 4481
f 3408 3412 3713
f 3713 3710 3408
f 3094 3095 3399
f 3399 3398 3094
f 3406 3408 3710
f 3710 3705 3406
f 3410 3707 3708
f 3708 3709 3410
f 2325 2327 2328
f 2328 2326 2325
f 3402 3403 3702
f 3702 3701 3402
f 7071 7565 7574
f 7574 7077 7071
f 3391 3687 3695
f 3695 3696 3391
f 4717 5032 5033
f 5033 4718 4717
f 5186 5187 5518
f 5518 5517 5186
f 3392 3394 3689
f 3689 3688 3392
f 9762 9770 9771
f 9771 9763 9762
f 3383 3677 3687
f 3687 3391 3383
f 604 605 606
f 606 607 604
f 3390 3391 3696
f 3696 3399 3390
f 2280 2290 2291
f 2291 2281 2280
f 10722 10723 11331
f 11331 11330 10722
f 3624 3632 3928
f 3928 3927 3624
f 4414 4707 4706
f 4706 4705 4414
f 9087 9110 9109
f 9109 9088 9087
f 4387 4391 4392
f 4392 4388 4387
f 2829 2830 3105
f 3105 3103 2829
f 2287 2300 2301
f 2301 2288 2287
f 3099 3402 3405
f 3405 3104 3099
f 12009 12019 12020
f 12020 12010 12009
f 3364 3375 3669
f 3669 3659 3364
f 784 797 798
f 798 785 784
f 1733 2111 2124
f 2124 2123 1733
f 3477 3782 3791
f 3791 3487 3477
f 3430 3734 3733
f 3733 3732 3430
f 3352 3646 3657
f 3657 3362 3352
f 3362 3657 3658
f 3658 3363 3362
f 912 915 1077
f 1077 1074 912
f 1153 1333 1346
f 1346 1167 1153
f 1975 1976 2332
f 2332 2330 1975
f 3344 3353 3648
f 3648 3647 3344
f 10565 10566 11172
f 11172 11171 10565
f 3341 3637 3645
f 3645 3342 3341
f 1240 1462 1461
f 1461 1457 1240
f 327 518 519
f 519 328 327
f 729 930 931
f 931 927 729
f 1483 1484 1494
f 1494 1493 1483
f 2804 2812 3081
f 3081 3073 2804
f 3327 3630 3624
f 3624 3328 3327
f 5166 5174 5507
f 5507 5499 5166
f 3725 4019 4018
f 4018 4017 3725
f 1840 1841 1849
f 1849 2245 1840
f 14 19 20
f 20 15 14
f 3615 3621 3622
f 3622 3616 3615
f 1549 1557 1558
f 1558 1550 1549
f 4127 4426 4427
f 4427 4415 4127
f 481 482 484
f 484 483 481
f 3608 3615 3616
f 3616 3609 3608
f 4400 4702 4412
f 4412 4401 4400
f 7609 7610 7613
f 7613 7612 7609
f 2582 2849 2847
f 2847 2848 2582
f 1754 1764 1767
f 1767 1763 1754
f 1257 1258 1272
f 1272 1570 1257
f 5862 5868 5869
f 5869 5870 5862
f 2536 2546 2547
f 2547 2537 2536
f 7834 7835 7861
f 7861 7848 7834
f 4770 4777 4778
f 4778 4771 4770
f 959 969 970
f 970 960 959
f 3586 3595 3596
f 3596 3587 3586
f 1414 1745 1754
f 1754 1415 1414
f 6100 6108 6500
f 6500 6493 6100
f 1968 1981 1982
f 1982 1969 1968
f 260 262 276
f 276 274 260
f 3605 3606 3912
f 3912 3911 3605
f 3268 3575 3585
f 3585 3279 3268
f 9125 9731 9730
f 9730 9719 9125
f 4102 4388 4392
f 4392 4107 4102
f 3257 3270 3576
f 3576 3566 3257
f 9147 9148 9149
f 9149 9150 9147
f 2749 2758 3022
f 3022 3013 2749
f 1960 1971 1972
f 1972 1961 1960
f 8422 8954 8956
f 8956 8425 8422
f 39 44 97
f 97 90 39
f 6008 6009 6390
f 6390 6012 6008
f 149 326 335
f 335 157 149
f 3308 3610 3617
f 3617 3317 3308
f 3245 3554 3267
f 3267 3256 3245
f 3267 3554 3553
f 3553 3565 3267
f 9726 9727 9728
f 9728 9729 9726
f 7664 8157 8173
f 8173 7680 7664
f 8175 8190 8702
f 8702 8685 8175
f 1626 2009 2021
f 2021 1636 1626
f 10996 10998 11010
f 11010 11604 10996
f 5033 5373 5055
f 5055 5042 5033
f 3247 3248 3556
f 3556 3555 3247
f 3236 3551 3554
f 3554 3245 3236
f 1453 1454 1456
f 1456 1455 1453
f 3235 3541 3542
f 3542 3236 3235
f 1208 1211 1210
f 1210 1209 1208
f 3754 4036 4035
f 4035 4044 3754
f 3815 3816 4112
f 4112 4111 3815
f 320 325 517
f 517 516 320
f 3693 3694 3998
f 3998 3702 3693
f 531 541 554
f 554 732 531
f 2157 2158 2168
f 2168 2167 2157
f 3237 3534 3533
f 3533 3532 3237
f 3222 3527 3530
f 3530 3529 3222
f 3215 3519 3527
f 3527 3222 3215
f 9182 9801 9790
f 9790 9184 9182
f 708 919 921
f 921 710 708
f 4783 4784 4794
f 4794 5098 4783
f 3212 3217 3523
f 3523 3517 3212
f 2114 2115 2128
f 2128 2127 2114
f 10131 10141 10142
f 10142 10132 10131
f 3217 3218 3225
f 3225 3520 3217
f 5214 5544 5550
f 5550 5220 5214
f 3217 3520 3521
f 3521 3523 3217
f 4985 4992 5316
f 5316 5310 4985
f 2758 2767 3031
f 3031 3022 2758
f 3211 3516 3518
f 3518 3214 3211
f 3508 3514 3515
f 3515 3509 3508
f 3222 3529 3232
f 3232 3223 3222
f 3199 3509 3515
f 3515 3205 3199
f 3202 3203 3513
f 3513 3512 3202
f 1491 1501 1502
f 1502 1492 1491
f 3502 3510 3511
f 3511 3503 3502
f 6027 6028 6031
f 6031 6030 6027
f 11252 11253 11274
f 11274 11273 11252
f 3195 3196 3506
f 3506 3505 3195
f 3187 3195 3505
f 3505 3497 3187
f 16 39 38
f 38 37 16
f 9629 9631 10242
f 10242 10240 9629
f 3495 3503 3504
f 3504 3496 3495
f 3193 3194 3504
f 3504 3503 3193
f 1581 1940 1942
f 1942 1954 1581
f 3373 3668 3678
f 3678 3679 3373
f 3178 3486 3496
f 3496 3186 3178
f 5644 5645 6000
f 6000 5999 5644
f 9514 9516 10138
f 10138 10137 9514
f 3266 3267 3268
f 3268 3269 3266
f 5136 5469 5153
f 5153 5137 5136
f 7563 8061 8062
f 8062 8063 7563
f 7041 7042 7529
f 7529 7528 7041
f 3062 3071 3375
f 3375 3364 3062
f 10154 10168 10169
f 10169 10170 10154
f 5955 5969 6336
f 6336 6325 5955
f 10705 10720 10721
f 10721 10706 10705
f 48 50 56
f 56 54 48
f 1107 1289 1269
f 1269 1108 1107
f 11960 11975 11976
f 11976 11977 11960
f 6740 6742 7208
f 7208 7206 6740
f 3162 3163 3469
f 3469 3468 3162
f 4555 4563 4564
f 4564 4556 4555
f 3160 3464 3467
f 3467 3161 3160
f 8030 8525 8524
f 8524 8523 8030
f 8354 8893 8906
f 8906 8368 8354
f 3464 3465 3466
f 3466 3467 3464
f 4975 4984 5309
f 5309 5301 4975
f 10218 10835 10852
f 10852 10220 10218
f 1842 1843 1846
f 1846 1845 1842
f 3631 3935 3928
f 3928 3632 3631
f 2851 2852 3136
f 3136 3134 2851
f 9627 9647 9648
f 9648 9628 9627
f 2671 2935 2936
f 2936 2938 2671
f 3160 3447 3446
f 3446 3456 3160
f 2408 2669 2677
f 2677 2676 2408
f 324 526 517
f 517 325 324
f 261 262 264
f 264 263 261
f 1412 1416 1424
f 1424 1422 1412
f 3138 3139 3152
f 3152 3448 3138
f 5876 6227 6234
f 6234 6233 5876
f 3444 3445 3446
f 3446 3447 3444
f 3147 3438 3441
f 3441 3150 3147
f 7402 7410 7411
f 7411 7403 7402
f 7286 7775 7791
f 7791 7792 7286
f 3400 3699 3697
f 3697 3698 3400
f 3141 3432 3435
f 3435 3144 3141
f 3772 4073 4083
f 4083 3782 3772
f 4291 4294 4588
f 4588 4298 4291
f 3432 3433 3436
f 3436 3435 3432
f 3138 3429 3432
f 3432 3141 3138
f 5890 6249 6255
f 6255 6256 5890
f 3425 3427 3428
f 3428 3426 3425
f 3129 3131 3427
f 3427 3425 3129
f 3804 3805 4104
f 4104 4103 3804
f 6966 7418 7419
f 7419 7420 6966
f 5661 5662 5671
f 5671 6018 5661
f 3703 3705 4002
f 4002 3999 3703
f 3128 3129 3425
f 3425 3424 3128
f 3419 3422 3423
f 3423 3420 3419
f 2923 3212 3211
f 3211 3210 2923
f 4276 4280 4570
f 4570 4566 4276
f 3124 3420 3423
f 3423 3127 3124
f 2337 2602 2594
f 2594 2344 2337
f 6250 6251 6646
f 6646 6645 6250
f 3414 3419 3420
f 3420 3416 3414
f 6668 7114 7115
f 7115 6669 6668
f 2063 2064 2396
f 2396 2395 2063
f 3119 3416 3420
f 3420 3124 3119
f 11654 11671 11672
f 11672 11656 11654
f 3114 3120 3417
f 3417 3412 3114
f 23 24 34
f 34 33 23
f 3411 3414 3416
f 3416 3415 3411
f 10328 10981 10980
f 10980 10967 10328
f 3118 3415 3416
f 3416 3119 3118
f 5624 5978 5989
f 5989 5633 5624
f 734 742 744
f 744 743 734
f 4682 4685 4686
f 4686 4683 4682
f 3112 3410 3411
f 3411 3113 3112
f 7039 7526 7537
f 7537 7051 7039
f 3107 3108 3408
f 3408 3406 3107
f 3104 3405 3407
f 3407 3110 3104
f 3211 3212 3517
f 3517 3516 3211
f 3098 3102 3404
f 3404 3401 3098
f 4567 4571 4874
f 4874 4872 4567
f 4377 4678 4684
f 4684 4385 4377
f 11499 11510 11511
f 11511 11500 11499
f 1907 1908 1915
f 1915 1916 1907
f 3099 3100 3403
f 3403 3402 3099
f 9630 10241 10242
f 10242 9631 9630
f 11134 11156 11157
f 11157 11158 11134
f 3097 3098 3401
f 3401 3400 3097
f 3091 3097 3400
f 3400 3395 3091
f 3090 3091 3395
f 3395 3394 3090
f 3081 3082 3090
f 3090 3393 3081
f 1003 1015 1016
f 1016 1004 1003
f 3087 3088 3391
f 3391 3390 3087
f 165 176 175
f 175 166 165
f 2903 2904 3196
f 3196 3195 2903
f 8014 8015 8509
f 8509 8508 8014
f 10086 10087 10704
f 10704 10703 10086
f 11437 11451 11887
f 11887 11872 11437
f 1989 1999 2000
f 2000 2001 1989
f 4424 4718 4727
f 4727 4425 4424
f 7564 8069 8077
f 8077 7573 7564
f 3057 3060 3374
f 3374 3070 3057
f 4760 4769 4770
f 4770 4761 4760
f 1228 1232 1442
f 1442 1434 1228
f 8566 9134 9140
f 9140 8567 8566
f 5560 5912 5899
f 5899 5562 5560
f 5220 5550 5549
f 5549 5548 5220
f 3394 3698 3697
f 3697 3689 3394
f 3039 3342 3352
f 3352 3048 3039
f 878 891 1051
f 1051 1040 878
f 5417 5418 5756
f 5756 5755 5417
f 7995 8486 8507
f 8507 8012 7995
f 4694 5014 5008
f 5008 4696 4694
f 3335 3343 3344
f 3344 3345 3335
f 5122 5453 5464
f 5464 5130 5122
f 3333 3341 3342
f 3342 3334 3333
f 3030 3334 3342
f 3342 3039 3030
f 6009 6380 6389
f 6389 6390 6009
f 3152 3450 3449
f 3449 3448 3152
f 5879 5886 5887
f 5887 5880 5879
f 4355 4365 4666
f 4666 4657 4355
f 2298 2310 2311
f 2311 2299 2298
f 10721 10735 10736
f 10736 10722 10721
f 4301 4589 4592
f 4592 4304 4301
f 984 995 1123
f 1123 1122 984
f 1191 1200 1201
f 1201 1192 1191
f 3325 3333 3334
f 3334 3326 3325
f 3021 3326 3334
f 3334 3030 3021
f 1270 1566 1570
f 1570 1272 1270
f 1196 1197 1372
f 1372 1371 1196
f 8224 8771 8770
f 8770 8749 8224
f 477 478 480
f 480 479 477
f 10949 10950 10966
f 10966 11562 10949
f 6819 6821 6832
f 6832 6830 6819
f 4566 4567 4872
f 4872 4871 4566
f 10313 10326 10966
f 10966 10950 10313
f 6189 6190 6191
f 6191 6192 6189
f 1240 1242 1464
f 1464 1462 1240
f 5748 5749 6108
f 6108 6107 5748
f 2928 3218 3217
f 3217 3216 2928
f 3319 3327 3328
f 3328 3320 3319
f 3317 3325 3326
f 3326 3318 3317
f 2482 2748 2757
f 2757 2491 2482
f 4749 4750 5071
f 5071 5070 4749
f 10772 11365 11381
f 11381 11380 10772
f 3012 3318 3326
f 3326 3021 3012
f 10782 10797 11409
f 11409 11389 10782
f 6104 6105 6498
f 6498 6497 6104
f 717 721 722
f 722 718 717
f 2841 3122 3120
f 3120 3121 2841
f 1862 1863 1875
f 1875 1874 1862
f 510 514 515
f 515 511 510
f 3301 3310 3311
f 3311 3302 3301
f 3299 3308 3309
f 3309 3300 3299
f 4383 4388 4685
f 4685 4682 4383
f 2518 2784 2793
f 2793 2528 2518
f 5522 5529 5869
f 5869 5868 5522
f 3597 3605 3911
f 3911 3905 3597
f 1819 2208 2207
f 2207 2200 1819
f 193 194 214
f 214 213 193
f 84 230 232
f 232 87 84
f 977 1118 1120
f 1120 979 977
f 7416 7912 7914
f 7914 7419 7416
f 3935 3936 4216
f 4216 4215 3935
f 4147 4148 4438
f 4438 4428 4147
f 5101 5424 5423
f 5423 5422 5101
f 675 676 888
f 888 887 675
f 5981 5990 6358
f 6358 6347 5981
f 100 101 105
f 105 104 100
f 17 48 47
f 47 44 17
f 4952 4963 4964
f 4964 4953 4952
f 3094 3398 3403
f 3403 3100 3094
f 4647 4964 4963
f 4963 4962 4647
f 4018 4306 4308
f 4308 4021 4018
f 3839 4135 4136
f 4136 3840 3839
f 285 439 452
f 452 286 285
f 2977 2986 3292
f 3292 3281 2977
f 2985 3291 3290
f 3290 3289 2985
f 3031 3040 3344
f 3344 3343 3031
f 2986 2995 3301
f 3301 3292 2986
f 11912 11923 11924
f 11924 11914 11912
f 11366 11370 11373
f 11373 11369 11366
f 4094 4101 4387
f 4387 4382 4094
f 9458 9473 9474
f 9474 9459 9458
f 1568 1932 1934
f 1934 1572 1568
f 3513 3514 3813
f 3813 3812 3513
f 5089 5090 5417
f 5417 5416 5089
f 9695 9696 9697
f 9697 9698 9695
f 5567 5906 5907
f 5907 5908 5567
f 1978 1979 2334
f 2334 2333 1978
f 5323 5660 5661
f 5661 5656 5323
f 3917 3919 3920
f 3920 3918 3917
f 8915 8916 9511
f 9511 9510 8915
f 4675 4681 4682
f 4682 4676 4675
f 3438 3439 3442
f 3442 3441 3438
f 474 670 668
f 668 669 474
f 2019 2360 2369
f 2369 2020 2019
f 2958 2959 3257
f 3257 3248 2958
f 2948 3245 3256
f 3256 2956 2948
f 2342 2354 2611
f 2611 2610 2342
f 10449 11071 11082
f 11082 10451 10449
f 5898 6257 6258
f 6258 6260 5898
f 10592 11197 11215
f 11215 10611 10592
f 136 319 320
f 320 137 136
f 8917 8918 9513
f 9513 9512 8917
f 2936 3237 3226
f 3226 2938 2936
f 2936 2937 3238
f 3238 3237 2936
f 2947 3234 3235
f 3235 3236 2947
f 8971 9553 9571
f 9571 8972 8971
f 2928 2929 2938
f 2938 3224 2928
f 563 564 762
f 762 761 563
f 4792 5107 5110
f 5110 5109 4792
f 717 718 922
f 922 920 717
f 1914 2295 2294
f 2294 2293 1914
f 2926 3215 3222
f 3222 3221 2926
f 2933 3221 3222
f 3222 3223 2933
f 2923 2924 2928
f 2928 3216 2923
f 2923 3216 3217
f 3217 3212 2923
f 3210 3211 3214
f 3214 3213 3210
f 3203 3208 3209
f 3209 3204 3203
f 2913 3204 3209
f 3209 2918 2913
f 1367 1681 1689
f 1689 1375 1367
f 1721 1722 1723
f 1723 1724 1721
f 3202 3207 3208
f 3208 3203 3202
f 2408 2676 2417
f 2417 2409 2408
f 8367 8368 8369
f 8369 8370 8367
f 2065 2066 2398
f 2398 2397 2065
f 2908 2909 3201
f 3201 3200 2908
f 7042 7052 7538
f 7538 7529 7042
f 5195 5527 5522
f 5522 5196 5195
f 1196 1371 1380
f 1380 1381 1196
f 2221 2558 2556
f 2556 2557 2221
f 3279 3290 3291
f 3291 3280 3279
f 1226 1430 1438
f 1438 1230 1226
f 4016 4299 4298
f 4298 4297 4016
f 4727 5042 5055
f 5055 5054 4727
f 2895 2903 3195
f 3195 3187 2895
f 6335 6739 6756
f 6756 6755 6335
f 2901 2902 3194
f 3194 3193 2901
f 2894 3186 3194
f 3194 2902 2894
f 3783 3784 4085
f 4085 4084 3783
f 2225 2229 2232
f 2232 2228 2225
f 11269 11270 11272
f 11272 11271 11269
f 5103 5425 5428
f 5428 5105 5103
f 4688 5002 5001
f 5001 5000 4688
f 105 286 295
f 295 106 105
f 1244 1245 1249
f 1249 1248 1244
f 4332 4333 4334
f 4334 4335 4332
f 49 51 110
f 110 109 49
f 4118 4402 4403
f 4403 4405 4118
f 11823 11837 11838
f 11838 11824 11823
f 2830 3101 3100
f 3100 3099 2830
f 4965 4974 5300
f 5300 5289 4965
f 2878 3170 3178
f 3178 2886 2878
f 2124 2444 2443
f 2443 2455 2124
f 489 490 494
f 494 493 489
f 9034 9630 9631
f 9631 9035 9034
f 10739 10740 11347
f 11347 11346 10739
f 2877 3161 3170
f 3170 2878 2877
f 7933 8418 8421
f 8421 7936 7933
f 1848 1851 1850
f 1850 1849 1848
f 11159 11709 11711
f 11711 11160 11159
f 4509 4513 4516
f 4516 4512 4509
f 8748 8749 8770
f 8770 9351 8748
f 2868 2869 3163
f 3163 3162 2868
f 3984 3985 4267
f 4267 4266 3984
f 6042 6043 6442
f 6442 6432 6042
f 2854 3152 3139
f 3139 2856 2854
f 406 417 619
f 619 609 406
f 2854 2855 3153
f 3153 3152 2854
f 2865 3149 3150
f 3150 3151 2865
f 5217 5218 5547
f 5547 5546 5217
f 2860 3143 3146
f 3146 2862 2860
f 3143 3144 3147
f 3147 3146 3143
f 2858 3140 3143
f 3143 2860 2858
f 3140 3141 3144
f 3144 3143 3140
f 963 1105 1110
f 1110 964 963
f 5966 6322 6335
f 6335 5967 5966
f 9149 9747 9763
f 9763 9157 9149
f 8069 8579 8587
f 8587 8077 8069
f 1947 1959 1960
f 1960 1948 1947
f 2856 3139 3138
f 3138 3137 2856
f 3225 3226 3237
f 3237 3532 3225
f 5227 5553 5552
f 5552 5551 5227
f 2852 3132 3135
f 3135 3136 2852
f 2851 3134 3133
f 3133 3131 2851
f 2850 3130 3132
f 3132 2852 2850
f 1082 1084 1088
f 1088 1086 1082
f 2976 3280 3291
f 3291 2985 2976
f 677 678 680
f 680 679 677
f 1702 2074 2073
f 2073 2072 1702
f 2847 2849 3129
f 3129 3128 2847
f 2844 2847 3128
f 3128 3125 2844
f 724 735 736
f 736 737 724
f 10480 11102 11103
f 11103 10494 10480
f 4272 4273 4564
f 4564 4563 4272
f 11935 11946 11948
f 11948 11947 11935
f 11615 11616 12026
f 12026 12025 11615
f 1735 1738 1737
f 1737 1736 1735
f 4571 4573 4876
f 4876 4874 4571
f 10239 10871 10892
f 10892 10274 10239
f 2839 3118 3119
f 3119 2840 2839
f 3965 4247 4257
f 4257 3975 3965
f 3587 3596 3904
f 3904 3896 3587
f 2833 2837 3115
f 3115 3109 2833
f 523 534 535
f 535 525 523
f 6014 6015 6021
f 6021 6404 6014
f 8881 8882 9473
f 9473 9472 8881
f 3108 3109 3115
f 3115 3114 3108
f 6111 6112 6504
f 6504 6503 6111
f 2832 3110 3112
f 3112 2835 2832
f 5615 5616 5970
f 5970 5969 5615
f 6220 6613 6615
f 6615 6223 6220
f 3106 3109 3108
f 3108 3107 3106
f 2830 3099 3104
f 3104 3105 2830
f 2829 3103 3102
f 3102 3098 2829
f 2824 2825 3101
f 3101 2830 2824
f 2825 3094 3100
f 3100 3101 2825
f 6966 7431 6975
f 6975 6967 6966
f 2822 2827 3097
f 3097 3091 2822
f 2819 3087 3095
f 3095 3096 2819
f 4395 4689 4688
f 4688 4687 4395
f 8682 8700 8701
f 8701 8683 8682
f 1085 1086 1088
f 1088 1087 1085
f 4318 4628 4629
f 4629 4620 4318
f 11941 11953 11954
f 11954 11943 11941
f 4656 4973 4982
f 4982 4665 4656
f 2820 2822 3091
f 3091 3090 2820
f 2814 2820 3090
f 3090 3082 2814
f 2810 2811 3089
f 3089 2819 2810
f 2819 3089 3088
f 3088 3087 2819
f 571 572 775
f 775 774 571
f 3161 3467 3478
f 3478 3170 3161
f 2338 2592 2593
f 2593 2595 2338
f 3656 3954 3964
f 3964 3658 3656
f 11513 11935 11947
f 11947 11515 11513
f 11996 12008 12009
f 12009 11997 11996
f 4918 5233 5234
f 5234 5235 4918
f 4189 4196 4197
f 4197 4190 4189
f 10100 10719 10734
f 10734 10113 10100
f 8550 8551 8555
f 8555 8554 8550
f 2804 3073 3071
f 3071 3072 2804
f 3133 3134 3136
f 3136 3135 3133
f 6173 6571 6574
f 6574 6573 6173
f 4679 4680 4996
f 4996 4995 4679
f 6188 6191 6601
f 6601 6204 6188
f 11747 11764 11765
f 11765 11748 11747
f 6087 6481 6491
f 6491 6097 6087
f 7996 8487 8485
f 8485 8486 7996
f 7207 7208 7222
f 7222 7221 7207
f 2785 2794 3062
f 3062 3049 2785
f 2784 3058 3061
f 3061 2793 2784
f 2793 3061 3060
f 3060 3057 2793
f 2784 3048 3059
f 3059 3058 2784
f 5861 5862 6217
f 6217 6216 5861
f 3058 3059 3060
f 3060 3061 3058
f 7996 7998 8488
f 8488 8487 7996
f 10733 11343 11355
f 11355 10747 10733
f 1481 1483 1493
f 1493 1504 1481
f 4491 4785 4788
f 4788 4493 4491
f 6336 6744 6742
f 6742 6743 6336
f 8341 8343 8882
f 8882 8881 8341
f 5828 6188 6204
f 6204 6205 5828
f 7543 7544 8053
f 8053 8049 7543
f 1879 2269 2271
f 2271 1880 1879
f 1198 1203 1382
f 1382 1373 1198
f 7528 7529 8032
f 8032 8031 7528
f 243 265 429
f 429 428 243
f 3325 3623 3629
f 3629 3333 3325
f 2776 2785 3049
f 3049 3040 2776
f 486 488 492
f 492 490 486
f 6942 6943 7404
f 7404 7403 6942
f 2775 3039 3048
f 3048 2784 2775
f 11350 11351 11851
f 11851 11850 11350
f 3122 3125 3421
f 3421 3418 3122
f 5238 5247 5584
f 5584 5573 5238
f 144 145 321
f 321 313 144
f 10455 10470 10471
f 10471 10456 10455
f 6099 6107 6108
f 6108 6100 6099
f 3293 3302 3604
f 3604 3596 3293
f 7884 7885 8381
f 8381 8380 7884
f 7238 7253 7254
f 7254 7239 7238
f 5876 6225 6226
f 6226 6227 5876
f 4559 4565 4870
f 4870 4865 4559
f 7024 7509 7527
f 7527 7040 7024
f 3186 3496 3504
f 3504 3194 3186
f 9881 10499 10501
f 10501 9884 9881
f 5374 5702 5703
f 5703 5704 5374
f 338 340 545
f 545 345 338
f 3022 3031 3032
f 3032 3023 3022
f 3974 4256 4265
f 4265 3983 3974
f 470 471 473
f 473 472 470
f 2757 3021 3030
f 3030 2766 2757
f 1861 1869 1872
f 1872 1871 1861
f 5740 5748 6107
f 6107 6099 5740
f 774 950 951
f 951 942 774
f 10435 10452 10453
f 10453 10437 10435
f 3113 3411 3415
f 3415 3118 3113
f 1234 1446 1454
f 1454 1238 1234
f 1490 1859 1860
f 1860 1861 1490
f 1866 2262 2263
f 2263 1878 1866
f 2748 3012 3021
f 3021 2757 2748
f 133 149 150
f 150 134 133
f 3994 3999 4280
f 4280 4276 3994
f 80 134 150
f 150 81 80
f 131 135 138
f 138 134 131
f 5334 5335 5338
f 5338 5337 5334
f 23 33 35
f 35 27 23
f 9845 9846 10467
f 10467 10452 9845
f 6033 6430 6431
f 6431 6418 6033
f 3004 3013 3014
f 3014 3005 3004
f 728 729 927
f 927 924 728
f 10996 11592 11590
f 11590 11591 10996
f 2178 2520 2519
f 2519 2510 2178
f 3404 3406 3705
f 3705 3703 3404
f 9423 10028 10025
f 10025 10008 9423
f 157 335 334
f 334 333 157
f 3798 4098 4105
f 4105 3806 3798
f 3308 3317 3318
f 3318 3309 3308
f 2731 2740 3004
f 3004 2995 2731
f 3964 4235 4236
f 4236 4237 3964
f 2722 2731 2995
f 2995 2986 2722
f 5362 5363 5706
f 5706 5705 5362
f 3908 3914 3915
f 3915 3909 3908
f 2947 3236 3245
f 3245 2948 2947
f 5231 5559 5567
f 5567 5234 5231
f 139 140 141
f 141 142 139
f 3541 3840 3851
f 3851 3850 3541
f 2712 2976 2985
f 2985 2721 2712
f 5121 5452 5453
f 5453 5122 5121
f 1248 1249 1250
f 1250 1251 1248
f 2703 2704 2968
f 2968 2959 2703
f 552 553 750
f 750 739 552
f 1945 1946 2321
f 2321 2320 1945
f 2380 2381 2641
f 2641 2640 2380
f 9825 10451 10465
f 10465 9842 9825
f 2985 3289 3300
f 3300 2994 2985
f 2338 2595 2597
f 2597 2340 2338
f 169 170 179
f 179 180 169
f 2684 2694 2703
f 2703 2957 2684
f 2692 2948 2956
f 2956 2693 2692
f 4981 4982 5308
f 5308 5307 4981
f 10121 10133 10134
f 10134 10122 10121
f 2238 2239 2589
f 2589 2583 2238
f 5761 6114 6117
f 6117 5763 5761
f 8131 8650 8637
f 8637 8133 8131
f 876 889 891
f 891 878 876
f 2680 2946 2692
f 2692 2681 2680
f 3204 3205 3515
f 3515 3514 3204
f 4509 4510 4514
f 4514 4513 4509
f 1953 1965 1966
f 1966 1954 1953
f 7575 7583 8085
f 8085 8078 7575
f 4304 4592 4595
f 4595 4306 4304
f 727 730 729
f 729 728 727
f 2683 2937 2936
f 2936 2935 2683
f 2668 2932 2677
f 2677 2669 2668
f 2668 2927 2933
f 2933 2932 2668
f 190 209 212
f 212 208 190
f 2922 2923 2926
f 2926 2925 2922
f 2124 2455 2464
f 2464 2125 2124
f 390 594 605
f 605 604 390
f 1168 1180 1181
f 1181 1182 1168
f 1050 1178 1192
f 1192 1062 1050
f 1053 1055 1185
f 1185 1184 1053
f 1559 1563 1566
f 1566 1562 1559
f 3534 3853 3854
f 3854 3842 3534
f 5654 5655 5658
f 5658 5657 5654
f 309 502 503
f 503 312 309
f 5002 5007 5330
f 5330 5324 5002
f 6537 6987 6988
f 6988 6538 6537
f 2646 2647 2909
f 2909 2908 2646
f 2042 2378 2387
f 2387 2052 2042
f 1917 1918 1929
f 1929 1930 1917
f 4997 4998 5321
f 5321 5320 4997
f 10243 10258 10894
f 10894 10876 10243
f 1348 1349 1663
f 1663 1662 1348
f 2556 2828 2827
f 2827 2822 2556
f 4384 4385 4684
f 4684 4683 4384
f 2638 2639 2902
f 2902 2901 2638
f 2630 2894 2902
f 2902 2639 2630
f 7910 8400 8402
f 8402 7912 7910
f 2264 2277 2278
f 2278 2265 2264
f 10448 11070 11071
f 11071 10449 10448
f 7097 7593 7592
f 7592 7591 7097
f 6539 6540 6989
f 6989 6979 6539
f 606 808 820
f 820 821 606
f 4397 4690 4691
f 4691 4692 4397
f 2683 2684 2949
f 2949 2937 2683
f 166 175 178
f 178 174 166
f 164 346 176
f 176 165 164
f 2073 2074 2404
f 2404 2403 2073
f 955 964 965
f 965 956 955
f 9097 9099 9113
f 9113 9708 9097
f 4197 4198 4485
f 4485 4484 4197
f 76 77 146
f 146 143 76
f 7969 7986 8475
f 8475 8459 7969
f 4247 4538 4548
f 4548 4257 4247
f 1819 1821 1827
f 1827 2208 1819
f 1521 1523 1924
f 1924 1539 1521
f 1404 1730 1414
f 1414 1405 1404
f 2610 2611 2879
f 2879 2869 2610
f 819 993 1004
f 1004 834 819
f 1923 2304 2316
f 2316 1939 1923
f 2608 2866 2877
f 2877 2876 2608
f 6592 6603 6604
f 6604 6593 6592
f 10469 10483 10484
f 10484 10470 10469
f 7863 7875 8371
f 8371 8355 7863
f 2602 2603 2610
f 2610 2867 2602
f 5753 5754 6113
f 6113 6112 5753
f 984 1122 1112
f 1112 985 984
f 429 440 642
f 642 630 429
f 2610 2869 2868
f 2868 2867 2610
f 10831 11412 11414
f 11414 10834 10831
f 2434 2443 2444
f 2444 2435 2434
f 2597 2860 2862
f 2862 2600 2597
f 720 732 730
f 730 727 720
f 5174 5175 5508
f 5508 5507 5174
f 303 304 308
f 308 307 303
f 2581 2846 2850
f 2850 2584 2581
f 2578 2580 2582
f 2582 2848 2578
f 892 1054 1053
f 1053 1052 892
f 5113 5114 5445
f 5445 5436 5113
f 4296 4297 4585
f 4585 4584 4296
f 5409 5410 5749
f 5749 5748 5409
f 4282 4572 4575
f 4575 4285 4282
f 2573 2840 2843
f 2843 2577 2573
f 7696 8189 8204
f 8204 7712 7696
f 1371 1685 1691
f 1691 1380 1371
f 5683 5684 6043
f 6043 6042 5683
f 6611 6612 7060
f 7060 7059 6611
f 210 382 390
f 390 211 210
f 2565 2566 2837
f 2837 2833 2565
f 10130 10140 10141
f 10141 10131 10130
f 9781 9782 9786
f 9786 9785 9781
f 2559 2824 2830
f 2830 2562 2559
f 2552 2553 2826
f 2826 2559 2552
f 4700 5019 5021
f 5021 4703 4700
f 2559 2826 2825
f 2825 2824 2559
f 2553 2818 2825
f 2825 2826 2553
f 889 1064 1051
f 1051 891 889
f 1799 1808 2189
f 2189 2180 1799
f 2548 2821 2820
f 2820 2814 2548
f 3516 3517 3523
f 3523 3820 3516
f 2553 2554 2819
f 2819 2818 2553
f 2545 2810 2819
f 2819 2554 2545
f 980 992 993
f 993 981 980
f 5340 5682 5683
f 5683 5670 5340
f 1214 1218 1219
f 1219 1215 1214
f 3311 3312 3612
f 3612 3611 3311
f 6151 6160 6558
f 6558 6549 6151
f 2548 2814 2812
f 2812 2813 2548
f 11677 11695 11696
f 11696 11678 11677
f 2538 2813 2812
f 2812 2804 2538
f 1925 1926 1928
f 1928 1927 1925
f 1925 1941 2317
f 2317 2305 1925
f 2012 2022 2023
f 2023 2024 2012
f 2052 2387 2394
f 2394 2061 2052
f 916 1080 1079
f 1079 1078 916
f 6641 6642 7087
f 7087 7086 6641
f 3418 3421 3718
f 3718 3716 3418
f 6016 6392 6394
f 6394 6400 6016
f 9884 10501 10503
f 10503 9887 9884
f 9686 9687 9707
f 9707 9705 9686
f 781 794 967
f 967 966 781
f 2519 2521 2529
f 2529 2795 2519
f 7536 7537 8044
f 8044 8043 7536
f 2529 2796 2794
f 2794 2795 2529
f 5335 5667 5677
f 5677 5338 5335
f 10875 10893 10895
f 10895 10877 10875
f 135 139 142
f 142 138 135
f 1407 1417 1756
f 1756 1747 1407
f 4285 4575 4578
f 4578 4577 4285
f 2510 2519 2785
f 2785 2776 2510
f 4090 4091 4379
f 4379 4378 4090
f 2509 2775 2784
f 2784 2518 2509
f 12005 12015 12016
f 12016 12006 12005
f 11665 11680 11681
f 11681 11666 11665
f 1833 1834 1836
f 1836 1835 1833
f 224 226 240
f 240 238 224
f 1951 1963 1964
f 1964 1952 1951
f 1064 1181 1180
f 1180 1179 1064
f 1823 1825 2213
f 2213 1831 1823
f 5110 5443 5444
f 5444 5111 5110
f 639 640 862
f 862 651 639
f 9716 10325 10344
f 10344 9727 9716
f 2492 2501 2767
f 2767 2758 2492
f 8428 8958 8959
f 8959 8429 8428
f 538 540 551
f 551 549 538
f 24 28 36
f 36 34 24
f 11804 11805 11807
f 11807 11806 11804
f 9455 10083 10100
f 10100 9487 9455
f 5500 5508 5853
f 5853 5846 5500
f 2266 2279 2280
f 2280 2267 2266
f 5737 5738 6097
f 6097 6096 5737
f 8624 9201 9212
f 9212 8634 8624
f 2602 2855 2854
f 2854 2853 2602
f 5443 5771 5772
f 5772 5773 5443
f 11790 11810 11811
f 11811 11791 11790
f 6118 6507 6506
f 6506 6505 6118
f 47 53 58
f 58 111 47
f 40 83 86
f 86 42 40
f 2074 2410 2411
f 2411 2404 2074
f 2584 2590 2591
f 2591 2587 2584
f 7835 8327 8340
f 8340 7861 7835
f 1935 1936 2313
f 2313 2312 1935
f 1208 1212 1215
f 1215 1211 1208
f 1967 1978 2333
f 2333 2327 1967
f 10116 10117 10737
f 10737 10736 10116
f 356 554 541
f 541 358 356
f 2465 2474 2740
f 2740 2731 2465
f 699 913 916
f 916 703 699
f 4403 4404 4414
f 4414 4705 4403
f 2455 2721 2730
f 2730 2464 2455
f 2187 2518 2528
f 2528 2196 2187
f 2353 2621 2611
f 2611 2354 2353
f 7205 7207 7221
f 7221 7716 7205
f 6584 6585 7042
f 7042 7041 6584
f 1567 1568 1572
f 1572 1571 1567
f 3928 3935 4215
f 4215 4204 3928
f 2443 2712 2721
f 2721 2455 2443
f 5257 5592 5604
f 5604 5267 5257
f 1283 1298 1299
f 1299 1284 1283
f 1397 1400 1399
f 1399 1398 1397
f 4988 4989 5314
f 5314 5313 4988
f 9908 10505 10506
f 10506 10507 9908
f 425 426 641
f 641 439 425
f 2846 3127 3130
f 3130 2850 2846
f 1283 1284 1288
f 1288 1287 1283
f 2434 2701 2712
f 2712 2443 2434
f 4102 4103 4389
f 4389 4388 4102
f 2560 2562 2830
f 2830 2829 2560
f 6323 6743 6741
f 6741 6727 6323
f 3993 3994 4276
f 4276 4275 3993
f 1935 1948 1949
f 1949 1936 1935
f 8533 8534 9092
f 9092 8542 8533
f 1931 2310 2321
f 2321 1946 1931
f 108 109 297
f 297 296 108
f 160 358 344
f 344 164 160
f 5805 6169 6171
f 6171 5807 5805
f 2425 2702 2703
f 2703 2694 2425
f 534 743 745
f 745 535 534
f 4275 4276 4566
f 4566 4565 4275
f 159 162 161
f 161 160 159
f 5633 5989 5998
f 5998 5642 5633
f 4555 4556 4863
f 4863 4862 4555
f 1505 1513 1899
f 1899 1887 1505
f 697 698 702
f 702 701 697
f 6028 6410 6413
f 6413 6031 6028
f 11783 11798 11799
f 11799 11784 11783
f 11076 11632 11623
f 11623 11077 11076
f 7639 7640 8131
f 8131 8130 7639
f 7804 8297 8312
f 8312 8313 7804
f 46 99 110
f 110 51 46
f 2424 2425 2694
f 2694 2684 2424
f 101 276 284
f 284 105 101
f 2692 2946 2947
f 2947 2948 2692
f 9181 9182 9184
f 9184 9183 9181
f 9070 9681 9110
f 9110 9665 9070
f 38 39 90
f 90 89 38
f 4018 4303 4304
f 4304 4306 4018
f 701 703 916
f 916 915 701
f 2420 2679 2680
f 2680 2681 2420
f 89 269 253
f 253 254 89
f 1797 1806 1807
f 1807 1798 1797
f 3108 3114 3412
f 3412 3408 3108
f 227 253 251
f 251 250 227
f 2529 2538 2804
f 2804 2796 2529
f 2664 2665 2668
f 2668 2667 2664
f 5763 6117 6120
f 6120 5765 5763
f 2401 2402 2660
f 2660 2659 2401
f 246 406 405
f 405 404 246
f 151 337 336
f 336 330 151
f 2392 2652 2658
f 2658 2399 2392
f 7269 7761 7776
f 7776 7777 7269
f 1399 1407 1747
f 1747 1738 1399
f 3372 3373 3679
f 3679 3383 3372
f 2602 2867 2868
f 2868 2855 2602
f 174 178 190
f 190 188 174
f 2619 2878 2886
f 2886 2620 2619
f 742 753 754
f 754 744 742
f 2386 2387 2647
f 2647 2646 2386
f 3232 3531 3541
f 3541 3235 3232
f 5325 5659 5666
f 5666 5665 5325
f 8285 8300 8837
f 8837 8821 8285
f 207 225 226
f 226 208 207
f 1433 1434 1442
f 1442 1441 1433
f 1937 1950 1951
f 1951 1938 1937
f 10565 11171 11192
f 11192 10587 10565
f 1417 1418 1426
f 1426 1425 1417
f 297 298 476
f 476 475 297
f 2655 2659 2920
f 2920 2916 2655
f 1439 1787 1798
f 1798 1447 1439
f 2378 2379 2639
f 2639 2638 2378
f 1514 1516 1522
f 1522 1520 1514
f 3733 4037 4025
f 4025 3736 3733
f 5288 5624 5633
f 5633 5298 5288
f 2433 2691 2692
f 2692 2693 2433
f 5516 5517 5860
f 5860 5859 5516
f 755 768 769
f 769 756 755
f 2091 2416 2419
f 2419 2422 2091
f 441 443 460
f 460 458 441
f 11889 11906 11907
f 11907 11890 11889
f 2381 2388 2648
f 2648 2641 2381
f 888 1050 1062
f 1062 1063 888
f 11383 11385 11396
f 11396 11394 11383
f 1981 1991 1992
f 1992 1982 1981
f 481 483 692
f 692 487 481
f 6642 6647 7094
f 7094 7087 6642
f 1878 2263 2269
f 2269 1879 1878
f 2631 2640 2641
f 2641 2632 2631
f 2353 2361 2622
f 2622 2621 2353
f 1777 2156 2166
f 2166 1788 1777
f 11418 11436 11437
f 11437 11420 11418
f 7034 7035 7522
f 7522 7521 7034
f 1224 1228 1434
f 1434 1426 1224
f 2348 2601 2608
f 2608 2350 2348
f 2350 2608 2609
f 2609 2351 2350
f 2207 2540 2538
f 2538 2539 2207
f 1931 1933 2311
f 2311 2310 1931
f 2582 2583 2589
f 2589 2588 2582
f 964 974 975
f 975 965 964
f 2574 2575 2579
f 2579 2578 2574
f 1466 1839 1842
f 1842 1470 1466
f 2944 3231 3234
f 3234 2947 2944
f 7238 7731 7746
f 7746 7253 7238
f 2378 2638 2647
f 2647 2387 2378
f 1990 2337 2344
f 2344 1991 1990
f 2566 2567 2575
f 2575 2574 2566
f 9930 9951 10573
f 10573 10551 9930
f 7025 7041 7528
f 7528 7512 7025
f 2568 2569 2572
f 2572 2571 2568
f 2230 2571 2572
f 2572 2573 2230
f 5151 5154 5485
f 5485 5484 5151
f 11430 11445 11446
f 11446 11431 11430
f 2226 2567 2564
f 2564 2568 2226
f 2560 2561 2563
f 2563 2562 2560
f 2221 2561 2560
f 2560 2558 2221
f 2216 2557 2556
f 2556 2550 2216
f 2219 2555 2554
f 2554 2553 2219
f 2214 2545 2554
f 2554 2555 2214
f 5651 6011 6010
f 6010 6007 5651
f 2214 2547 2546
f 2546 2545 2214
f 6137 6528 6537
f 6537 6536 6137
f 3923 4207 4209
f 4209 3924 3923
f 4900 4901 4904
f 4904 4903 4900
f 710 921 922
f 922 718 710
f 7371 7873 7885
f 7885 7386 7371
f 3815 4111 4113
f 4113 3818 3815
f 5488 5829 5828
f 5828 5825 5488
f 512 520 720
f 720 716 512
f 1989 2001 2342
f 2342 2336 1989
f 11214 11215 11742
f 11742 11741 11214
f 2198 2539 2538
f 2538 2529 2198
f 9191 9192 9800
f 9800 9799 9191
f 5998 6368 6367
f 6367 6366 5998
f 4813 5130 5148
f 5148 4828 4813
f 5147 5480 5498
f 5498 5164 5147
f 192 373 364
f 364 365 192
f 132 317 319
f 319 136 132
f 2577 2843 2846
f 2846 2581 2577
f 2176 2509 2518
f 2518 2187 2176
f 4066 4074 4075
f 4075 4076 4066
f 7908 8398 8400
f 8400 7910 7908
f 6662 7100 7099
f 7099 7098 6662
f 3200 3201 3511
f 3511 3510 3200
f 2419 2420 2421
f 2421 2422 2419
f 942 951 952
f 952 953 942
f 954 963 964
f 964 955 954
f 9750 9754 10369
f 10369 10368 9750
f 931 932 1094
f 1094 1093 931
f 7091 7092 7588
f 7588 7587 7091
f 3619 3921 3919
f 3919 3620 3619
f 2166 2500 2509
f 2509 2176 2166
f 11894 11911 11912
f 11912 11896 11894
f 2574 2578 2844
f 2844 2841 2574
f 6014 6397 6396
f 6396 6395 6014
f 116 119 120
f 120 117 116
f 2565 2833 2832
f 2832 2831 2565
f 6410 6411 6414
f 6414 6413 6410
f 8340 8880 8893
f 8893 8354 8340
f 2235 2585 2242
f 2242 2238 2235
f 2432 2433 2434
f 2434 2435 2432
f 4005 4006 4007
f 4007 4008 4005
f 8601 9191 9182
f 9182 8603 8601
f 10796 10808 10809
f 10809 10797 10796
f 3071 3073 3376
f 3376 3375 3071
f 3311 3319 3320
f 3320 3312 3311
f 493 704 702
f 702 698 493
f 787 799 971
f 971 961 787
f 6582 7039 7051
f 7051 6596 6582
f 8943 9534 9536
f 9536 8945 8943
f 1736 2112 2113
f 2113 2105 1736
f 2167 2178 2510
f 2510 2501 2167
f 5114 5454 5455
f 5455 5445 5114
f 1398 1725 1713
f 1713 1714 1398
f 9290 9291 9910
f 9910 9889 9290
f 1499 1501 1895
f 1895 1893 1499
f 109 110 298
f 298 297 109
f 1616 1617 2000
f 2000 1999 1616
f 529 726 738
f 738 539 529
f 3003 3309 3318
f 3318 3012 3003
f 301 302 306
f 306 305 301
f 6566 7024 7040
f 7040 6583 6566
f 5944 6307 5966
f 5966 5954 5944
f 1949 1961 1962
f 1962 1950 1949
f 2127 2137 2474
f 2474 2465 2127
f 6949 6955 6956
f 6956 6950 6949
f 9550 10167 10180
f 10180 9553 9550
f 10700 10701 11328
f 11328 10718 10700
f 4901 5225 5227
f 5227 4904 4901
f 1941 2319 2318
f 2318 2317 1941
f 2908 3200 3206
f 3206 2915 2908
f 9187 9188 9190
f 9190 9189 9187
f 7105 7600 7602
f 7602 7107 7105
f 210 380 381
f 381 382 210
f 2261 2267 2268
f 2268 2263 2261
f 11683 11701 11702
f 11702 11684 11683
f 7336 7823 7822
f 7822 7821 7336
f 8850 9440 9439
f 9439 9438 8850
f 896 897 1070
f 1070 907 896
f 8906 9471 9486
f 9486 9489 8906
f 9590 10199 10196
f 10196 10197 9590
f 1301 1312 1313
f 1313 1314 1301
f 1967 1968 2328
f 2328 2327 1967
f 2299 2311 2312
f 2312 2300 2299
f 2095 2105 2113
f 2113 2445 2095
f 2095 2445 2446
f 2446 2436 2095
f 1937 2314 2323
f 2323 1950 1937
f 5200 5525 5526
f 5526 5201 5200
f 9571 10181 10193
f 10193 9587 9571
f 11342 11354 11355
f 11355 11343 11342
f 2113 2447 2446
f 2446 2445 2113
f 1969 1982 1983
f 1983 1970 1969
f 349 363 364
f 364 366 349
f 3722 3723 3735
f 3735 3736 3722
f 8267 8805 8804
f 8804 8803 8267
f 3604 3611 3612
f 3612 3605 3604
f 4618 4931 4939
f 4939 4627 4618
f 1232 1236 1450
f 1450 1442 1232
f 6493 6494 6947
f 6947 6946 6493
f 915 916 1084
f 1084 1082 915
f 5898 5899 5912
f 5912 6257 5898
f 6385 6808 6807
f 6807 6806 6385
f 3907 3908 4199
f 4199 4198 3907
f 8598 8599 9180
f 9180 9179 8598
f 3831 3832 3841
f 3841 4125 3831
f 1413 1414 1415
f 1415 1416 1413
f 10468 10482 10483
f 10483 10469 10468
f 873 1039 1050
f 1050 888 873
f 6899 7372 7375
f 7375 6911 6899
f 2611 2621 2622
f 2622 2623 2611
f 42 88 94
f 94 93 42
f 11154 11155 11688
f 11688 11686 11154
f 2081 2409 2417
f 2417 2416 2081
f 2024 2035 2371
f 2371 2361 2024
f 11991 12003 12004
f 12004 11992 11991
f 519 725 726
f 726 529 519
f 2146 2482 2491
f 2491 2156 2146
f 1252 1253 1255
f 1255 1254 1252
f 457 458 460
f 460 459 457
f 2073 2403 2405
f 2405 2076 2073
f 6756 7186 7187
f 7187 7188 6756
f 3238 3247 3555
f 3555 3543 3238
f 3138 3431 3430
f 3430 3429 3138
f 1841 2249 2251
f 2251 1852 1841
f 2070 2071 2402
f 2402 2401 2070
f 2065 2397 2402
f 2402 2071 2065
f 5551 5552 5555
f 5555 5554 5551
f 2386 2393 2394
f 2394 2387 2386
f 572 585 786
f 786 775 572
f 1835 1836 1838
f 1838 1837 1835
f 3 7 18
f 18 17 3
f 9764 9772 10387
f 10387 10380 9764
f 1509 1510 1512
f 1512 1511 1509
f 5769 6126 6127
f 6127 6128 5769
f 159 160 164
f 164 163 159
f 6471 6922 6934
f 6934 6481 6471
f 1249 1477 1480
f 1480 1250 1249
f 209 210 211
f 211 212 209
f 10771 10772 10773
f 10773 10774 10771
f 2045 2046 2381
f 2381 2380 2045
f 1536 1538 1548
f 1548 1546 1536
f 11446 11460 11461
f 11461 11447 11446
f 2042 2043 2379
f 2379 2378 2042
f 4384 4683 4686
f 4686 4389 4384
f 1110 1259 1116
f 1116 1111 1110
f 9110 9681 9122
f 9122 9111 9110
f 2545 2546 2811
f 2811 2810 2545
f 301 305 310
f 310 499 301
f 2827 2829 3098
f 3098 3097 2827
f 141 327 328
f 328 329 141
f 127 132 131
f 131 128 127
f 1971 1984 1985
f 1985 1972 1971
f 402 415 416
f 416 403 402
f 321 330 521
f 521 513 321
f 8268 8284 8820
f 8820 8806 8268
f 9590 10223 10222
f 10222 10199 9590
f 8918 9515 9514
f 9514 9513 8918
f 11738 11754 11755
f 11755 11739 11738
f 58 113 112
f 112 111 58
f 76 124 128
f 128 80 76
f 2994 3300 3309
f 3309 3003 2994
f 927 928 1092
f 1092 1090 927
f 25 26 30
f 30 29 25
f 2007 2351 2360
f 2360 2019 2007
f 1681 1682 2062
f 2062 2061 1681
f 1916 2296 2297
f 2297 2286 1916
f 2313 2322 2323
f 2323 2314 2313
f 2000 2012 2353
f 2353 2352 2000
f 640 847 861
f 861 862 640
f 11696 11719 11720
f 11720 11697 11696
f 1991 2344 2339
f 2339 1992 1991
f 6310 6323 6727
f 6727 6713 6310
f 809 810 984
f 984 983 809
f 4587 4895 4894
f 4894 4893 4587
f 4514 4816 4817
f 4817 4515 4514
f 4045 4046 4337
f 4337 4336 4045
f 2336 2342 2343
f 2343 2337 2336
f 6657 7104 7112
f 7112 6666 6657
f 8905 8907 9515
f 9515 8918 8905
f 11161 11182 11713
f 11713 11690 11161
f 1982 2338 2340
f 2340 1983 1982
f 7009 7025 7511
f 7511 7493 7009
f 1982 1992 2339
f 2339 2338 1982
f 2334 2336 2337
f 2337 2335 2334
f 1979 1989 2336
f 2336 2334 1979
f 2865 3159 2877
f 2877 2866 2865
f 721 926 929
f 929 733 721
f 2329 2330 2332
f 2332 2331 2329
f 1257 1570 1567
f 1567 1571 1257
f 11113 11130 11132
f 11132 11131 11113
f 9534 9535 9537
f 9537 9536 9534
f 11055 11072 11073
f 11073 11056 11055
f 6659 6670 7116
f 7116 7106 6659
f 1964 1975 2330
f 2330 2329 1964
f 4318 4325 4336
f 4336 4628 4318
f 84 254 228
f 228 230 84
f 2405 2664 2667
f 2667 2408 2405
f 7335 7338 7337
f 7337 7336 7335
f 1956 1967 2327
f 2327 2325 1956
f 1955 1956 2325
f 2325 2324 1955
f 4278 4568 4572
f 4572 4282 4278
f 1936 1949 2322
f 2322 2313 1936
f 1110 1272 1258
f 1258 1259 1110
f 1083 1087 1088
f 1088 1084 1083
f 2230 2573 2577
f 2577 2231 2230
f 1938 1939 2316
f 2316 2315 1938
f 6019 6403 6402
f 6402 6401 6019
f 1933 1935 2312
f 2312 2311 1933
f 7555 8061 7563
f 7563 7556 7555
f 1930 2307 2308
f 2308 2298 1930
f 2292 2305 2306
f 2306 2293 2292
f 2403 2661 2664
f 2664 2405 2403
f 11386 11397 11398
f 11398 11387 11386
f 2290 2303 2304
f 2304 2291 2290
f 7594 7595 7597
f 7597 7596 7594
f 2286 2299 2300
f 2300 2287 2286
f 1916 1917 1930
f 1930 2296 1916
f 6494 6501 6953
f 6953 6947 6494
f 2283 2293 2294
f 2294 2285 2283
f 1905 2285 2294
f 2294 2295 1905
f 2548 2550 2556
f 2556 2821 2548
f 1882 1885 1884
f 1884 1883 1882
f 5746 6105 6113
f 6113 5754 5746
f 1236 1451 1449
f 1449 1450 1236
f 1896 1907 1916
f 1916 2276 1896
f 1892 2272 2284
f 2284 1894 1892
f 784 960 970
f 970 797 784
f 11944 11955 11956
f 11956 11945 11944
f 6096 6490 6499
f 6499 6106 6096
f 9505 9518 9519
f 9519 9506 9505
f 4106 4109 4110
f 4110 4107 4106
f 7334 7836 7835
f 7835 7834 7334
f 2267 2280 2281
f 2281 2268 2267
f 5234 5567 5570
f 5570 5569 5234
f 11626 11627 11629
f 11629 11628 11626
f 9178 9179 9780
f 9780 9779 9178
f 11800 11818 11819
f 11819 11801 11800
f 1884 1896 2276
f 2276 2273 1884
f 5554 5555 5558
f 5558 5557 5554
f 4882 4890 4891
f 4891 4883 4882
f 2264 2274 2275
f 2275 2277 2264
f 3502 3503 3806
f 3806 3805 3502
f 2269 2270 2272
f 2272 2271 2269
f 220 222 236
f 236 234 220
f 1880 2271 2272
f 2272 1892 1880
f 2260 2266 2267
f 2267 2261 2260
f 937 941 1098
f 1098 1096 937
f 2259 2265 2266
f 2266 2260 2259
f 6680 7126 7138
f 7138 6694 6680
f 1883 1884 2264
f 2264 2258 1883
f 1865 2255 2262
f 2262 1866 1865
f 2253 2260 2261
f 2261 2255 2253
f 2252 2257 2258
f 2258 2259 2252
f 1425 1426 1434
f 1434 1433 1425
f 5012 5340 5329
f 5329 5014 5012
f 3102 3104 3110
f 3110 3107 3102
f 1883 2258 2257
f 2257 2256 1883
f 1333 1647 1660
f 1660 1346 1333
f 2251 2253 2255
f 2255 2254 2251
f 10366 10376 10377
f 10377 10367 10366
f 5837 5838 6200
f 6200 6199 5837
f 3231 3232 3235
f 3235 3234 3231
f 1985 1995 1996
f 1996 1986 1985
f 1933 1947 1948
f 1948 1935 1933
f 1852 2251 2254
f 2254 1853 1852
f 2911 2916 3207
f 3207 3202 2911
f 2247 2250 2251
f 2251 2249 2247
f 5666 6025 6028
f 6028 6027 5666
f 1849 1850 2250
f 2250 2247 1849
f 1840 2248 2249
f 2249 1841 1840
f 1849 2247 2246
f 2246 2245 1849
f 163 164 165
f 165 166 163
f 2237 2238 2242
f 2242 2241 2237
f 2237 2240 2239
f 2239 2238 2237
f 12015 12023 12025
f 12025 12016 12015
f 2228 2232 2236
f 2236 2234 2228
f 1755 1756 1769
f 1769 1768 1755
f 5335 5665 5666
f 5666 5667 5335
f 6007 6010 6387
f 6387 6378 6007
f 2196 2528 2536
f 2536 2537 2196
f 58 59 116
f 116 113 58
f 2225 2226 2230
f 2230 2229 2225
f 265 441 440
f 440 429 265
f 11885 11898 11899
f 11899 11886 11885
f 2225 2228 2227
f 2227 2226 2225
f 11105 11667 11650
f 11650 11107 11105
f 1817 2197 2196
f 2196 2195 1817
f 1831 2213 2220
f 2220 1837 1831
f 11134 11158 11159
f 11159 11136 11134
f 2212 2219 2220
f 2220 2213 2212
f 9282 9286 9289
f 9289 9285 9282
f 439 641 640
f 640 639 439
f 2205 2214 2215
f 2215 2206 2205
f 1815 1817 2206
f 2206 1825 1815
f 4438 4448 4749
f 4749 4739 4438
f 1817 2195 2205
f 2205 2206 1817
f 786 787 961
f 961 952 786
f 8174 8683 8701
f 8701 8189 8174
f 10877 10895 10896
f 10896 10879 10877
f 1808 1810 1819
f 1819 2199 1808
f 5153 5469 5470
f 5470 5471 5153
f 11196 11214 11741
f 11741 11725 11196
f 3435 3436 3439
f 3439 3438 3435
f 3363 3658 3668
f 3668 3373 3363
f 4292 4293 4294
f 4294 4295 4292
f 75 79 82
f 82 78 75
f 947 957 958
f 958 959 947
f 4037 4038 4325
f 4325 4318 4037
f 10198 10199 10201
f 10201 10200 10198
f 6697 6698 6711
f 6711 7140 6697
f 3312 3320 3618
f 3618 3612 3312
f 7087 7094 7095
f 7095 7088 7087
f 428 429 630
f 630 629 428
f 4511 4515 4817
f 4817 4815 4511
f 182 184 202
f 202 200 182
f 1790 1799 2179
f 2179 2168 1790
f 2167 2168 2179
f 2179 2178 2167
f 9965 9984 9985
f 9985 9966 9965
f 2327 2333 2334
f 2334 2335 2327
f 4024 4300 4303
f 4303 4026 4024
f 11930 11939 11940
f 11940 11931 11930
f 1779 1790 2168
f 2168 2158 1779
f 123 129 144
f 144 311 123
f 1494 1496 1510
f 1510 1508 1494
f 1638 1651 2034
f 2034 2023 1638
f 3943 4223 4224
f 4224 3944 3943
f 4314 4606 4617
f 4617 4616 4314
f 4922 5255 5258
f 5258 4931 4922
f 3912 3916 3917
f 3917 3913 3912
f 6114 6115 6118
f 6118 6117 6114
f 516 517 519
f 519 518 516
f 5218 5220 5548
f 5548 5547 5218
f 2064 2070 2401
f 2401 2396 2064
f 3668 3965 3975
f 3975 3678 3668
f 2137 2138 2148
f 2148 2147 2137
f 4805 5114 5113
f 5113 5112 4805
f 3934 4214 4223
f 4223 3943 3934
f 1765 2136 2146
f 2146 1766 1765
f 2648 2654 2655
f 2655 2649 2648
f 1930 2298 2297
f 2297 2296 1930
f 11643 11662 11663
f 11663 11644 11643
f 1525 1529 1532
f 1532 1528 1525
f 168 354 351
f 351 355 168
f 7090 7091 7593
f 7593 7097 7090
f 316 323 324
f 324 318 316
f 8554 8555 8556
f 8556 8557 8554
f 5932 6304 6307
f 6307 5944 5932
f 1417 1425 1769
f 1769 1756 1417
f 1559 1560 1564
f 1564 1563 1559
f 1249 1475 1478
f 1478 1477 1249
f 6202 6203 6598
f 6598 6597 6202
f 9528 10147 10149
f 10149 9530 9528
f 1516 1518 1524
f 1524 1522 1516
f 1737 1746 2128
f 2128 2115 1737
f 3755 4053 4063
f 4063 4062 3755
f 3278 3289 3290
f 3290 3279 3278
f 6771 7220 7237
f 7237 7236 6771
f 1733 2123 2126
f 2126 1744 1733
f 1281 1284 1283
f 1283 1282 1281
f 6381 6382 6384
f 6384 6383 6381
f 748 757 759
f 759 749 748
f 7543 8049 8048
f 8048 8047 7543
f 2301 2313 2314
f 2314 2302 2301
f 9170 9171 9774
f 9774 9773 9170
f 2560 2829 2827
f 2827 2828 2560
f 9589 10216 10218
f 10218 9607 9589
f 2275 2286 2287
f 2287 2277 2275
f 6244 6640 6639
f 6639 6638 6244
f 2619 2876 2877
f 2877 2878 2619
f 1736 2105 2095
f 2095 2096 1736
f 340 341 343
f 343 342 340
f 4814 5131 5133
f 5133 4816 4814
f 7961 7962 7979
f 7979 7978 7961
f 1712 1713 2096
f 2096 2093 1712
f 909 912 1074
f 1074 1071 909
f 2085 2412 2411
f 2411 2410 2085
f 1713 1725 1736
f 1736 2096 1713
f 5054 5055 5056
f 5056 5057 5054
f 11315 11330 11331
f 11331 11316 11315
f 1214 1406 1412
f 1412 1218 1214
f 7301 7806 7807
f 7807 7793 7301
f 123 312 315
f 315 127 123
f 515 523 525
f 525 524 515
f 1706 2080 2083
f 2083 1707 1706
f 1154 1323 1334
f 1334 1155 1154
f 1266 1278 1277
f 1277 1267 1266
f 1706 2077 2081
f 2081 2080 1706
f 1702 2072 2075
f 2075 1706 1702
f 1558 1580 1583
f 1583 1579 1558
f 2072 2073 2076
f 2076 2075 2072
f 325 328 530
f 530 334 325
f 102 294 292
f 292 293 102
f 1690 1691 2071
f 2071 2070 1690
f 2060 2068 2069
f 2069 2061 2060
f 1681 2061 2069
f 2069 1689 1681
f 498 707 709
f 709 501 498
f 1687 1688 2068
f 2068 2067 1687
f 1685 1686 2066
f 2066 2065 1685
f 5839 5840 5842
f 5842 5841 5839
f 5081 5089 5416
f 5416 5409 5081
f 1671 2053 2062
f 2062 1682 1671
f 10891 11502 11514
f 11514 10892 10891
f 8089 8090 8599
f 8599 8598 8089
f 6216 6217 6219
f 6219 6218 6216
f 927 1090 1095
f 1095 934 927
f 9509 10132 10142
f 10142 9522 9509
f 2665 2922 2925
f 2925 2668 2665
f 6055 6065 6066
f 6066 6067 6055
f 1674 1675 2055
f 2055 2054 1674
f 1055 1056 1067
f 1067 1194 1055
f 4123 4411 4135
f 4135 4124 4123
f 11350 11356 11357
f 11357 11351 11350
f 44 47 108
f 108 97 44
f 1660 2043 2053
f 2053 1671 1660
f 11678 11696 11697
f 11697 11679 11678
f 2837 2841 3121
f 3121 3115 2837
f 2112 2115 2114
f 2114 2113 2112
f 1003 1132 1143
f 1143 1015 1003
f 1837 2218 2223
f 2223 2224 1837
f 4097 4098 4386
f 4386 4385 4097
f 1433 1441 1791
f 1791 1780 1433
f 1131 1299 1311
f 1311 1132 1131
f 3721 4023 4024
f 4024 4026 3721
f 1732 2104 2111
f 2111 1733 1732
f 2034 2044 2045
f 2045 2035 2034
f 1282 1579 1583
f 1583 1286 1282
f 4888 5209 5215
f 5215 4894 4888
f 9441 10069 10067
f 10067 10068 9441
f 705 706 708
f 708 707 705
f 11377 11389 11390
f 11390 11378 11377
f 5846 5847 6207
f 6207 6206 5846
f 7297 7790 7805
f 7805 7311 7297
f 5850 5857 5858
f 5858 5851 5850
f 151 153 339
f 339 337 151
f 322 515 524
f 524 323 322
f 1358 1359 1673
f 1673 1672 1358
f 9699 9701 10329
f 10329 10327 9699
f 10129 10139 10140
f 10140 10130 10129
f 707 708 710
f 710 709 707
f 1627 1637 2022
f 2022 2012 1627
f 4590 4591 4913
f 4913 4912 4590
f 11755 11771 11772
f 11772 11756 11755
f 967 980 981
f 981 968 967
f 2012 2024 2361
f 2361 2353 2012
f 860 1026 1039
f 1039 873 860
f 2008 2020 2021
f 2021 2009 2008
f 914 1076 1079
f 1079 1080 914
f 7949 7967 7966
f 7966 7950 7949
f 2007 2019 2020
f 2020 2008 2007
f 4030 4031 4034
f 4034 4033 4030
f 799 809 983
f 983 971 799
f 1997 2009 2010
f 2010 1998 1997
f 1626 2011 2010
f 2010 2009 1626
f 7789 7804 7805
f 7805 7790 7789
f 188 190 208
f 208 206 188
f 3237 3238 3543
f 3543 3534 3237
f 2500 2766 2775
f 2775 2509 2500
f 9171 9172 9775
f 9775 9774 9171
f 1604 1988 1998
f 1998 1614 1604
f 1733 1744 1745
f 1745 1734 1733
f 144 313 310
f 310 311 144
f 10088 10101 10720
f 10720 10705 10088
f 1986 1996 1997
f 1997 1987 1986
f 9113 9114 9116
f 9116 9115 9113
f 7949 8442 8457
f 8457 7967 7949
f 5812 5813 6176
f 6176 6175 5812
f 3203 3204 3514
f 3514 3513 3203
f 2340 2599 2348
f 2348 2341 2340
f 2340 2597 2600
f 2600 2599 2340
f 1520 1522 1540
f 1540 1538 1520
f 4354 4656 4665
f 4665 4363 4354
f 4761 4770 5089
f 5089 5081 4761
f 292 294 482
f 482 480 292
f 1564 1943 1932
f 1932 1568 1564
f 2035 2045 2380
f 2380 2371 2035
f 1703 1709 1712
f 1712 2084 1703
f 358 541 531
f 531 532 358
f 1595 1605 1989
f 1989 1979 1595
f 5134 5150 5483
f 5483 5466 5134
f 1592 1975 1988
f 1988 1604 1592
f 991 1121 1131
f 1131 992 991
f 4586 4897 4896
f 4896 4892 4586
f 2396 2401 2659
f 2659 2655 2396
f 3170 3478 3488
f 3488 3178 3170
f 506 508 512
f 512 716 506
f 9173 9174 9777
f 9777 9776 9173
f 1383 1384 1694
f 1694 1693 1383
f 168 169 180
f 180 354 168
f 1257 1571 1552
f 1552 1261 1257
f 75 76 80
f 80 79 75
f 2136 2473 2482
f 2482 2146 2136
f 9239 9256 9290
f 9290 9862 9239
f 1039 1167 1178
f 1178 1050 1039
f 2370 2630 2639
f 2639 2379 2370
f 1584 1594 1978
f 1978 1967 1584
f 1592 1977 1976
f 1976 1975 1592
f 1298 1615 1614
f 1614 1613 1298
f 3990 3991 4273
f 4273 4272 3990
f 11967 11983 11984
f 11984 11968 11967
f 1962 1973 1974
f 1974 1963 1962
f 8665 9237 9254
f 9254 8681 8665
f 5154 5489 5488
f 5488 5485 5154
f 1961 1972 1973
f 1973 1962 1961
f 3964 4237 4247
f 4247 3965 3964
f 4412 4716 4424
f 4424 4413 4412
f 1958 1969 1970
f 1970 1959 1958
f 6785 7258 7256
f 7256 7241 6785
f 1957 1968 1969
f 1969 1958 1957
f 11588 11601 11602
f 11602 11589 11588
f 1581 1954 1966
f 1966 1582 1581
f 1952 1964 1965
f 1965 1953 1952
f 3232 3529 3530
f 3530 3531 3232
f 1950 1962 1963
f 1963 1951 1950
f 3376 3384 3680
f 3680 3670 3376
f 1884 2273 2274
f 2274 2264 1884
f 10932 11545 11531
f 11531 10933 10932
f 1499 1500 1502
f 1502 1501 1499
f 938 1097 1101
f 1101 944 938
f 2342 2610 2603
f 2603 2343 2342
f 243 428 417
f 417 247 243
f 9502 10126 10138
f 10138 9516 9502
f 1560 1955 1945
f 1945 1564 1560
f 1651 1662 2044
f 2044 2034 1651
f 1939 1952 1953
f 1953 1941 1939
f 1941 1953 1954
f 1954 1942 1941
f 1948 1960 1961
f 1961 1949 1948
f 2473 2739 2748
f 2748 2482 2473
f 8648 8649 8651
f 8651 8650 8648
f 7849 7863 8355
f 8355 8343 7849
f 2273 2276 2275
f 2275 2274 2273
f 561 758 771
f 771 581 561
f 242 243 247
f 247 246 242
f 1232 1233 1237
f 1237 1236 1232
f 1564 1945 1944
f 1944 1943 1564
f 1539 1924 1940
f 1940 1549 1539
f 2923 3210 3213
f 3213 2926 2923
f 677 891 903
f 903 904 677
f 3320 3328 3624
f 3624 3618 3320
f 1929 1932 1931
f 1931 1930 1929
f 6620 7069 6630
f 6630 6621 6620
f 1531 1914 1927
f 1927 1928 1531
f 63 69 70
f 70 64 63
f 2677 2932 2933
f 2933 2934 2677
f 4675 4676 4992
f 4992 4991 4675
f 5456 5472 5812
f 5812 5796 5456
f 767 781 782
f 782 768 767
f 1534 1535 1542
f 1542 1908 1534
f 3289 3594 3603
f 3603 3300 3289
f 736 745 746
f 746 747 736
f 9682 9683 9699
f 9699 10312 9682
f 1513 1519 1534
f 1534 1899 1513
f 10859 10880 10881
f 10881 10860 10859
f 7444 7445 7952
f 7952 7951 7444
f 1896 1897 1908
f 1908 1907 1896
f 3317 3617 3623
f 3623 3325 3317
f 5774 5775 5786
f 5786 6139 5774
f 1509 1511 1526
f 1526 1517 1509
f 127 315 317
f 317 132 127
f 3729 4022 4031
f 4031 4030 3729
f 6493 6500 6501
f 6501 6494 6493
f 2176 2187 2188
f 2188 2177 2176
f 4862 4863 5181
f 5181 5180 4862
f 1880 1892 1894
f 1894 1881 1880
f 2392 2399 2400
f 2400 2393 2392
f 1614 1998 2010
f 2010 2011 1614
f 10983 10985 10999
f 10999 10997 10983
f 6807 6809 7285
f 7285 7283 6807
f 1497 1499 1893
f 1893 1511 1497
f 3125 3128 3424
f 3424 3421 3125
f 2298 2308 2309
f 2309 2310 2298
f 192 193 383
f 383 373 192
f 101 282 274
f 274 276 101
f 9459 9474 10101
f 10101 10088 9459
f 1874 1875 1882
f 1882 1883 1874
f 122 307 308
f 308 309 122
f 8372 8382 8383
f 8383 8373 8372
f 501 510 511
f 511 503 501
f 2474 2483 2749
f 2749 2740 2474
f 11378 11390 11391
f 11391 11379 11378
f 1490 1870 1873
f 1873 1491 1490
f 1490 1861 1871
f 1871 1870 1490
f 1870 1871 1872
f 1872 1873 1870
f 1765 2126 2125
f 2125 2136 1765
f 6975 7431 7432
f 7432 7433 6975
f 1853 1865 1866
f 1866 1854 1853
f 93 94 95
f 95 96 93
f 7819 7835 7836
f 7836 7820 7819
f 1478 1859 1490
f 1490 1479 1478
f 1478 1857 1860
f 1860 1859 1478
f 7454 7481 7986
f 7986 7969 7454
f 7898 7904 7905
f 7905 7899 7898
f 9506 9519 10139
f 10139 10129 9506
f 1847 1854 1856
f 1856 1855 1847
f 1473 1847 1855
f 1855 1475 1473
f 2216 2550 2548
f 2548 2549 2216
f 1466 1848 1849
f 1849 1841 1466
f 1398 1399 1738
f 1738 1735 1398
f 1470 1842 1845
f 1845 1473 1470
f 1473 1845 1846
f 1846 1847 1473
f 314 511 515
f 515 322 314
f 2403 2663 2662
f 2662 2661 2403
f 1850 1862 2252
f 2252 2250 1850
f 1830 1832 1838
f 1838 1836 1830
f 4118 4119 4128
f 4128 4402 4118
f 5889 5890 6256
f 6256 5895 5889
f 1463 1824 1832
f 1832 1830 1463
f 2258 2264 2265
f 2265 2259 2258
f 11733 11749 11750
f 11750 11734 11733
f 7469 7981 7979
f 7979 7980 7469
f 87 232 234
f 234 258 87
f 1823 1824 1826
f 1826 1825 1823
f 5746 5747 6106
f 6106 6105 5746
f 1815 1825 1826
f 1826 1816 1815
f 2648 2649 2911
f 2911 2910 2648
f 9797 9814 9815
f 9815 9798 9797
f 9498 9511 9512
f 9512 9499 9498
f 3713 3714 4015
f 4015 4014 3713
f 548 550 760
f 760 758 548
f 1806 1817 1818
f 1818 1807 1806
f 4209 4493 4495
f 4495 4211 4209
f 1831 1837 1838
f 1838 1832 1831
f 2632 2641 2903
f 2903 2895 2632
f 1945 1955 2324
f 2324 2320 1945
f 5092 5093 5420
f 5420 5419 5092
f 2392 2393 2653
f 2653 2652 2392
f 1449 1811 1809
f 1809 1800 1449
f 1617 1627 2012
f 2012 2000 1617
f 5268 5595 5594
f 5594 5593 5268
f 1254 1488 1500
f 1500 1498 1254
f 2680 2944 2947
f 2947 2946 2680
f 10414 10433 10435
f 10435 10416 10414
f 7539 7540 8046
f 8046 8045 7539
f 452 651 663
f 663 469 452
f 2408 2667 2668
f 2668 2669 2408
f 6120 6121 6124
f 6124 6123 6120
f 4090 4378 4386
f 4386 4098 4090
f 3402 3701 3704
f 3704 3405 3402
f 1349 1360 1674
f 1674 1663 1349
f 5464 5480 5482
f 5482 5481 5464
f 5570 5921 5582
f 5582 5571 5570
f 402 607 606
f 606 603 402
f 5465 5466 5468
f 5468 5467 5465
f 2147 2148 2158
f 2158 2157 2147
f 1457 1461 1820
f 1820 1811 1457
f 1204 1205 1384
f 1384 1383 1204
f 5214 5220 5221
f 5221 5215 5214
f 2369 2620 2630
f 2630 2370 2369
f 2212 2213 2215
f 2215 2214 2212
f 1786 1787 1789
f 1789 1788 1786
f 1431 1776 1787
f 1787 1439 1431
f 4062 4063 4064
f 4064 4065 4062
f 4865 4866 5184
f 5184 5183 4865
f 5000 5001 5004
f 5004 5003 5000
f 608 609 810
f 810 809 608
f 609 619 629
f 629 822 609
f 4294 4583 4587
f 4587 4588 4294
f 1425 1433 1780
f 1780 1769 1425
f 8312 8851 8850
f 8850 8849 8312
f 1763 1767 1778
f 1778 1776 1763
f 4573 4580 4882
f 4882 4876 4573
f 2076 2407 2081
f 2081 2077 2076
f 11881 11882 11884
f 11884 11883 11881
f 2656 2917 2921
f 2921 2660 2656
f 2856 3137 3140
f 3140 2858 2856
f 942 953 1102
f 1102 1099 942
f 2456 2465 2731
f 2731 2722 2456
f 1815 1816 1818
f 1818 1817 1815
f 1438 1440 1448
f 1448 1446 1438
f 2464 2730 2739
f 2739 2473 2464
f 729 739 933
f 933 930 729
f 7398 7399 7897
f 7897 7896 7398
f 5614 5968 5980
f 5980 5624 5614
f 1029 1040 1168
f 1168 1157 1029
f 7323 7821 7822
f 7822 7808 7323
f 193 391 392
f 392 383 193
f 1300 1301 1617
f 1617 1616 1300
f 1523 1527 1926
f 1926 1924 1523
f 9764 10380 10378
f 10378 10379 9764
f 6958 6959 6968
f 6968 7421 6958
f 1067 1195 1193
f 1193 1194 1067
f 1256 1259 1258
f 1258 1257 1256
f 1 4 3
f 3 2 1
f 8393 8394 8930
f 8930 8929 8393
f 4994 4995 5319
f 5319 5318 4994
f 1737 1738 1747
f 1747 1746 1737
f 241 245 248
f 248 244 241
f 1414 1730 1734
f 1734 1745 1414
f 5317 5318 5652
f 5652 5651 5317
f 2231 2577 2581
f 2581 2235 2231
f 8012 8505 8524
f 8524 8525 8012
f 1957 2326 2328
f 2328 1968 1957
f 3555 3855 3854
f 3854 3853 3555
f 1916 2286 2275
f 2275 2276 1916
f 247 251 432
f 432 267 247
f 1404 1720 1724
f 1724 1730 1404
f 2665 2924 2923
f 2923 2922 2665
f 2425 2436 2446
f 2446 2702 2425
f 1717 1718 1722
f 1722 1721 1717
f 1392 1710 1718
f 1718 1717 1392
f 3120 3122 3418
f 3418 3417 3120
f 1388 1389 1714
f 1714 1711 1388
f 5529 5539 5879
f 5879 5869 5529
f 1388 1704 1708
f 1708 1392 1388
f 1701 1702 1706
f 1706 1705 1701
f 1705 1706 1707
f 1707 1708 1705
f 1701 1704 1703
f 1703 1702 1701
f 1386 1696 1699
f 1699 1700 1386
f 1385 1698 1697
f 1697 1695 1385
f 8159 8684 8666
f 8666 8160 8159
f 1383 1693 1696
f 1696 1386 1383
f 1382 1385 1695
f 1695 1692 1382
f 1688 1693 1694
f 1694 1689 1688
f 9559 9575 9576
f 9576 9560 9559
f 2641 2648 2910
f 2910 2903 2641
f 11637 11645 11646
f 11646 11639 11637
f 5013 5023 5351
f 5351 5341 5013
f 1367 1368 1682
f 1682 1681 1367
f 1333 1334 1648
f 1648 1647 1333
f 1357 1671 1682
f 1682 1368 1357
f 241 242 246
f 246 245 241
f 2233 2235 2238
f 2238 2583 2233
f 4035 4324 4333
f 4333 4332 4035
f 5351 5684 5683
f 5683 5682 5351
f 100 104 107
f 107 103 100
f 1360 1361 1675
f 1675 1674 1360
f 5410 5417 5755
f 5755 5749 5410
f 1347 1358 1672
f 1672 1661 1347
f 5328 5671 5662
f 5662 5330 5328
f 1346 1660 1671
f 1671 1357 1346
f 2300 2312 2313
f 2313 2301 2300
f 9682 10312 10311
f 10311 10296 9682
f 5647 6002 6009
f 6009 5653 5647
f 7901 7902 8397
f 8397 8396 7901
f 76 129 123
f 123 124 76
f 10686 10687 11299
f 11299 11298 10686
f 1310 1626 1636
f 1636 1323 1310
f 198 200 218
f 218 216 198
f 4393 4394 4405
f 4405 4693 4393
f 29 30 31
f 31 32 29
f 2320 2324 2325
f 2325 2326 2320
f 6088 6089 6483
f 6483 6482 6088
f 768 782 958
f 958 957 768
f 9749 10358 10346
f 10346 10347 9749
f 5966 6307 6306
f 6306 6322 5966
f 350 367 365
f 365 362 350
f 4018 4019 4026
f 4026 4303 4018
f 477 479 485
f 485 688 477
f 11150 11172 11700
f 11700 11682 11150
f 11917 11928 11929
f 11929 11918 11917
f 5197 5523 5525
f 5525 5200 5197
f 1335 1336 1650
f 1650 1649 1335
f 9067 9069 9088
f 9088 9086 9067
f 2701 2967 2976
f 2976 2712 2701
f 2519 2795 2794
f 2794 2785 2519
f 2584 2850 2852
f 2852 2590 2584
f 1062 1192 1201
f 1201 1202 1062
f 9730 9739 9753
f 9753 10349 9730
f 1099 1102 1103
f 1103 1100 1099
f 9883 9884 9887
f 9887 9886 9883
f 11176 11704 11726
f 11726 11197 11176
f 1089 1090 1092
f 1092 1091 1089
f 1530 1904 1914
f 1914 1531 1530
f 474 475 684
f 684 682 474
f 1313 1637 1627
f 1627 1314 1313
f 2125 2464 2473
f 2473 2136 2125
f 11845 11850 11851
f 11851 11846 11845
f 11229 11756 11772
f 11772 11248 11229
f 2223 2559 2562
f 2562 2563 2223
f 664 677 890
f 890 877 664
f 5078 5079 5407
f 5407 5406 5078
f 2620 2886 2894
f 2894 2630 2620
f 3401 3404 3703
f 3703 3700 3401
f 9787 10409 10421
f 10421 9797 9787
f 4317 4318 4620
f 4620 4609 4317
f 1508 1510 1518
f 1518 1516 1508
f 4475 4476 4776
f 4776 4775 4475
f 687 693 909
f 909 898 687
f 6016 6400 6025
f 6025 6017 6016
f 6131 6140 6539
f 6539 6529 6131
f 11874 11889 11890
f 11890 11875 11874
f 5752 5753 6112
f 6112 6111 5752
f 7544 7557 8064
f 8064 8053 7544
f 7077 7574 7582
f 7582 7085 7077
f 7376 7387 7388
f 7388 7377 7376
f 10754 10755 11357
f 11357 11356 10754
f 1835 2222 2221
f 2221 2217 1835
f 1071 1074 1203
f 1203 1198 1071
f 149 157 158
f 158 150 149
f 6911 7375 7374
f 7374 7371 6911
f 1768 1769 1780
f 1780 1779 1768
f 2127 2128 2138
f 2138 2137 2127
f 2226 2227 2575
f 2575 2567 2226
f 1290 1300 1616
f 1616 1605 1290
f 1283 1287 1615
f 1615 1298 1283
f 40 85 84
f 84 83 40
f 1369 1370 1684
f 1684 1683 1369
f 1287 1604 1614
f 1614 1615 1287
f 5399 5400 5740
f 5740 5739 5399
f 11863 11864 11866
f 11866 11865 11863
f 946 947 949
f 949 948 946
f 3885 3886 4179
f 4179 4178 3885
f 5216 5217 5546
f 5546 5545 5216
f 500 501 503
f 503 502 500
f 8488 8508 8509
f 8509 8489 8488
f 1479 1490 1489
f 1489 1480 1479
f 493 699 703
f 703 704 493
f 3659 3669 3966
f 3966 3955 3659
f 5414 5753 5759
f 5759 5421 5414
f 2611 2623 2887
f 2887 2879 2611
f 4127 4137 4147
f 4147 4426 4127
f 1712 2093 2094
f 2094 2086 1712
f 7415 7416 7419
f 7419 7418 7415
f 55 115 118
f 118 63 55
f 247 248 252
f 252 251 247
f 1447 1455 1456
f 1456 1448 1447
f 8495 9035 9053
f 9053 8512 8495
f 5225 5562 5553
f 5553 5227 5225
f 1268 1269 1289
f 1289 1593 1268
f 1788 2166 2176
f 2176 2177 1788
f 757 770 772
f 772 759 757
f 239 416 427
f 427 263 239
f 3901 4193 4200
f 4200 3909 3901
f 7732 7747 8240
f 8240 8226 7732
f 1278 1577 1579
f 1579 1282 1278
f 1265 1577 1278
f 1278 1266 1265
f 8916 8917 9512
f 9512 9511 8916
f 10395 10396 11038
f 11038 11037 10395
f 1265 1554 1556
f 1556 1577 1265
f 778 791 792
f 792 779 778
f 6104 6497 6504
f 6504 6112 6104
f 791 965 976
f 976 792 791
f 11649 11650 11652
f 11652 11651 11649
f 651 860 873
f 873 663 651
f 8077 8587 8594
f 8594 8084 8077
f 9861 9889 10508
f 10508 10481 9861
f 1453 1459 1460
f 1460 1454 1453
f 2446 2447 2713
f 2713 2704 2446
f 3999 4002 4003
f 4003 4000 3999
f 155 157 343
f 343 341 155
f 8786 8787 8789
f 8789 8788 8786
f 2147 2157 2492
f 2492 2483 2147
f 1539 1549 1550
f 1550 1540 1539
f 4010 4015 4296
f 4296 4289 4010
f 1535 1536 1541
f 1541 1542 1535
f 10627 10642 10644
f 10644 10643 10627
f 11771 11787 11788
f 11788 11772 11771
f 751 764 765
f 765 752 751
f 11764 11778 11779
f 11779 11765 11764
f 2652 2914 2919
f 2919 2658 2652
f 581 771 785
f 785 582 581
f 11900 11901 11903
f 11903 11902 11900
f 7464 7938 7942
f 7942 7963 7464
f 1521 1522 1524
f 1524 1523 1521
f 1517 1523 1524
f 1524 1518 1517
f 1875 1887 1885
f 1885 1882 1875
f 11457 11479 11910
f 11910 11893 11457
f 1505 1506 1514
f 1514 1513 1505
f 6402 6835 6838
f 6838 6405 6402
f 1073 1202 1201
f 1201 1200 1073
f 1497 1498 1500
f 1500 1499 1497
f 287 296 474
f 474 463 287
f 11379 11391 11393
f 11393 11382 11379
f 1250 1480 1488
f 1488 1254 1250
f 1481 1482 1484
f 1484 1483 1481
f 905 907 1068
f 1068 1067 905
f 6182 6582 6596
f 6596 6199 6182
f 1549 1940 1581
f 1581 1557 1549
f 11332 11333 11842
f 11842 11841 11332
f 9730 9731 9740
f 9740 9739 9730
f 3138 3448 3449
f 3449 3431 3138
f 3920 3924 3926
f 3926 3925 3920
f 1245 1473 1475
f 1475 1249 1245
f 1245 1246 1472
f 1472 1469 1245
f 1797 2177 2188
f 2188 1806 1797
f 81 150 158
f 158 156 81
f 2565 2831 2834
f 2834 2569 2565
f 1465 1469 1472
f 1472 1468 1465
f 5024 5361 5362
f 5362 5352 5024
f 1465 1466 1470
f 1470 1469 1465
f 6347 6358 6773
f 6773 6761 6347
f 4903 4904 4907
f 4907 4906 4903
f 11211 11229 11230
f 11230 11212 11211
f 2255 2261 2263
f 2263 2262 2255
f 1465 1468 1467
f 1467 1466 1465
f 1491 1869 1881
f 1881 1501 1491
f 4474 4475 4775
f 4775 4774 4474
f 505 506 706
f 706 705 505
f 3292 3293 3596
f 3596 3595 3292
f 1959 1970 1971
f 1971 1960 1959
f 11273 11274 11295
f 11295 11294 11273
f 2569 2836 2839
f 2839 2572 2569
f 605 798 797
f 797 796 605
f 170 184 182
f 182 179 170
f 290 292 480
f 480 478 290
f 2684 2957 2958
f 2958 2949 2684
f 1015 1143 1154
f 1154 1016 1015
f 2916 2917 3208
f 3208 3207 2916
f 1944 2309 2308
f 2308 2307 1944
f 4205 4489 4491
f 4491 4207 4205
f 1197 1198 1373
f 1373 1372 1197
f 6462 6472 6925
f 6925 6913 6462
f 2187 2196 2197
f 2197 2188 2187
f 3677 3678 3975
f 3975 3974 3677
f 164 337 339
f 339 346 164
f 1980 1990 1991
f 1991 1981 1980
f 11157 11178 11706
f 11706 11705 11157
f 1407 1408 1418
f 1418 1417 1407
f 4794 4795 4805
f 4805 5112 4794
f 3353 3364 3659
f 3659 3648 3353
f 5761 5762 5774
f 5774 6129 5761
f 819 820 994
f 994 993 819
f 459 655 666
f 666 667 459
f 1766 1777 1778
f 1778 1767 1766
f 1866 1878 1879
f 1879 1867 1866
f 1605 1616 1999
f 1999 1989 1605
f 1122 1123 1301
f 1301 1300 1122
f 1210 1216 1408
f 1408 1400 1210
f 60 62 68
f 68 66 60
f 1213 1403 1406
f 1406 1214 1213
f 7638 8144 8131
f 8131 7640 7638
f 8424 8425 8428
f 8428 8427 8424
f 265 266 268
f 268 267 265
f 820 835 836
f 836 821 820
f 7909 7918 8411
f 8411 8399 7909
f 1178 1357 1368
f 1368 1192 1178
f 4469 4470 4770
f 4770 4769 4469
f 11276 11297 11298
f 11298 11277 11276
f 1209 1397 1398
f 1398 1395 1209
f 4249 4258 4549
f 4549 4540 4249
f 3450 3457 3765
f 3765 3757 3450
f 214 216 230
f 230 228 214
f 666 668 881
f 881 880 666
f 1213 1394 1393
f 1393 1396 1213
f 2242 2585 2586
f 2586 2587 2242
f 393 394 404
f 404 405 393
f 2917 2918 3209
f 3209 3208 2917
f 1203 1206 1385
f 1385 1382 1203
f 1712 2086 2085
f 2085 2084 1712
f 11482 11914 11925
f 11925 11483 11482
f 1195 1196 1381
f 1381 1379 1195
f 1378 1379 1381
f 1381 1380 1378
f 9786 10404 10407
f 10407 10406 9786
f 5508 5509 5854
f 5854 5853 5508
f 824 837 1006
f 1006 1005 824
f 7595 7602 8096
f 8096 8098 7595
f 1994 2348 2350
f 2350 1995 1994
f 3584 3893 3903
f 3903 3594 3584
f 10132 10133 10753
f 10753 10752 10132
f 3648 3659 3955
f 3955 3946 3648
f 1185 1193 1369
f 1369 1361 1185
f 1123 1133 1312
f 1312 1301 1123
f 971 985 1112
f 1112 1107 971
f 1543 1544 1552
f 1552 1551 1543
f 9284 9909 9929
f 9929 9310 9284
f 1423 1431 1432
f 1432 1424 1423
f 5308 5643 5642
f 5642 5641 5308
f 8820 8821 9407
f 9407 9390 8820
f 1184 1185 1361
f 1361 1360 1184
f 299 302 301
f 301 300 299
f 7819 8311 8327
f 8327 7835 7819
f 4466 4467 4768
f 4768 4767 4466
f 9783 9795 10417
f 10417 10401 9783
f 4931 5258 4951
f 4951 4939 4931
f 2252 2259 2260
f 2260 2253 2252
f 1167 1346 1357
f 1357 1178 1167
f 4691 5005 5010
f 5010 4692 4691
f 4289 4296 4584
f 4584 4580 4289
f 733 741 742
f 742 734 733
f 4827 4844 4845
f 4845 4829 4827
f 3841 4127 4126
f 4126 4125 3841
f 8029 8030 8539
f 8539 8044 8029
f 1298 1310 1311
f 1311 1299 1298
f 8790 8806 8820
f 8820 9372 8790
f 4054 4066 4355
f 4355 4346 4054
f 11429 11879 11880
f 11880 11444 11429
f 338 339 341
f 341 340 338
f 170 172 186
f 186 184 170
f 3702 3998 3997
f 3997 3996 3702
f 1509 1517 1518
f 1518 1510 1509
f 1461 1821 1819
f 1819 1820 1461
f 10130 10131 10751
f 10751 10750 10130
f 7732 7733 7748
f 7748 7747 7732
f 1496 1498 1512
f 1512 1510 1496
f 1393 1720 1404
f 1404 1396 1393
f 11104 11105 11107
f 11107 11106 11104
f 1134 1144 1324
f 1324 1313 1134
f 1132 1311 1154
f 1154 1143 1132
f 261 263 285
f 285 275 261
f 8770 9372 9370
f 9370 9351 8770
f 193 213 394
f 394 391 193
f 4609 4620 4932
f 4932 4924 4609
f 4857 4864 5182
f 5182 5175 4857
f 3710 3713 4014
f 4014 4009 3710
f 837 851 1017
f 1017 1006 837
f 10609 10610 11214
f 11214 11213 10609
f 5512 5857 5860
f 5860 5517 5512
f 191 192 196
f 196 195 191
f 6771 6783 6784
f 6784 6772 6771
f 2937 3246 3247
f 3247 3238 2937
f 8907 9503 9517
f 9517 9515 8907
f 5841 5843 6203
f 6203 6202 5841
f 4891 4892 5211
f 5211 5210 4891
f 14 43 46
f 46 19 14
f 1131 1280 1284
f 1284 1299 1131
f 5624 5980 5979
f 5979 5978 5624
f 3150 3441 3444
f 3444 3447 3150
f 508 509 513
f 513 512 508
f 6481 6934 6944
f 6944 6491 6481
f 9488 9502 9503
f 9503 9489 9488
f 6173 6573 6187
f 6187 6174 6173
f 3278 3279 3585
f 3585 3584 3278
f 6396 6838 6839
f 6839 6824 6396
f 4833 5135 5136
f 5136 5137 4833
f 6899 7360 7373
f 7373 7372 6899
f 4256 4547 4556
f 4556 4265 4256
f 10153 10154 10786
f 10786 10785 10153
f 847 1016 1027
f 1027 861 847
f 3225 3532 3533
f 3533 3522 3225
f 3605 3612 3613
f 3613 3606 3605
f 6865 6877 7338
f 7338 7335 6865
f 79 80 81
f 81 82 79
f 1105 1270 1272
f 1272 1110 1105
f 2403 2670 2671
f 2671 2663 2403
f 3214 3518 3519
f 3519 3215 3214
f 4515 4831 4830
f 4830 4817 4515
f 87 258 94
f 94 88 87
f 8107 8613 8623
f 8623 8117 8107
f 1260 1264 1267
f 1267 1263 1260
f 1260 1261 1265
f 1265 1264 1260
f 4729 4739 5058
f 5058 5044 4729
f 1153 1155 1334
f 1334 1333 1153
f 527 536 736
f 736 735 527
f 5592 5944 5954
f 5954 5604 5592
f 5435 5436 5775
f 5775 5774 5435
f 1247 1251 1255
f 1255 1253 1247
f 1827 1833 2216
f 2216 2209 1827
f 1220 1221 1225
f 1225 1224 1220
f 7899 7900 8395
f 8395 8394 7899
f 2094 2425 2424
f 2424 2423 2094
f 1984 1994 1995
f 1995 1985 1984
f 5652 6008 6012
f 6012 6013 5652
f 3783 3792 3793
f 3793 3784 3783
f 1923 1939 1941
f 1941 1925 1923
f 3551 3552 3553
f 3553 3554 3551
f 225 403 416
f 416 239 225
f 2212 2214 2555
f 2555 2219 2212
f 1230 1234 1235
f 1235 1231 1230
f 1228 1229 1233
f 1233 1232 1228
f 3333 3629 3637
f 3637 3341 3333
f 9782 10402 10404
f 10404 9786 9782
f 1996 2008 2009
f 2009 1997 1996
f 11026 11027 11620
f 11620 11619 11026
f 4300 4301 4304
f 4304 4303 4300
f 1217 1219 1223
f 1223 1221 1217
f 891 1051 1066
f 1066 903 891
f 10149 10779 10780
f 10780 10150 10149
f 4097 4104 4105
f 4105 4098 4097
f 1218 1222 1223
f 1223 1219 1218
f 7552 8057 8059
f 8059 7555 7552
f 1077 1078 1207
f 1207 1206 1077
f 1392 1708 1707
f 1707 1710 1392
f 9084 9086 9106
f 9106 9104 9084
f 2395 2396 2655
f 2655 2654 2395
f 979 1120 1121
f 1121 991 979
f 758 760 773
f 773 771 758
f 9160 9169 9772
f 9772 9764 9160
f 3110 3407 3410
f 3410 3112 3110
f 1069 1071 1198
f 1198 1197 1069
f 11033 11041 11042
f 11042 11036 11033
f 7373 7860 7861
f 7861 7862 7373
f 7310 7311 7820
f 7820 7322 7310
f 1055 1194 1193
f 1193 1185 1055
f 4268 4275 4565
f 4565 4559 4268
f 6033 6418 6417
f 6417 6416 6033
f 6797 7254 7270
f 7270 6811 6797
f 7468 7946 7950
f 7950 7472 7468
f 7715 7717 7732
f 7732 8225 7715
f 1945 2320 2326
f 2326 1957 1945
f 961 971 1107
f 1107 1106 961
f 7731 8221 8239
f 8239 7746 7731
f 1536 1546 1544
f 1544 1541 1536
f 3342 3645 3646
f 3646 3352 3342
f 4794 5100 5099
f 5099 5098 4794
f 3646 3656 3658
f 3658 3657 3646
f 7125 7611 7612
f 7612 7613 7125
f 2904 2911 3202
f 3202 3196 2904
f 1995 2350 2351
f 2351 2007 1995
f 1559 1562 1561
f 1561 1560 1559
f 5669 5670 6034
f 6034 6033 5669
f 4620 4629 4940
f 4940 4932 4620
f 881 893 1055
f 1055 1043 881
f 2581 2584 2587
f 2587 2586 2581
f 1040 1179 1180
f 1180 1168 1040
f 8458 8998 9015
f 9015 8473 8458
f 207 208 212
f 212 211 207
f 1218 1412 1422
f 1422 1222 1218
f 11522 11941 11943
f 11943 11523 11522
f 1120 1280 1131
f 1131 1121 1120
f 546 548 758
f 758 561 546
f 10003 10627 10643
f 10643 10004 10003
f 10740 10752 10753
f 10753 10741 10740
f 5737 6096 6106
f 6106 5747 5737
f 2446 2704 2703
f 2703 2702 2446
f 218 220 234
f 234 232 218
f 362 365 364
f 364 363 362
f 7501 7518 8022
f 8022 8003 7501
f 779 792 793
f 793 780 779
f 5884 6245 6252
f 6252 5891 5884
f 1736 1737 2115
f 2115 2112 1736
f 1094 1096 1097
f 1097 1095 1094
f 1827 1828 1834
f 1834 1833 1827
f 1843 1844 1847
f 1847 1846 1843
f 1017 1028 1156
f 1156 1144 1017
f 10763 10767 10770
f 10770 10766 10763
f 683 684 686
f 686 685 683
f 780 793 794
f 794 781 780
f 1613 1614 2011
f 2011 1626 1613
f 5488 5825 5843
f 5843 5844 5488
f 4921 5245 5246
f 5246 4922 4921
f 1028 1029 1157
f 1157 1156 1028
f 1459 1816 1826
f 1826 1824 1459
f 5406 5746 5754
f 5754 5415 5406
f 9015 9607 9610
f 9610 9609 9015
f 77 154 152
f 152 146 77
f 8580 8581 9160
f 9160 9159 8580
f 11130 11672 11687
f 11687 11132 11130
f 2250 2252 2253
f 2253 2251 2250
f 442 444 461
f 461 459 442
f 12000 12012 12013
f 12013 12001 12000
f 441 458 456
f 456 453 441
f 1819 2200 2198
f 2198 2199 1819
f 1543 1551 1572
f 1572 1934 1543
f 6617 7065 7067
f 7067 6620 6617
f 1005 1006 1134
f 1134 1133 1005
f 2623 2632 2895
f 2895 2887 2623
f 1467 1481 1863
f 1863 1851 1467
f 26 66 68
f 68 30 26
f 4774 4775 5094
f 5094 5093 4774
f 992 1131 1132
f 1132 1003 992
f 3080 3383 3391
f 3391 3088 3080
f 2 16 11
f 11 6 2
f 3518 3819 3826
f 3826 3825 3518
f 1286 1583 1582
f 1582 1592 1286
f 498 505 705
f 705 707 498
f 459 461 656
f 656 655 459
f 11629 11637 11639
f 11639 11638 11629
f 1511 1893 1530
f 1530 1526 1511
f 4474 4482 4483
f 4483 4475 4474
f 744 754 755
f 755 746 744
f 6461 6912 6924
f 6924 6471 6461
f 911 1073 1076
f 1076 914 911
f 351 352 356
f 356 355 351
f 157 333 342
f 342 343 157
f 5850 5851 6211
f 6211 6210 5850
f 2207 2209 2216
f 2216 2549 2207
f 3792 3800 3801
f 3801 3793 3792
f 1242 1458 1463
f 1463 1464 1242
f 3225 3522 3521
f 3521 3520 3225
f 9842 10465 10466
f 10466 9843 9842
f 1468 1472 1484
f 1484 1482 1468
f 4415 4427 4728
f 4728 4719 4415
f 2886 3178 3186
f 3186 2894 2886
f 975 1116 1118
f 1118 977 975
f 2032 2370 2379
f 2379 2043 2032
f 2956 3266 3269
f 3269 2967 2956
f 7221 7717 7715
f 7715 7716 7221
f 347 351 354
f 354 350 347
f 5349 5681 5692
f 5692 5350 5349
f 332 525 527
f 527 333 332
f 685 686 688
f 688 687 685
f 539 550 551
f 551 540 539
f 1104 1108 1269
f 1269 1268 1104
f 5210 5211 5539
f 5539 5538 5210
f 961 1106 1104
f 1104 962 961
f 954 1103 1105
f 1105 963 954
f 953 962 1104
f 1104 1102 953
f 1096 1100 1101
f 1101 1097 1096
f 943 944 1101
f 1101 1100 943
f 207 211 403
f 403 225 207
f 941 942 1099
f 1099 1098 941
f 934 1095 1097
f 1097 938 934
f 6656 7103 7104
f 7104 6657 6656
f 6210 6215 6608
f 6608 6606 6210
f 5172 5505 5513
f 5513 5180 5172
f 4667 4675 4991
f 4991 4984 4667
f 2123 2124 2125
f 2125 2126 2123
f 1081 1082 1086
f 1086 1085 1081
f 652 653 863
f 863 850 652
f 915 1082 1081
f 1081 1077 915
f 913 914 1080
f 1080 916 913
f 11267 11788 11803
f 11803 11288 11267
f 1075 1078 1079
f 1079 1076 1075
f 8041 8042 8535
f 8535 8534 8041
f 1348 1359 1360
f 1360 1349 1348
f 4832 4833 4834
f 4834 4835 4832
f 5001 5323 5325
f 5325 5004 5001
f 2865 3151 3160
f 3160 3159 2865
f 796 797 970
f 970 969 796
f 95 282 281
f 281 280 95
f 1051 1064 1065
f 1065 1066 1051
f 6218 6219 6612
f 6612 6611 6218
f 887 888 1063
f 1063 900 887
f 582 785 798
f 798 605 582
f 211 390 402
f 402 403 211
f 10 40 42
f 42 13 10
f 6253 6254 6648
f 6648 6647 6253
f 893 895 1056
f 1056 1055 893
f 1313 1324 1638
f 1638 1637 1313
f 879 880 1054
f 1054 892 879
f 723 724 726
f 726 725 723
f 244 248 268
f 268 266 244
f 159 163 166
f 166 162 159
f 2066 2067 2399
f 2399 2398 2066
f 373 584 585
f 585 572 373
f 90 97 287
f 287 277 90
f 9701 9702 9704
f 9704 9703 9701
f 10947 10949 11547
f 11547 11546 10947
f 7395 7404 7405
f 7405 7396 7395
f 381 570 581
f 581 580 381
f 11382 11393 11395
f 11395 11384 11382
f 7125 7613 7623
f 7623 7126 7125
f 8610 9189 9190
f 9190 8611 8610
f 7014 7498 7028
f 7028 7015 7014
f 3335 3345 3638
f 3638 3631 3335
f 10796 11428 11429
f 11429 10808 10796
f 1229 1231 1235
f 1235 1233 1229
f 1930 1931 1944
f 1944 2307 1930
f 151 152 154
f 154 153 151
f 4412 4702 4703
f 4703 4704 4412
f 4539 4540 4847
f 4847 4846 4539
f 850 1028 1017
f 1017 851 850
f 5536 5543 5544
f 5544 5537 5536
f 759 772 773
f 773 760 759
f 11907 11918 11919
f 11919 11908 11907
f 5113 5436 5435
f 5435 5434 5113
f 4334 4638 4647
f 4647 4345 4334
f 1662 1663 2045
f 2045 2044 1662
f 2085 2086 2094
f 2094 2423 2085
f 8030 8523 8538
f 8538 8539 8030
f 11658 11673 11674
f 11674 11659 11658
f 2052 2061 2062
f 2062 2053 2052
f 4106 4107 4392
f 4392 4391 4106
f 6264 6652 6655
f 6655 6266 6264
f 4862 5180 5187
f 5187 4869 4862
f 3477 3487 3488
f 3488 3478 3477
f 5509 5510 5855
f 5855 5854 5509
f 277 287 462
f 462 445 277
f 2659 2660 2921
f 2921 2920 2659
f 824 1005 995
f 995 825 824
f 5490 5491 5831
f 5831 5830 5490
f 8062 8565 8566
f 8566 8567 8062
f 992 1003 1004
f 1004 993 992
f 6010 6392 6391
f 6391 6387 6010
f 9052 9071 9072
f 9072 9053 9052
f 1256 1260 1263
f 1263 1259 1256
f 1372 1373 1687
f 1687 1686 1372
f 47 111 112
f 112 108 47
f 1744 2126 1765
f 1765 1753 1744
f 1051 1182 1181
f 1181 1064 1051
f 10428 11064 11066
f 11066 10430 10428
f 11911 11922 11923
f 11923 11912 11911
f 876 877 890
f 890 889 876
f 752 765 766
f 766 753 752
f 5910 6273 6259
f 6259 5912 5910
f 564 571 774
f 774 762 564
f 8721 8740 8743
f 8743 8739 8721
f 3439 3727 3731
f 3731 3442 3439
f 4310 4311 4314
f 4314 4313 4310
f 9790 9801 10423
f 10423 10425 9790
f 11517 11533 11534
f 11534 11518 11517
f 1517 1526 1527
f 1527 1523 1517
f 4877 4883 5202
f 5202 5195 4877
f 979 991 992
f 992 980 979
f 8474 9016 9032
f 9032 8491 8474
f 4873 5190 5193
f 5193 5192 4873
f 3267 3565 3575
f 3575 3268 3267
f 10899 10914 10915
f 10915 10900 10899
f 1392 1717 1720
f 1720 1393 1392
f 9651 10279 10277
f 10277 10259 9651
f 1212 1213 1214
f 1214 1215 1212
f 11408 11863 11865
f 11865 11426 11408
f 1493 1494 1503
f 1503 1504 1493
f 2740 2749 3013
f 3013 3004 2740
f 967 978 979
f 979 980 967
f 10311 10313 10950
f 10950 10949 10311
f 2242 2587 2591
f 2591 2243 2242
f 26 27 73
f 73 71 26
f 7747 7762 8254
f 8254 8240 7747
f 965 975 977
f 977 976 965
f 225 239 240
f 240 226 225
f 7917 7926 8430
f 8430 8410 7917
f 1209 1390 1394
f 1394 1213 1209
f 7467 7470 7469
f 7469 7468 7467
f 1252 1496 1494
f 1494 1484 1252
f 10332 10334 10346
f 10346 10985 10332
f 668 670 681
f 681 894 668
f 5470 5809 5487
f 5487 5471 5470
f 6577 6591 7046
f 7046 7034 6577
f 2968 2977 3281
f 3281 3270 2968
f 675 887 900
f 900 690 675
f 958 966 967
f 967 968 958
f 781 966 958
f 958 782 781
f 517 723 725
f 725 519 517
f 160 355 356
f 356 358 160
f 1867 1879 1880
f 1880 1868 1867
f 7529 7538 7539
f 7539 7530 7529
f 952 961 962
f 962 953 952
f 192 365 367
f 367 196 192
f 778 956 965
f 965 791 778
f 944 955 956
f 956 945 944
f 9812 9826 9845
f 9845 10436 9812
f 786 952 951
f 951 950 786
f 11315 11316 11828
f 11828 11827 11315
f 325 334 335
f 335 326 325
f 4487 4488 4795
f 4795 4794 4487
f 1461 1463 1830
f 1830 1828 1461
f 3193 3503 3511
f 3511 3201 3193
f 8527 8528 9071
f 9071 9070 8527
f 751 939 945
f 945 764 751
f 6633 6641 7086
f 7086 7079 6633
f 761 762 774
f 774 940 761
f 9908 10507 10527
f 10527 9909 9908
f 761 940 941
f 941 937 761
f 2766 3030 3039
f 3039 2775 2766
f 1914 2293 2306
f 2306 1927 1914
f 3976 3984 4266
f 4266 4258 3976
f 10113 10734 10748
f 10748 10126 10113
f 5970 5981 6347
f 6347 6337 5970
f 4585 4586 4892
f 4892 4891 4585
f 740 935 939
f 939 751 740
f 1234 1238 1239
f 1239 1235 1234
f 6304 6305 6306
f 6306 6307 6304
f 6137 6526 6527
f 6527 6528 6137
f 761 937 932
f 932 933 761
f 11867 11868 11870
f 11870 11869 11867
f 6969 6978 7444
f 7444 7434 6969
f 348 349 353
f 353 352 348
f 5325 5665 5335
f 5335 5326 5325
f 2263 2268 2270
f 2270 2269 2263
f 125 126 127
f 127 128 125
f 3746 3757 4054
f 4054 4046 3746
f 930 933 932
f 932 931 930
f 2835 3112 3113
f 3113 2836 2835
f 925 928 929
f 929 926 925
f 4283 4287 4288
f 4288 4289 4283
f 1006 1017 1144
f 1144 1134 1006
f 4123 4401 4412
f 4412 4411 4123
f 918 923 924
f 924 925 918
f 391 394 393
f 393 392 391
f 1157 1168 1347
f 1347 1336 1157
f 1090 1093 1094
f 1094 1095 1090
f 546 561 562
f 562 547 546
f 693 697 912
f 912 909 693
f 3601 3609 3610
f 3610 3602 3601
f 9648 10274 10275
f 10275 9679 9648
f 683 685 897
f 897 896 683
f 9121 9122 9123
f 9123 9124 9121
f 300 301 305
f 305 304 300
f 2081 2416 2091
f 2091 2082 2081
f 11075 11085 11631
f 11631 11630 11075
f 3518 3817 3818
f 3818 3819 3518
f 9770 10386 10393
f 10393 9778 9770
f 11460 11913 11914
f 11914 11482 11460
f 11172 11193 11194
f 11194 11173 11172
f 753 766 767
f 767 754 753
f 8392 8393 8929
f 8929 8928 8392
f 559 561 581
f 581 570 559
f 663 873 888
f 888 676 663
f 405 406 609
f 609 608 405
f 2 3 17
f 17 16 2
f 11426 11865 11866
f 11866 11427 11426
f 6003 6004 6384
f 6384 6382 6003
f 5521 5522 5524
f 5524 5523 5521
f 6184 6201 6202
f 6202 6185 6184
f 4447 4748 4758
f 4758 4457 4447
f 1946 1958 1959
f 1959 1947 1946
f 1688 1689 2069
f 2069 2068 1688
f 5032 5348 5349
f 5349 5350 5032
f 11735 11751 11752
f 11752 11736 11735
f 1551 1552 1571
f 1571 1572 1551
f 7105 7106 7601
f 7601 7600 7105
f 301 499 498
f 498 497 301
f 1580 1581 1582
f 1582 1583 1580
f 11148 11681 11699
f 11699 11170 11148
f 6203 6204 6599
f 6599 6598 6203
f 736 747 748
f 748 737 736
f 6975 7433 7442
f 7442 7441 6975
f 5902 6264 6266
f 6266 5904 5902
f 11248 11267 11268
f 11268 11249 11248
f 10416 10435 11053
f 11053 11048 10416
f 5290 5301 5634
f 5634 5625 5290
f 483 676 691
f 691 692 483
f 5945 5955 6324
f 6324 6311 5945
f 1858 1868 1869
f 1869 1861 1858
f 713 923 918
f 918 715 713
f 2417 2676 2679
f 2679 2420 2417
f 837 849 850
f 850 851 837
f 3764 4065 4064
f 4064 4061 3764
f 652 850 849
f 849 848 652
f 295 469 483
f 483 484 295
f 10503 10504 10507
f 10507 10506 10503
f 8220 8701 8718
f 8718 8721 8220
f 943 954 955
f 955 944 943
f 4629 4630 4941
f 4941 4940 4629
f 172 174 188
f 188 186 172
f 6217 6228 6623
f 6623 6622 6217
f 4578 4880 4881
f 4881 4579 4578
f 6783 7239 7254
f 7254 6797 6783
f 5409 5416 5417
f 5417 5410 5409
f 9390 9407 9423
f 9423 10008 9390
f 10879 10896 10898
f 10898 10897 10879
f 900 1063 1062
f 1062 1061 900
f 2572 2839 2840
f 2840 2573 2572
f 100 103 102
f 102 101 100
f 2671 2672 2683
f 2683 2935 2671
f 470 472 680
f 680 678 470
f 810 823 824
f 824 825 810
f 4116 4399 4123
f 4123 4117 4116
f 8444 8459 9000
f 9000 8983 8444
f 1993 2341 2348
f 2348 1994 1993
f 9781 9785 9788
f 9788 9784 9781
f 1695 1697 1699
f 1699 1696 1695
f 1191 1192 1368
f 1368 1367 1191
f 3465 3764 3772
f 3772 3466 3465
f 349 366 564
f 564 563 349
f 108 112 113
f 113 114 108
f 361 560 381
f 381 372 361
f 501 709 710
f 710 510 501
f 1923 1925 2305
f 2305 2304 1923
f 3905 3911 3912
f 3912 3906 3905
f 605 796 808
f 808 606 605
f 5749 5755 5756
f 5756 5750 5749
f 8942 9533 9543
f 9543 8952 8942
f 6078 6088 6482
f 6482 6472 6078
f 1073 1200 1205
f 1205 1076 1073
f 579 582 605
f 605 594 579
f 2420 2691 2433
f 2433 2421 2420
f 4006 4285 4286
f 4286 4007 4006
f 1790 1791 1800
f 1800 1799 1790
f 553 563 761
f 761 750 553
f 472 665 679
f 679 680 472
f 514 718 722
f 722 522 514
f 77 78 82
f 82 81 77
f 6190 6588 6589
f 6589 6191 6190
f 889 890 902
f 902 901 889
f 6596 7051 7058
f 7058 6607 6596
f 305 500 502
f 502 309 305
f 595 608 809
f 809 799 595
f 4346 4355 4657
f 4657 4648 4346
f 510 710 718
f 718 514 510
f 2836 3113 3118
f 3118 2839 2836
f 13 42 43
f 43 14 13
f 243 244 266
f 266 265 243
f 6960 7426 7414
f 7414 6962 6960
f 1987 1997 1998
f 1998 1988 1987
f 1268 1584 1561
f 1561 1562 1268
f 27 31 74
f 74 73 27
f 1423 1763 1776
f 1776 1431 1423
f 719 720 727
f 727 728 719
f 238 240 264
f 264 262 238
f 1481 1504 1875
f 1875 1863 1481
f 38 89 85
f 85 40 38
f 3466 3772 3782
f 3782 3477 3466
f 3421 3424 3425
f 3425 3422 3421
f 1281 1285 1288
f 1288 1284 1281
f 506 716 714
f 714 711 506
f 8088 8092 8093
f 8093 8089 8088
f 213 227 250
f 250 394 213
f 9283 9284 9288
f 9288 9287 9283
f 7623 8118 8128
f 8128 7635 7623
f 6593 6604 6605
f 6605 6594 6593
f 3236 3542 3552
f 3552 3551 3236
f 1387 1391 1394
f 1394 1390 1387
f 2233 2580 2578
f 2578 2579 2233
f 4550 4558 4864
f 4864 4857 4550
f 479 480 486
f 486 485 479
f 4066 4076 4365
f 4365 4355 4066
f 1244 1247 1246
f 1246 1245 1244
f 475 476 686
f 686 684 475
f 552 730 732
f 732 554 552
f 4748 5067 5079
f 5079 4758 4748
f 2189 2198 2529
f 2529 2521 2189
f 1051 1052 1183
f 1183 1182 1051
f 721 733 734
f 734 722 721
f 1233 1235 1239
f 1239 1237 1233
f 2020 2369 2370
f 2370 2032 2020
f 6807 6808 6810
f 6810 6809 6807
f 352 353 553
f 553 552 352
f 11709 11710 11712
f 11712 11711 11709
f 880 1042 1053
f 1053 1054 880
f 182 200 198
f 198 195 182
f 444 445 462
f 462 461 444
f 706 715 918
f 918 917 706
f 717 920 926
f 926 721 717
f 3144 3435 3438
f 3438 3147 3144
f 71 73 74
f 74 72 71
f 11609 11618 11619
f 11619 11610 11609
f 1052 1053 1184
f 1184 1183 1052
f 1289 1595 1594
f 1594 1593 1289
f 2862 3146 3149
f 3149 2865 2862
f 8284 8285 8821
f 8821 8820 8284
f 7445 7454 7969
f 7969 7952 7445
f 701 702 704
f 704 703 701
f 493 495 700
f 700 699 493
f 491 696 700
f 700 495 491
f 3060 3363 3373
f 3373 3374 3060
f 3130 3426 3428
f 3428 3132 3130
f 693 694 698
f 698 697 693
f 3445 3741 3742
f 3742 3743 3445
f 498 499 504
f 504 505 498
f 5189 5190 5520
f 5520 5519 5189
f 4362 4363 4665
f 4665 4664 4362
f 1546 1548 1556
f 1556 1554 1546
f 7334 7834 7848
f 7848 7349 7334
f 687 688 694
f 694 693 687
f 2337 2343 2603
f 2603 2602 2337
f 5910 5911 6274
f 6274 6273 5910
f 3278 3584 3594
f 3594 3289 3278
f 8078 8079 8589
f 8589 8588 8078
f 487 692 691
f 691 690 487
f 9274 9275 9279
f 9279 9278 9274
f 251 253 269
f 269 432 251
f 2916 2920 2921
f 2921 2917 2916
f 177 380 210
f 210 189 177
f 2227 2233 2579
f 2579 2575 2227
f 10593 10612 11216
f 11216 11198 10593
f 455 470 664
f 664 653 455
f 4207 4491 4493
f 4493 4209 4207
f 474 682 681
f 681 670 474
f 713 714 716
f 716 715 713
f 5007 5327 5328
f 5328 5330 5007
f 6773 6785 7241
f 7241 7224 6773
f 1447 1798 1807
f 1807 1455 1447
f 974 1111 1116
f 1116 975 974
f 2074 2078 2085
f 2085 2410 2074
f 490 492 496
f 496 494 490
f 10382 10389 10390
f 10390 10383 10382
f 27 28 32
f 32 31 27
f 9070 9665 9664
f 9664 9679 9070
f 6597 6598 7053
f 7053 7052 6597
f 318 324 325
f 325 320 318
f 2843 3124 3127
f 3127 2846 2843
f 1808 1809 1811
f 1811 1810 1808
f 3070 3374 3373
f 3373 3372 3070
f 3465 3756 3755
f 3755 3764 3465
f 2137 2147 2483
f 2483 2474 2137
f 7730 8220 8221
f 8221 7731 7730
f 6997 7466 7491
f 7491 7006 6997
f 469 663 676
f 676 483 469
f 194 198 216
f 216 214 194
f 4091 4092 4380
f 4380 4379 4091
f 1661 1672 1673
f 1673 1662 1661
f 5099 5434 5435
f 5435 5437 5099
f 480 482 488
f 488 486 480
f 7822 7823 8315
f 8315 8314 7822
f 11369 11373 11387
f 11387 11385 11369
f 11456 11478 11479
f 11479 11457 11456
f 1521 1539 1540
f 1540 1522 1521
f 3299 3300 3603
f 3603 3602 3299
f 11478 11909 11910
f 11910 11479 11478
f 11695 11718 11719
f 11719 11696 11695
f 3990 4272 4279
f 4279 3997 3990
f 4555 4862 4869
f 4869 4563 4555
f 3784 3793 4093
f 4093 4085 3784
f 1722 2092 2103
f 2103 2102 1722
f 918 925 926
f 926 920 918
f 11992 12004 12005
f 12005 11993 11992
f 2344 2594 2593
f 2593 2592 2344
f 10764 11376 11362
f 11362 10768 10764
f 3688 3689 3985
f 3985 3984 3688
f 8298 8836 8835
f 8835 8834 8298
f 4818 4819 5139
f 5139 5138 4818
f 2662 2663 2929
f 2929 2928 2662
f 4515 4817 4833
f 4833 4832 4515
f 1862 1874 1883
f 1883 2256 1862
f 5090 5095 5096
f 5096 5091 5090
f 874 877 876
f 876 875 874
f 11287 11308 11309
f 11309 11288 11287
f 6592 6593 7048
f 7048 7047 6592
f 6115 6520 6507
f 6507 6118 6115
f 3048 3352 3362
f 3362 3059 3048
f 9237 9876 9878
f 9878 9254 9237
f 6124 6511 6514
f 6514 6127 6124
f 629 630 837
f 837 824 629
f 1475 1855 1857
f 1857 1478 1475
f 5810 6173 6174
f 6174 5811 5810
f 770 771 773
f 773 772 770
f 6506 6960 6962
f 6962 6509 6506
f 9278 9282 9285
f 9285 9281 9278
f 609 822 823
f 823 810 609
f 1963 1974 1975
f 1975 1964 1963
f 440 441 453
f 453 454 440
f 162 172 170
f 170 167 162
f 3281 3292 3595
f 3595 3586 3281
f 7432 7924 7925
f 7925 7433 7432
f 10415 10417 10436
f 10436 10434 10415
f 349 350 362
f 362 363 349
f 373 383 392
f 392 584 373
f 1884 1885 1897
f 1897 1896 1884
f 10278 10280 10294
f 10294 10931 10278
f 121 125 128
f 128 124 121
f 1385 1386 1700
f 1700 1698 1385
f 10873 10874 10876
f 10876 10875 10873
f 381 580 583
f 583 382 381
f 8373 8383 8920
f 8920 8909 8373
f 5436 5445 5455
f 5455 5785 5436
f 10152 10792 10794
f 10794 10160 10152
f 907 1070 1069
f 1069 1068 907
f 3384 3392 3688
f 3688 3680 3384
f 2608 2876 2619
f 2619 2609 2608
f 2361 2371 2631
f 2631 2622 2361
f 3831 4125 4126
f 4126 4128 3831
f 8311 8312 8867
f 8867 8327 8311
f 2424 2684 2683
f 2683 2682 2424
f 2730 2994 3003
f 3003 2739 2730
f 1236 1237 1241
f 1241 1240 1236
f 7070 7556 7563
f 7563 7562 7070
f 345 545 560
f 560 361 345
f 7591 7592 8093
f 8093 8092 7591
f 4773 4774 5093
f 5093 5092 4773
f 2703 2959 2958
f 2958 2957 2703
f 4190 4197 4484
f 4484 4479 4190
f 352 552 554
f 554 356 352
f 5616 5625 5981
f 5981 5970 5616
f 2386 2646 2653
f 2653 2393 2386
f 162 166 174
f 174 172 162
f 675 690 691
f 691 676 675
f 548 549 551
f 551 550 548
f 454 455 653
f 653 652 454
f 1387 1390 1389
f 1389 1388 1387
f 1067 1068 1196
f 1196 1195 1067
f 628 834 847
f 847 640 628
f 1144 1156 1335
f 1335 1324 1144
f 4457 4758 4768
f 4768 4467 4457
f 6756 7188 7204
f 7204 6757 6756
f 6 11 10
f 10 9 6
f 8381 8919 8918
f 8918 8917 8381
f 2595 2858 2860
f 2860 2597 2595
f 333 334 538
f 538 342 333
f 4157 4447 4457
f 4457 4167 4157
f 3398 3693 3702
f 3702 3403 3398
f 3268 3279 3280
f 3280 3269 3268
f 8558 8568 9141
f 9141 9135 8558
f 9632 9634 9651
f 9651 10259 9632
f 7897 7898 8393
f 8393 8392 7897
f 1753 1765 1764
f 1764 1754 1753
f 4168 4178 4468
f 4468 4458 4168
f 10115 10116 10736
f 10736 10735 10115
f 4828 5148 5149
f 5149 4829 4828
f 7095 7096 7590
f 7590 7589 7095
f 89 90 277
f 277 269 89
f 737 748 749
f 749 738 737
f 3081 3393 3392
f 3392 3384 3081
f 390 604 607
f 607 402 390
f 6356 6772 6784
f 6784 6367 6356
f 415 618 628
f 628 426 415
f 3818 4113 4116
f 4116 4115 3818
f 1488 1492 1502
f 1502 1500 1488
f 10744 10754 11356
f 11356 11350 10744
f 2055 2063 2395
f 2395 2388 2055
f 200 202 220
f 220 218 200
f 706 917 919
f 919 708 706
f 11671 11685 11686
f 11686 11672 11671
f 10836 11464 11465
f 11465 11468 10836
f 6121 6508 6511
f 6511 6124 6121
f 298 478 477
f 477 476 298
f 2411 2412 2424
f 2424 2682 2411
f 1430 1432 1440
f 1440 1438 1430
f 1213 1396 1404
f 1404 1403 1213
f 11160 11181 11182
f 11182 11161 11160
f 62 64 70
f 70 68 62
f 11953 11967 11968
f 11968 11954 11953
f 280 281 292
f 292 290 280
f 1216 1220 1418
f 1418 1408 1216
f 4834 5155 5154
f 5154 5151 4834
f 470 678 677
f 677 664 470
f 3199 3205 3206
f 3206 3200 3199
f 10 11 16
f 16 37 10
f 10998 10999 11011
f 11011 11010 10998
f 315 316 318
f 318 317 315
f 4912 4913 4923
f 4923 5236 4912
f 618 821 836
f 836 628 618
f 160 161 168
f 168 355 160
f 11392 11394 11414
f 11414 11412 11392
f 525 535 536
f 536 527 525
f 1938 1951 1952
f 1952 1939 1938
f 2901 3193 3201
f 3201 2909 2901
f 958 968 969
f 969 959 958
f 442 443 445
f 445 444 442
f 550 749 759
f 759 760 550
f 11767 11781 11783
f 11783 11782 11767
f 1242 1460 1459
f 1459 1458 1242
f 1980 2335 2337
f 2337 1990 1980
f 65 71 72
f 72 67 65
f 6567 6568 7025
f 7025 7009 6567
f 59 60 66
f 66 65 59
f 11468 11469 11471
f 11471 11470 11468
f 11170 11191 11192
f 11192 11171 11170
f 11650 11669 11670
f 11670 11652 11650
f 5194 5196 5522
f 5522 5521 5194
f 113 116 117
f 117 114 113
f 9627 9628 10239
f 10239 10238 9627
f 102 103 107
f 107 106 102
f 11041 11049 11050
f 11050 11042 11041
f 2020 2032 2033
f 2033 2021 2020
f 6889 6901 7361
f 7361 7350 6889
f 99 289 298
f 298 110 99
f 1706 2075 2076
f 2076 2077 1706
f 4973 5297 5308
f 5308 4982 4973
f 54 62 60
f 60 57 54
f 9036 9054 9651
f 9651 9634 9036
f 1480 1489 1492
f 1492 1488 1480
f 3131 3133 3135
f 3135 3132 3131
f 11715 11733 11734
f 11734 11716 11715
f 2060 2061 2394
f 2394 2393 2060
f 1211 1215 1219
f 1219 1217 1211
f 2082 2091 2090
f 2090 2083 2082
f 10102 10115 10735
f 10735 10721 10102
f 122 309 312
f 312 123 122
f 1206 1207 1386
f 1386 1385 1206
f 4562 4563 4869
f 4869 4868 4562
f 1931 1932 1943
f 1943 1944 1931
f 11531 11545 11546
f 11546 11547 11531
f 5466 5821 5806
f 5806 5468 5466
f 8488 8489 9030
f 9030 9029 8488
f 342 538 549
f 549 547 342
f 1995 2007 2008
f 2008 1996 1995
f 6218 6611 6613
f 6613 6220 6218
f 1068 1069 1197
f 1197 1196 1068
f 860 861 1027
f 1027 1026 860
f 6979 6989 7454
f 7454 7445 6979
f 11547 11975 11960
f 11960 11548 11547
f 2903 2910 2911
f 2911 2904 2903
f 76 143 144
f 144 129 76
f 287 463 461
f 461 462 287
f 4487 4794 4784
f 4784 4489 4487
f 9806 9807 9809
f 9809 9808 9806
f 1191 1367 1375
f 1375 1200 1191
f 545 547 562
f 562 560 545
f 180 181 196
f 196 367 180
f 2662 2928 2924
f 2924 2665 2662
f 1220 1224 1426
f 1426 1418 1220
f 1208 1209 1213
f 1213 1212 1208
f 99 291 290
f 290 289 99
f 453 456 455
f 455 454 453
f 121 122 126
f 126 125 121
f 145 146 152
f 152 151 145
f 1209 1395 1389
f 1389 1390 1209
f 4103 4104 4390
f 4390 4389 4103
f 180 367 350
f 350 354 180
f 4562 4868 4873
f 4873 4568 4562
f 9519 9520 10140
f 10140 10139 9519
f 11625 11635 11636
f 11636 11627 11625
f 1857 1858 1861
f 1861 1860 1857
f 176 346 345
f 345 361 176
f 10101 10102 10721
f 10721 10720 10101
f 1541 1544 1543
f 1543 1542 1541
f 392 586 585
f 585 584 392
f 1839 1840 1843
f 1843 1842 1839
f 7713 7715 8225
f 8225 8223 7713
f 5231 5557 5558
f 5558 5559 5231
f 11980 11993 11994
f 11994 11981 11980
f 11069 11628 11629
f 11629 11080 11069
f 6492 6493 6946
f 6946 6945 6492
f 18 19 52
f 52 50 18
f 476 477 688
f 688 686 476
f 2877 3159 3160
f 3160 3161 2877
f 323 332 333
f 333 324 323
f 304 305 309
f 309 308 304
f 3087 3390 3399
f 3399 3095 3087
f 10759 10760 10764
f 10764 10763 10759
f 3736 4025 4024
f 4024 4023 3736
f 4962 4963 5299
f 5299 4973 4962
f 10996 10997 10999
f 10999 10998 10996
f 4178 4179 4469
f 4469 4468 4178
f 325 326 329
f 329 328 325
f 137 320 327
f 327 141 137
f 10685 10703 10704
f 10704 10686 10685
f 49 50 52
f 52 51 49
f 4024 4302 4301
f 4301 4300 4024
f 2739 3003 3012
f 3012 2748 2739
f 155 156 158
f 158 157 155
f 4497 4800 4803
f 4803 4802 4497
f 1389 1395 1398
f 1398 1714 1389
f 630 848 849
f 849 837 630
f 5796 5812 6175
f 6175 6160 5796
f 2103 2435 2444
f 2444 2104 2103
f 5605 5615 5969
f 5969 5955 5605
f 121 124 123
f 123 122 121
f 810 825 995
f 995 984 810
f 42 86 87
f 87 88 42
f 696 911 914
f 914 700 696
f 6887 6899 6900
f 6900 6888 6887
f 9387 10006 10024
f 10024 9405 9387
f 4063 4335 4334
f 4334 4345 4063
f 3618 3624 3625
f 3625 3619 3618
f 1937 1938 2315
f 2315 2314 1937
f 2649 2655 2916
f 2916 2911 2649
f 2272 2283 2285
f 2285 2284 2272
f 4591 4608 4923
f 4923 4913 4591
f 1779 1780 1791
f 1791 1790 1779
f 10776 11399 11401
f 11401 10778 10776
f 11270 11806 11808
f 11808 11272 11270
f 919 920 922
f 922 921 919
f 8189 8701 8220
f 8220 8204 8189
f 247 267 268
f 268 248 247
f 95 280 290
f 290 291 95
f 105 284 285
f 285 286 105
f 1061 1062 1202
f 1202 1073 1061
f 901 903 1066
f 1066 1065 901
f 8042 8043 8536
f 8536 8535 8042
f 681 682 684
f 684 683 681
f 2305 2317 2318
f 2318 2306 2305
f 8610 8611 8613
f 8613 8612 8610
f 6031 6426 6429
f 6429 6032 6031
f 1154 1311 1310
f 1310 1323 1154
f 5175 5176 5509
f 5509 5508 5175
f 924 927 1090
f 1090 1089 924
f 236 238 262
f 262 260 236
f 1675 1683 2063
f 2063 2055 1675
f 234 236 260
f 260 258 234
f 11368 11381 11382
f 11382 11384 11368
f 7549 8055 8057
f 8057 7552 7549
f 10776 10787 10788
f 10788 10789 10776
f 3150 3447 3160
f 3160 3151 3150
f 8999 9592 9590
f 9590 9591 8999
f 2831 2832 2835
f 2835 2834 2831
f 4617 4922 4931
f 4931 4618 4617
f 1222 1226 1227
f 1227 1223 1222
f 227 228 254
f 254 253 227
f 4707 4719 5034
f 5034 5024 4707
f 2060 2393 2400
f 2400 2068 2060
f 1683 1684 2064
f 2064 2063 1683
f 213 214 228
f 228 227 213
f 8044 8539 8538
f 8538 8537 8044
f 202 204 222
f 222 220 202
f 245 249 252
f 252 248 245
f 22 23 27
f 27 26 22
f 6606 6607 7058
f 7058 7057 6606
f 245 246 250
f 250 249 245
f 241 244 243
f 243 242 241
f 1489 1490 1491
f 1491 1492 1489
f 5021 5339 5349
f 5349 5348 5021
f 222 224 238
f 238 236 222
f 11714 11732 11733
f 11733 11715 11714
f 3919 3921 3922
f 3922 3923 3919
f 9070 9679 9680
f 9680 9681 9070
f 1527 1531 1928
f 1928 1926 1527
f 1301 1314 1627
f 1627 1617 1301
f 11563 11576 11990
f 11990 11977 11563
f 11469 11488 11489
f 11489 11471 11469
f 2277 2287 2288
f 2288 2278 2277
f 11242 11767 11782
f 11782 11243 11242
f 4493 4788 4791
f 4791 4495 4493
f 3398 3399 3694
f 3694 3693 3398
f 1391 1392 1393
f 1393 1394 1391
f 11413 11867 11869
f 11869 11415 11413
f 2416 2417 2420
f 2420 2419 2416
f 216 218 232
f 232 230 216
f 11027 11028 11621
f 11621 11620 11027
f 7681 8174 8189
f 8189 7696 7681
f 206 208 226
f 226 224 206
f 11710 11729 11730
f 11730 11712 11710
f 305 306 311
f 311 310 305
f 8051 8547 8550
f 8550 8553 8051
f 5024 5034 5043
f 5043 5361 5024
f 6393 6828 6411
f 6411 6399 6393
f 461 669 668
f 668 656 461
f 2093 2096 2095
f 2095 2094 2093
f 3933 4213 4214
f 4214 3934 3933
f 1466 1841 1840
f 1840 1839 1466
f 2091 2422 2103
f 2103 2092 2091
f 10376 11020 11030
f 11030 10386 10376
f 2926 3213 3214
f 3214 3215 2926
f 6950 6951 7411
f 7411 7410 6950
f 4488 4499 4805
f 4805 4795 4488
f 59 65 119
f 119 116 59
f 191 195 198
f 198 194 191
f 8744 8745 8746
f 8746 8747 8744
f 177 189 190
f 190 178 177
f 1915 1918 1917
f 1917 1916 1915
f 11415 11869 11870
f 11870 11434 11415
f 4458 4459 4760
f 4760 4759 4458
f 6695 7139 7155
f 7155 6709 6695
f 179 182 181
f 181 180 179
f 9050 9647 9664
f 9664 9665 9050
f 900 1061 1073
f 1073 911 900
f 8036 8038 8532
f 8532 8531 8036
f 8906 9489 9503
f 9503 8907 8906
f 53 54 57
f 57 58 53
f 770 784 785
f 785 771 770
f 153 155 341
f 341 339 153
f 7896 7897 8392
f 8392 8391 7896
f 4800 5111 5121
f 5121 4803 4800
f 382 579 594
f 594 390 382
f 11148 11170 11171
f 11171 11149 11148
f 8593 8594 9175
f 9175 9174 8593
f 3489 3497 3800
f 3800 3792 3489
f 61 63 118
f 118 117 61
f 3131 3132 3428
f 3428 3427 3131
f 6171 6569 6571
f 6571 6173 6171
f 3 4 8
f 8 7 3
f 8788 9368 9388
f 9388 9389 8788
f 161 162 167
f 167 168 161
f 4951 5267 5278
f 5278 4952 4951
f 2081 2407 2408
f 2408 2409 2081
f 294 295 484
f 484 482 294
f 3816 3821 4118
f 4118 4112 3816
f 487 690 696
f 696 491 487
f 6937 6946 7406
f 7406 7398 6937
f 5021 5337 5338
f 5338 5339 5021
f 5313 5314 5648
f 5648 5647 5313
f 1685 2065 2071
f 2071 1691 1685
f 6574 7028 7031
f 7031 7030 6574
f 1983 2340 2341
f 2341 1993 1983
f 1494 1508 1506
f 1506 1503 1494
f 43 96 95
f 95 92 43
f 10 37 38
f 38 40 10
f 7607 8104 8106
f 8106 7609 7607
f 681 895 893
f 893 894 681
f 267 432 445
f 445 443 267
f 1533 1536 1535
f 1535 1534 1533
f 655 656 668
f 668 666 655
f 1226 1230 1231
f 1231 1227 1226
f 741 752 753
f 753 742 741
f 25 29 32
f 32 28 25
f 766 780 781
f 781 767 766
f 9777 9778 10393
f 10393 10392 9777
f 101 102 293
f 293 282 101
f 520 531 732
f 732 720 520
f 347 350 349
f 349 348 347
f 9545 10162 10164
f 10164 9547 9545
f 12 13 14
f 14 15 12
f 10166 10766 10770
f 10770 10784 10166
f 4265 4556 4564
f 4564 4273 4265
f 3753 3754 3755
f 3755 3756 3753
f 3102 3107 3406
f 3406 3404 3102
f 393 405 608
f 608 595 393
f 5645 5651 6007
f 6007 6000 5645
f 7372 7373 7374
f 7374 7375 7372
f 11661 11676 11677
f 11677 11662 11661
f 281 282 293
f 293 292 281
f 1497 1511 1512
f 1512 1498 1497
f 1477 1478 1479
f 1479 1480 1477
f 1 2 6
f 6 5 1
f 1544 1546 1554
f 1554 1552 1544
f 927 931 1093
f 1093 1090 927
